StudentID,Age,Gender,Semester,Department,Attendance,StudyHours,AssignmentScore,MidtermMarks,FinalExamMarks,SleepHours,InternetUsageHours,FamilyIncome,ParentEducation,Scholarship,Hostel,Extracurricular,PreviousCGPA,ProjectsCompleted,Backlogs,FinalGPA
STU100001,23,Male,6,DS,66,8.4,50,45,21,8.5,3.0,210151,School,No,Day Scholar,Yes,6.73,6,2,7.45
STU100002,22,Male,1,DS,87,2.9,54,51,-10,6.2,3.2,210742,None,Yes,Day Scholar,Yes,8.45,0,3,6.98
STU100003,22,Female,1,ME,53,1.7,88,63,56,5.5,6.8,151403,None,Yes,Day Scholar,No,7.68,6,0,6.98
STU100004,20,Male,4,ME,96,5.0,63,77,62,9.0,4.3,88188,Graduate,Yes,Hostel,Yes,6.64,1,2,8.1
STU100005,22,Male,1,CE,100,4.1,87,87,46,5.9,3.4,47537,None,No,Day Scholar,Yes,8.3,8,1,8.59
STU100006,21,Female,7,CE,73,4.3,74,22,36,4.2,6.5,263128,None,Yes,Hostel,No,9.47,8,3,7.5
STU100007,21,Male,4,IT,54,5.2,48,78,30,6.8,0.8,80877,Graduate,Yes,Day Scholar,Yes,8.01,8,3,7.49
STU100008,19,Male,2,ECE,78,9.4,59,69,53,5.1,5.6,20484,Postgraduate,No,Day Scholar,No,8.09,3,3,8.35
STU100009,21,Male,7,CE,86,3.1,37,44,83,8.4,6.0,57515,Postgraduate,Yes,Day Scholar,,6.09,0,2,7.52
STU100010,24,Male,1,DS,63,7.4,99,28,46,6.5,2.2,116676,Graduate,No,Hostel,No,8.65,4,0,8.79
STU100011,25,Male,4,EEE,71,9.1,42,96,38,8.6,1.0,27388,Graduate,No,Hostel,Yes,5.88,7,2,8.74
STU100012,19,Male,6,IT,56,6.5,94,24,59,7.3,3.7,211022,Postgraduate,No,Hostel,Yes,5.01,4,0,7.26
STU100013,19,Male,7,ECE,94,8.2,90,31,26,7.5,2.2,298917,None,Yes,Day Scholar,No,8.54,7,0,8.66
STU100014,21,Female,1,EEE,47,4.6,42,52,44,7.7,8.1,192770,Postgraduate,No,Day Scholar,Yes,6.26,5,2,5.87
STU100015,19,Male,4,CSE,75,7.2,94,69,52,8.6,7.4,84576,None,Yes,Hostel,No,8.95,2,4,8.37
STU100016,23,Female,6,DS,95,6.0,N/A,45,70,7.8,2.6,48938,School,No,Day Scholar,Yes,9.71,1,0,9.19
STU100017,21,Male,7,EEE,90,9.7,57,49,37,6.1,5.8,138172,School,No,Day Scholar,No,7.72,5,2,8.33
STU100018,21,Female,4,IT,60,2.4,71,94,44,5.6,3.9,143948,Graduate,Yes,Day Scholar,Yes,5.49,7,1,7.88
STU100019,23,Male,5,IT,52,0.5,59,29,67,6.6,2.0,151287,School,Yes,Day Scholar,Yes,5.18,5,1,5.46
STU100020,22,Male,4,DS,45,8.2,87,67,43,7.1,1.2,31497,None,No,Hostel,No,5.49,6,4,7.28
STU100021,19,Male,7,CE,62,4.1,71,59,73,8.8,3.2,202266,None,No,Hostel,No,8.09,6,3,7.95
STU100022,18,Female,3,EEE,52,8.2,86,93,66,6.3,1.9,22777,School,Yes,Day Scholar,Yes,7.75,5,4,8.71
STU100023,23,Female,3,ME,55,9.3,48,69,82,7.8,7.2,118463,Postgraduate,Yes,Hostel,No,6.51,6,0,9.42
STU100024,20,Male,7,ME,99,2.0,95,43,92,5.1,3.9,286524,Graduate,No,Day Scholar,Yes,5.72,3,0,9.18
STU100025,18,Female,2,EEE,83,4.6,74,73,59,6.9,4.1,207649,None,No,Hostel,Yes,5.02,7,3,7.75
STU100026,25,Male,8,EEE,51,0.7,80,75,66,4.5,4.3,282471,School,Yes,Hostel,Yes,9.43,5,4,6.92
STU100027,24,Male,1,DS,49,10.0,49,44,36,8.9,4.7,101565,Graduate,Yes,Day Scholar,No,5.76,4,3,6.34
STU100028,25,Male,5,ME,77,2.4,82,24,45,4.9,1.9,160855,Postgraduate,No,Hostel,,5.55,8,0,7.01
STU100029,25,Male,5,ME,85,8.6,82,53,68,9.0,5.4,203875,Postgraduate,Yes,Day Scholar,Yes,5.85,0,2,9.16
STU100030,22,Female,6,AI&ML,45,7.5,63,39,57,7.1,4.2,283790,Postgraduate,Yes,Hostel,No,6.09,0,0,6.3
STU100031,23,Female,2,ME,67,5.3,87,94,58,6.9,2.2,263985,Graduate,Yes,Hostel,Yes,8.4,7,0,8.75
STU100032,20,Female,7,DS,61,9.7,42,91,64,7.0,5.4,286362,None,Yes,Hostel,Yes,5.21,8,0,8.6
STU100033,21,Male,1,DS,,0.1,60,38,72,5.0,5.7,280786,None,Yes,Day Scholar,Yes,6.44,0,3,6.09
STU100034,24,Female,8,CSE,92,6.6,57,48,33,5.3,6.0,79627,Postgraduate,Y,Hostel,No,8.05,6,4,7.97
STU100035,21,Male,1,IT,61,9.0,60,40,61,5.0,3.8,140392,None,No,Day Scholar,Yes,9.12,6,1,8.34
STU100036,22,Male,7,ME,82,0.8,56,38,24,4.1,1.4,99835,Postgraduate,Yes,Hostel,Yes,5.2,0,0,5.5
STU100037,19,Female,4,DS,97,5.3,43,69,33,5.2,2.2,32752,School,Yes,Day Scholar,No,5.48,1,1,6.56
STU100038,23,Female,5,CSE,67,2.6,71,26,67,8.6,7.0,279103,None,No,Hostel,No,5.15,8,0,6.96
STU100039,18,Male,2,ME,97,2.9,90,20,87,5.0,7.0,43292,School,No,Day Scholar,Yes,7.36,2,3,8.08
STU100040,22,Male,5,DS,58,9.4,64,83,41,4.5,5.9,57405,None,Yes,Day Scholar,No,5.46,6,0,7.79
STU100041,18,Female,4,ECE,61,4.3,99,41,68,eight,5.9,256648,Graduate,Yes,Day Scholar,No,7.5,7,4,8.6
STU100042,25,Female,5,ME,59,1.3,94,50,84,5.0,3.1,96051,Graduate,Yes,Day Scholar,No,5.77,5,1,7.42
STU100043,19,Male,2,IT,69,1.5,53,58,58,6.2,2.2,71030,Postgraduate,Yes,Day Scholar,No,5.16,6,3,6.93
STU100044,22,Female,1,IT,61,6.0,86,20,51,8.5,4.2,235806,Graduate,Yes,Hostel,Yes,7.18,5,2,7.61
STU100045,19,Female,4,DS,70,7.1,55,52,74,6.4,0.7,229614,Graduate,No,Hostel,No,8.99,1,0,8.14
STU100046,21,Male,4,ME,67,1.0,93,89,46,7.6,4.9,208941,Postgraduate,No,Day Scholar,Yes,9.75,2,3,8.0
STU100047,19,Female,1,ECE,62,3.8,42,21,29,6.1,4.1,199614,Postgraduate,Yes,Hostel,No,8.56,8,1,6.72
STU100048,24,Female,4,IT,53,9.3,43,44,80,7.2,6.6,91684,Postgraduate,No,Day Scholar,No,8.65,2,3,7.8
STU100049,21,Female,7,CE,61,9.8,58,81,20,8.0,7.3,202683,Graduate,No,Day Scholar,No,7.33,1,2,6.87
STU100050,22,Female,1,CSE,97,5.6,76,37,87,8.2,5.9,22856,School,Yes,Hostel,No,6.2,1,4,7.91
STU100051,21,Male,8,ECE,95,1.5,86,88,41,7.0,6.3,62398,Postgraduate,Yes,Day Scholar,Yes,7.55,7,0,8.49
STU100052,22,Female,4,DS,53,4.7,42,81,79,8.5,6.5,144271,None,Yes,Hostel,Yes,9.04,7,4,8.35
STU100053,22,Female,6,EEE,71,10.0,44,43,66,7.2,0.7,39049,Postgraduate,Yes,Day Scholar,No,8.63,2,0,8.08
STU100054,24,Male,6,CSE,100,6.6,78,80,87,6.8,8.3,163976,None,No,Day Scholar,No,7.66,4,2,9.65
STU100055,25,Female,6,ME,62,8.7,79,46,83,8.0,3.3,181248,Postgraduate,Yes,Hostel,Yes,6.91,8,3,9.25
STU100056,18,Female,5,CSE,45,0.5,95,97,27,7.9,8.2,212155,Graduate,Yes,Hostel,Yes,8.2,7,1,6.75
STU100057,20,Male,7,DS,51,9.1,36,67,37,7.9,5.3,150267,Postgraduate,Yes,Day Scholar,Yes,6.53,6,4,7.24
STU100058,18,Female,1,DS,52,7.7,88,93,71,6.2,0.6,217974,Graduate,No,Day Scholar,Yes,5.4,7,1,9.87
STU100059,18,Female,1,CSE,88,6.7,46,47,35,4.6,0.7,142019,None,Yes,Hostel,No,8.72,2,0,7.01
STU100060,25,Female,5,CSE,90,0.3,42,21,99,4.4,3.1,102030,None,Yes,Day Scholar,No,9.55,7,3,7.93
STU100061,20,Male,6,CE,55,6.3,88,81,69,7.9,4.3,157596,Postgraduate,No,Day Scholar,Yes,7.98,5,4,9.25
STU100062,18,Male,5,ME,72,9.8,66,68,69,7.4,5.6,137868,None,No,Hostel,No,6.26,6,1,9.21
STU100063,18,Female,3,DS,100,9.9,53,55,90,7.4,8.3,196850,School,No,Day Scholar,Yes,8.78,3,2,9.89
STU100064,24,Female,4,ECE,82,7.5,84,78,89,4.4,7.4,47836,Graduate,No,Day Scholar,No,7.29,3,1,9.14
STU100065,19,Male,5,ECE,81,5.6,86,86,39,5.2,8.3,273614,Postgraduate,Yes,Day Scholar,No,8.78,2,2,8.33
STU100066,23,Female,1,CSE,47,2.0,97,95,92,5.1,8.4,161708,None,Yes,Day Scholar,Yes,6.22,0,2,7.78
STU100067,20,Female,2,CSE,48,0.3,82,78,82,8.7,8.2,48651,None,Yes,Hostel,No,6.53,3,0,8.51
STU100068,24,Male,8,DS,55,3.7,65,48,42,4.2,2.7,199555,School,Yes,Hostel,No,8.77,7,0,6.45
STU100069,23,Male,4,CE,92,3.0,91,33,80,5.6,2.7,80086,Postgraduate,No,Day Scholar,Yes,7.12,2,0,8.27
STU100070,21,Male,3,DS,59,0.8,82,37,77,8.8,8.4,216892,School,Yes,Day Scholar,No,6.55,3,3,6.47
STU100071,23,Male,6,IT,92,0.6,92,90,38,6.2,1.8,234290,None,Yes,Hostel,Yes,6.3,4,2,8.23
STU100072,22,Female,2,ECE,74,9.0,49,39,85,4.3,8.1,125707,None,No,Hostel,No,8.62,5,3,9.1
STU100073,21,Male,2,EEE,63,4.2,55,27,57,4.7,5.9,246792,Postgraduate,Yes,Day Scholar,Yes,8.79,8,2,6.51
STU100074,24,Male,7,IT,62,5.7,52,43,86,7.9,6.5,118133,School,Yes,Day Scholar,No,5.84,2,4,7.67
STU100075,21,Female,4,CSE,49,6.9,87,27,86,8.1,3.3,273482,School,Yes,Day Scholar,No,5.64,4,1,7.74
STU100076,23,Male,3,CE,68,5.7,35,65,86,8.7,8.7,52403,School,No,Hostel,No,8.74,6,4,8.75
STU100077,18,Female,2,CE,76,4.5,38,87,88,4.7,2.6,61444,Graduate,Yes,Hostel,Yes,6.5,8,0,8.07
STU100078,21,Female,1,DS,83,6.4,94,86,50,7.5,1.4,64233,Graduate,Yes,Day Scholar,Yes,7.23,8,2,8.88
STU100079,19,Female,3,ME,82,2.3,64,38,93,6.3,3.9,24703,None,No,Hostel,No,9.66,0,2,7.89
STU100080,21,Female,7,DS,81,8.0,76,71,91,4.3,4.9,200293,Graduate,No,Hostel,No,5.52,2,0,8.94
STU100081,21,Male,4,IT,71,9.7,93,25,25,4.2,6.0,154341,Postgraduate,Yes,Hostel,No,5.58,0,3,6.18
STU100082,18,Female,2,ECE,67,6.5,50,27,96,8.8,8.3,155724,School,No,Hostel,No,5.59,2,2,8.32
STU100083,22,Female,4,CE,50,7.4,71,78,98,7.5,2.4,217716,Graduate,No,Day Scholar,No,7.94,7,2,9.08
STU100084,23,Male,4,ME,79,3.8,85,21,65,4.8,8.6,184844,Postgraduate,No,Day Scholar,No,9.22,3,2,6.82
STU100085,18,Male,2,ME,100,3.5,42,86,69,8.2,3.5,72275,Graduate,Yes,Day Scholar,No,8.21,2,1,8.8
STU100086,22,Male,8,ECE,95,6.3,51,72,33,4.0,7.0,76576,None,No,Hostel,No,9.08,4,4,7.65
STU100087,24,Female,8,ECE,91,3.5,80,70,87,6.8,3.8,183817,School,No,Day Scholar,No,6.44,8,2,9.74
STU100088,24,Female,4,CSE,97,9.2,76,97,51,8.8,2.2,238581,School,Yes,Hostel,No,7.71,7,2,10
STU100089,22,Female,7,EEE,74,3.6,79,77,21,7.4,5.0,66886,None,No,Day Scholar,Yes,9.22,6,3,7.42
STU100090,23,Male,3,ECE,65,3.7,44,59,85,4.9,6.1,169623,Postgraduate,No,Hostel,No,8.92,3,4,8.16
STU100091,24,Male,1,CE,81,6.0,80,92,100,7.2,0.9,230701,School,Yes,Day Scholar,Yes,9.4,6,0,10
STU100092,18,Male,3,EEE,94,5.5,69,88,85,9.0,5.4,230535,School,Yes,Hostel,Yes,5.14,1,1,9.9
STU100093,25,Female,7,DS,96,0.6,36,94,61,4.7,2.5,159413,Graduate,Yes,Day Scholar,Yes,9.12,1,2,7.18
STU100094,24,Male,1,IT,70,5.8,40,76,26,7.1,2.6,38057,Graduate,Yes,Day Scholar,Yes,9.31,7,2,7.36
STU100095,22,Female,2,IT,88,3.9,63,72,59,6.0,6.6,26757,Graduate,Y,Hostel,Yes,6.72,2,0,8.54
STU100096,24,Female,2,ECE,79,8.7,77,71,28,8.8,4.1,199154,Graduate,No,Hostel,No,6.36,3,3,7.33
STU100097,18,Female,3,IT,90,1.3,60,54,89,8.2,1.6,247421,None,Yes,Hostel,No,6.69,6,3,8.54
STU100098,21,Female,8,ME,58,2.3,92,36,53,7.0,4.2,207935,Graduate,No,Hostel,Yes,9.19,1,4,6.38
STU100099,22,Female,1,CE,90,5.7,74,21,69,7.6,,136406,Postgraduate,Yes,Hostel,Yes,7.7,5,4,8.35
STU100100,19,Female,2,IT,63,1.3,86,56,65,6.0,8.2,84294,Postgraduate,Yes,Hostel,No,8.26,5,3,6.77
STU100101,25,Male,7,ECE,85,1.0,72,34,54,8.6,6.7,36208,None,Yes,Hostel,No,5.95,4,1,6.67
STU100102,18,Female,3,ME,98,2.3,98,86,52,8.6,6.2,197997,School,Yes,Day Scholar,Yes,9.2,0,1,9.17
STU100103,18,Female,4,DS,67,7.5,46,73,70,9.0,5.7,130763,Postgraduate,Yes,Day Scholar,No,7.12,5,?,8.71
STU100104,18,Male,7,CE,77,8.5,51,82,44,4.2,6.5,151942,Graduate,Yes,Hostel,No,6.2,0,1,7.29
STU100105,24,Male,4,CE,64,1.4,97,81,50,7.5,0.5,248324,Graduate,No,Day Scholar,Yes,9.25,2,4,8.12
STU100106,23,Male,7,DS,55,6.8,54,96,79,8.2,4.0,123173,School,No,Hostel,No,7.34,0,0,9.37
STU100107,22,Male,2,CE,64,4.5,49,40,61,6.2,5.3,166784,Graduate,Yes,Hostel,Yes,7.25,7,0,7.61
STU100108,23,Female,2,CE,76,9.6,97,44,89,5.6,3.6,62693,Postgraduate,No,Hostel,Yes,5.67,0,0,9.65
STU100109,20,Female,6,IT,85,5.3,56,33,59,7.7,3.3,111753,Postgraduate,No,Hostel,No,5.65,5,2,6.98
STU100110,18,Male,7,CSE,58,4.9,98,40,58,7.0,5.8,89390,Graduate,Yes,Hostel,No,8.06,6,0,8.82
STU100111,25,Female,4,IT,91,3.7,39,98,85,6.1,2.9,43992,None,No,Hostel,No,5.04,2,1,8.24
STU100112,18,Female,6,ME,57,4.7,76,86,78,6.1,5.0,95931,None,Yes,Hostel,No,7.92,4,4,8.65
STU100113,23,Female,3,ECE,100,3.4,38,44,48,7.4,4.3,59672,Graduate,No,Day Scholar,No,7.54,7,3,6.87
STU100114,21,Male,4,ME,92,1.1,67,32,44,6.7,2.6,271522,Graduate,No,Hostel,Yes,8.53,1,3,6.88
STU100115,25,Male,2,CE,91,5.2,93,70,89,4.9,8.7,264093,School,Yes,Day Scholar,Yes,6.94,0,2,8.35
STU100116,21,Female,5,CSE,90,1.4,46,99,45,6.8,8.3,200944,Graduate,No,Day Scholar,Yes,8.96,1,1,7.33
STU100117,23,Female,1,DS,83,3.5,80,90,61,8.0,1.5,142113,Postgraduate,No,Hostel,No,5.1,7,0,12
STU100118,19,Male,5,IT,54,5.5,72,68,38,6.9,2.6,155883,None,Yes,Hostel,No,9.77,7,4,7.79
STU100119,18,Male,2,IT,84,8.2,85,80,40,7.5,4.3,135171,School,No,Day Scholar,Yes,6.49,2,4,8.58
STU100120,21,Male,6,CE,74,3.3,94,69,65,5.6,3.4,268460,Postgraduate,Yes,Hostel,Yes,7.21,0,1,8.44
STU100121,20,Female,7,ECE,49,5.0,68,65,92,6.9,5.5,87925,School,Yes,Hostel,No,8.04,1,2,8.73
STU100122,21,Male,2,ECE,93,3.4,81,85,51,5.8,5.2,227841,Postgraduate,Yes,Day Scholar,No,9.24,7,4,8.53
STU100123,21,Male,6,IT,53,2.1,93,71,77,6.0,7.1,103562,School,Yes,Day Scholar,No,6.21,8,2,7.51
STU100124,21,Male,3,ECE,82,3.5,94,65,74,7.6,8.3,269025,Postgraduate,Yes,Day Scholar,No,7.62,2,2,8.23
STU100125,18,Male,1,EEE,73,2.0,71,84,32,5.0,6.7,82640,School,Yes,Hostel,No,8.45,0,1,6.53
STU100126,18,Female,1,IT,65,3.3,38,82,71,7.0,7.3,106490,School,No,Hostel,Yes,11.5,5,3,8.38
STU100127,22,Female,1,CSE,65,5.6,75,27,73,7.1,6.7,187577,Graduate,Yes,Hostel,Yes,6.01,8,0,7.7
STU100128,23,Female,6,ME,88,5.9,54,97,93,5.7,6.8,150177,None,Yes,Day Scholar,No,7.68,5,4,9.49
STU100129,22,Male,5,CSE,80,4.8,81,39,100,5.1,6.9,62139,School,Yes,Hostel,Yes,7.61,3,4,8.94
STU100130,22,Female,3,IT,100,7.4,55,87,23,5.8,6.5,246503,None,Yes,Day Scholar,No,7.21,5,0,7.5
STU100131,18,Male,7,CE,100,3.5,64,92,68,6.0,8.3,132483,School,No,Hostel,No,8.4,3,1,8.63
,23,Female,5,ECE,76,2.2,55,81,54,8.8,1.7,172330,Postgraduate,Yes,Day Scholar,Yes,7.33,3,1,7.51
STU100133,25,Male,1,DS,58,8.5,81,25,76,4.9,7.8,171029,School,Yes,Hostel,Yes,5.64,4,1,7.75
STU100134,23,Male,3,EEE,88,4.0,88,63,70,8.4,8.8,32256,Graduate,Yes,Hostel,Yes,5.65,3,4,8.1
STU100135,19,Male,1,ECE,49,8.8,50,82,37,6.6,0.5,132394,Graduate,Yes,Day Scholar,No,9.59,1,2,8.5
STU100136,21,Male,5,CE,56,0.2,69,28,25,5.0,0.9,205112,Postgraduate,Yes,Day Scholar,Yes,8.13,8,2,5.76
STU100137,24,Female,7,EEE,65,5.4,84,39,69,7.8,8.0,90000,School,Yes,Day Scholar,No,9.76,3,0,7.82
STU100138,18,Male,7,CE,80,3.2,91,90,60,6.3,5.4,263234,None,No,Day Scholar,Yes,11.5,6,2,9.35
STU100139,22,Female,2,CE,96,5.4,63,98,53,5.3,7.6,197335,None,Yes,Hostel,Yes,9.45,8,2,9.22
STU100140,20,Female,4,CE,56,1.5,93,42,25,5.6,3.6,239427,School,No,Hostel,No,6.8,5,2,6.35
STU100141,22,Female,2,ECE,70,2.9,92,34,77,7.2,6.7,106495,Graduate,Yes,Hostel,No,7.35,3,4,7.49
STU100142,23,Female,5,CSE,80,2.0,68,27,95,4.9,6.6,158967,Postgraduate,No,Hostel,No,9.0,1,4,7.76
STU100143,19,Male,3,EEE,95,2.9,82,25,76,5.9,0.9,169794,None,No,Day Scholar,No,6.15,2,4,7.14
STU100144,23,Male,4,ECE,100,0.7,92,68,70,6.6,4.7,28416,School,No,Day Scholar,No,6.99,7,?,9.33
STU100145,24,Female,3,ME,93,8.2,64,45,71,6.7,8.4,169130,Postgraduate,No,Day Scholar,Yes,5.43,1,4,8.39
STU100146,19,Female,2,DS,93,2.2,93,27,45,7.6,4.6,43719,None,Yes,Day Scholar,Yes,9.19,2,2,7.25
STU100147,18,Male,5,ME,61,0.9,84,52,58,6.8,4.8,235316,School,No,Day Scholar,Yes,9.16,6,4,7.05
STU100148,21,Male,1,IT,79,6.5,94,82,94,4.7,8.4,194178,Graduate,No,Hostel,No,5.04,1,3,9.72
STU100149,23,Male,5,IT,95,4.4,N/A,46,95,7.1,4.0,248245,Graduate,Yes,Hostel,Yes,7.08,1,0,8.17
STU100150,25,Male,1,CE,80,7.4,56,83,48,7.4,6.2,169608,Graduate,Yes,Hostel,Yes,7.48,7,0,8.25
STU100151,19,Male,7,IT,87,8.3,91,74,39,8.3,8.4,84936,School,Yes,Day Scholar,No,8.64,5,4,9.26
STU100152,22,Female,6,ME,98,2.1,64,70,24,5.6,1.8,167599,Graduate,Yes,Hostel,No,11.5,2,3,6.28
STU100153,19,Male,6,CSE,87,9.2,44,57,82,5.7,6.9,275335,School,Yes,Day Scholar,No,9.15,8,0,9.07
STU100154,25,Female,4,ME,64,0.3,47,20,64,eight,1.8,172299,School,Yes,Day Scholar,No,7.16,3,2,6.16
STU100155,19,Female,2,CE,80,4.5,49,40,96,eight,0.8,35767,School,No,Hostel,No,7.77,5,0,8.4
STU100156,23,Male,2,ECE,45,8.4,96,58,39,5.3,1.4,140157,School,Yes,Day Scholar,No,7.57,1,2,7.61
STU100157,20,Male,5,ECE,57,2.8,61,36,50,7.6,5.0,140643,School,Yes,Hostel,Yes,7.34,3,1,5.88
STU100158,20,Male,5,CSE,72,3.9,49,57,92,8.5,1.2,129097,Graduate,Yes,Hostel,Yes,5.35,5,0,7.68
STU100159,20,Female,6,CSE,96,7.6,58,21,60,8.7,4.0,228440,School,Yes,Hostel,Yes,8.52,2,1,8.61
STU100160,20,Male,4,IT,88,3.3,43,20,81,4.2,5.0,188015,School,Yes,Hostel,,9.06,6,0,7.83
STU100161,20,Female,8,IT,61,8.3,73,26,79,8.2,7.3,101363,None,No,Day Scholar,Yes,5.33,4,1,7.61
STU100162,25,Male,8,ME,88,8.9,41,70,70,8.0,6.3,194646,None,No,Hostel,Yes,8.13,5,4,9.47
STU100163,24,Female,1,ECE,76,6.0,49,80,73,6.1,3.0,91457,Postgraduate,Yes,Hostel,No,6.89,7,4,7.81
STU100164,23,Male,5,IT,89,8.9,87,88,50,4.6,6.3,36769,None,Yes,Day Scholar,No,6.6,2,2,8.41
STU100165,23,Female,5,EEE,65,9.6,99,97,44,8.3,8.7,219963,School,Yes,Hostel,Yes,9.54,7,4,10
STU100166,22,Female,2,ME,92,8.6,100,68,37,8.6,8.1,233118,School,No,Day Scholar,No,9.6,5,2,9.65
STU100167,24,Male,8,EEE,68,6.9,37,27,35,6.8,4.3,283689,Graduate,No,Hostel,No,7.32,0,2,5.48
STU100168,18,Female,3,CE,82,6.4,70,100,50,5.5,5.1,235569,None,Yes,Day Scholar,No,9.62,5,2,8.84
STU100169,25,Male,6,IT,57,5.2,42,40,59,7.7,2.0,178563,School,No,Day Scholar,No,9.62,2,2,6.91
STU100170,25,Male,6,EEE,70,1.1,68,66,70,5.6,7.2,262755,Postgraduate,Yes,Hostel,No,7.41,6,1,8.03
STU100171,23,Male,3,ECE,93,5.4,87,29,55,6.0,6.6,222376,Postgraduate,Yes,Day Scholar,No,8.7,0,4,8.1
STU100172,22,Female,6,ECE,60,8.9,47,97,72,8.2,6.6,175928,Graduate,Yes,Hostel,No,6.89,5,3,8.75
STU100173,23,Female,3,CE,100,1.4,87,56,37,5.1,6.3,231638,School,Yes,Hostel,No,6.94,4,1,6.74
STU100174,21,Male,5,CSE,92,9.7,83,56,36,7.2,7.9,216500,Postgraduate,Yes,Day Scholar,Yes,9.34,4,0,8.75
STU100175,19,Female,1,CE,78,0.7,76,47,20,6.3,7.0,249289,Postgraduate,Yes,Day Scholar,Yes,5.19,7,0,5.97
STU100176,22,Female,6,ME,81,2.3,61,56,93,6.7,0.8,105721,School,No,Day Scholar,No,11.5,4,0,8.37
STU100177,24,Female,4,CE,100,8.8,42,67,88,5.6,8.9,52424,None,Yes,Day Scholar,No,9.65,7,1,9.61
STU100178,21,Male,7,IT,63,7.6,44,86,22,6.2,2.2,118144,Postgraduate,Yes,Day Scholar,Yes,9.42,0,0,7.17
STU100179,24,Male,5,ME,67,6.3,75,65,59,4.5,6.8,201258,None,Yes,Day Scholar,Yes,6.65,2,2,8.06
STU100180,25,Female,2,ECE,95,3.2,51,33,87,6.8,4.8,124727,Postgraduate,No,Hostel,Yes,8.41,8,3,8.73
STU100181,24,Male,7,IT,53,0.1,62,94,88,5.9,0.6,60112,None,Yes,Hostel,Yes,9.12,5,4,8.38
STU100182,25,Female,4,CSE,60,2.0,80,68,33,4.5,8.0,119807,None,No,Day Scholar,Yes,7.74,0,3,5.69
STU100183,21,Female,8,ME,54,1.2,98,96,68,4.3,2.5,134914,School,No,Hostel,Yes,6.16,3,0,7.41
STU100184,18,Female,4,IT,94,6.7,87,53,25,4.8,0.7,69429,School,Yes,Hostel,Yes,7.96,5,0,8.12
STU100185,24,Male,2,DS,,5.6,45,84,91,7.1,5.6,296802,School,Yes,Day Scholar,No,6.91,0,4,8.22
STU100186,20,Female,4,CSE,90,6.5,61,74,34,7.1,1.2,287456,Postgraduate,Yes,Hostel,Yes,9.08,1,0,8.05
STU100187,22,Female,5,IT,76,6.1,77,44,20,4.4,0.9,127135,None,No,Day Scholar,Yes,9.4,1,0,7.59
STU100188,18,Male,7,DS,48,1.8,72,76,52,7.5,2.6,172567,Postgraduate,Yes,Day Scholar,No,5.45,7,1,7.89
STU100189,25,Female,5,DS,60,0.1,37,63,49,6.7,3.5,187337,School,Yes,Day Scholar,Yes,7.55,1,0,6.53
STU100190,23,Female,6,ECE,49,5.4,93,150,47,6.7,6.0,297280,Graduate,No,Hostel,Yes,6.05,0,2,6.61
STU100191,20,Female,3,CE,92,2.8,85,51,63,5.3,0.7,124689,Postgraduate,Yes,Hostel,Yes,8.34,4,0,7.8
STU100192,19,Male,2,ECE,49,1.4,49,83,85,7.4,2.8,250945,Graduate,Yes,Day Scholar,No,6.89,2,3,8.18
STU100193,19,Female,6,ECE,98,2.1,84,48,33,8.3,7.3,190921,Postgraduate,Yes,Hostel,Yes,9.34,2,4,7.02
STU100194,22,Male,1,IT,75,1.0,42,69,52,7.3,5.3,132051,School,Yes,Day Scholar,Yes,6.29,2,2,6.27
STU100195,20,Male,6,DS,92,2.5,81,41,86,7.3,7.9,101939,Postgraduate,No,Hostel,Yes,8.11,3,3,8.86
STU100196,21,Female,5,DS,45,0.5,83,67,50,5.4,4.5,270552,School,Yes,Day Scholar,No,5.45,1,3,6.03
STU100197,20,Male,7,EEE,48,1.2,43,54,66,6.2,2.5,192496,School,Yes,Hostel,No,8.57,6,0,6.3
STU100198,24,Male,4,ME,55,5.1,75,47,32,4.4,2.8,256662,Graduate,Yes,Day Scholar,No,5.47,4,2,5.64
STU100199,25,Female,5,IT,77,0.1,100,23,80,7.4,0.8,137729,None,Yes,Day Scholar,Yes,6.86,5,0,8.48
STU100200,23,Male,4,CSE,83,4.6,45,77,47,8.3,2.9,88654,Graduate,No,Day Scholar,Yes,9.51,6,0,8.66
STU100201,18,Female,8,IT,49,4.8,100,82,47,7.1,2.3,261646,Graduate,No,Day Scholar,No,6.09,5,0,8.05
STU100202,23,Female,1,ME,68,7.7,65,20,39,7.0,2.7,253110,None,No,Hostel,No,6.15,1,2,7.25
STU100203,20,Male,3,ME,65,8.9,42,41,49,6.1,1.2,252197,None,No,Hostel,Yes,9.59,4,3,7.05
STU100204,24,Male,1,ECE,49,2.9,57,37,73,4.4,,172431,School,No,Hostel,No,8.16,5,4,7.41
STU100205,24,Male,5,ME,69,1.8,67,50,72,5.8,5.0,53495,School,No,Hostel,No,8.84,0,3,7.18
STU100206,20,Female,6,DS,59,9.8,46,46,89,6.0,8.7,136895,Postgraduate,No,Day Scholar,No,8.68,2,1,8.7
STU100207,22,Male,1,ME,53,8.8,88,29,80,6.9,8.5,299648,Postgraduate,No,Day Scholar,No,5.84,7,0,8.75
STU100208,20,Female,6,CSE,85,7.7,61,51,95,8.8,2.2,172730,Postgraduate,Yes,Hostel,No,9.08,0,1,10
STU100209,24,Female,1,CSE,96,0.0,57,30,51,4.0,2.5,154006,Graduate,Yes,hostel,Yes,5.4,1,1,5.36
STU100210,19,Female,6,ECE,71,7.5,68,62,27,8.6,2.7,154228,School,Yes,Hostel,No,5.63,5,2,7.44
STU100211,20,Male,1,DS,54,8.4,89,69,57,7.6,2.5,52830,None,Yes,Hostel,Yes,5.92,7,3,9.07
STU100212,21,Male,8,ME,72,1.4,59,94,47,4.5,5.9,141312,Postgraduate,No,Day Scholar,Yes,5.15,0,1,6.58
STU100213,21,Female,4,IT,58,9.9,68,36,40,4.3,4.4,192674,Postgraduate,No,Day Scholar,No,5.27,5,0,6.81
STU100214,23,Male,3,IT,85,8.8,94,23,45,5.6,7.2,288308,Postgraduate,No,Day Scholar,Yes,5.51,1,4,7.11
STU100215,25,Male,5,DS,87,5.1,92,60,81,8.7,4.1,209862,None,No,Hostel,Yes,8.69,1,2,8.85
STU100216,20,Male,8,CE,84,0.4,43,63,75,6.6,1.7,64304,School,Yes,Day Scholar,Yes,7.54,1,2,6.78
STU100217,24,Male,4,IT,69,7.6,89,63,66,4.6,2.6,76331,School,No,Day Scholar,No,6.09,2,4,8.69
STU100218,25,Female,4,CE,95,1.3,59,82,33,8.3,4.9,144983,School,No,Day Scholar,Yes,9.69,5,2,7.31
STU100219,23,Male,7,CSE,97,0.0,64,93,64,4.1,7.0,35635,School,No,Hostel,No,8.93,4,2,7.8
STU100220,23,Female,7,ECE,52,9.4,36,72,92,7.8,2.6,42376,Graduate,Yes,Day Scholar,No,7.42,5,3,8.84
STU100221,22,Male,4,ME,90,3.4,42,64,42,8.2,8.0,87922,School,No,Day Scholar,No,8.76,3,2,7.02
STU100222,19,Male,2,AI&ML,46,9.0,38,49,67,4.4,1.1,42546,Graduate,No,Day Scholar,No,8.85,6,2,8.02
STU100223,25,Female,6,CE,98,3.1,80,93,33,7.0,9.0,286861,School,No,Day Scholar,No,5.06,3,1,7.19
STU100224,23,Male,1,EEE,82,5.7,38,36,74,9.0,2.1,167564,Postgraduate,Yes,Hostel,Yes,6.05,6,1,7.71
STU100225,19,Female,4,ECE,64,9.9,100,43,82,6.7,4.8,90106,None,Yes,Hostel,Yes,9.37,8,0,10
STU100226,23,Male,1,IT,77,0.2,99,47,85,6.3,1.8,126872,Graduate,Yes,Day Scholar,Yes,7.03,-1,4,7.74
STU100227,21,Female,1,CSE,94,0.1,78,41,50,6.7,2.5,106990,Graduate,Yes,Hostel,Yes,8.6,3,2,7.74
STU100228,24,Male,8,CSE,73,8.7,43,91,73,4.7,4.4,128480,Postgraduate,No,Hostel,Yes,6.09,6,2,8.9
STU100229,22,Female,3,CE,58,4.5,53,44,95,5.6,4.8,111258,None,No,Day Scholar,No,7.27,4,3,12
STU100230,20,Male,4,CSE,67,7.0,43,71,32,5.8,4.1,199544,None,Yes,Day Scholar,Yes,11.5,7,2,6.91
STU100231,24,Female,3,ME,86,6.6,35,38,100,5.8,7.7,186243,Graduate,No,Hostel,No,8.12,4,0,8.04
STU100232,18,Female,8,EEE,76,2.7,37,64,90,6.7,8.4,265040,School,No,Day Scholar,No,7.93,4,0,7.82
STU100233,24,Male,6,DS,85,5.4,70,62,56,8.1,1.9,212792,School,Yes,Hostel,Yes,5.29,2,1,7.69
STU100234,21,Male,7,ECE,52,7.3,48,38,90,6.8,8.8,92890,None,Yes,Hostel,No,9.12,6,3,7.58
STU100235,20,Male,5,CSE,50,0.6,50,24,22,5.6,6.4,103324,School,No,Hostel,Yes,5.87,5,1,4.28
STU100236,24,Female,7,EEE,61,4.5,96,23,42,4.8,8.1,199033,School,No,Hostel,No,7.63,0,3,6.24
STU100237,18,Female,7,ME,54,8.6,53,83,42,7.4,1.8,17412,School,No,Day Scholar,Yes,7.74,6,2,8.84
STU100238,20,Female,7,IT,62,-3,62,98,20,9.0,6.3,181866,Postgraduate,No,Hostel,No,9.57,1,3,8.84
STU100239,20,Female,2,ME,71,9.1,99,74,20,4.4,7.1,68950,None,No,Hostel,No,7.12,4,0,8.4
STU100240,23,Male,1,EEE,98,7.2,62,28,53,5.4,3.6,281292,None,No,Day Scholar,No,6.93,7,0,7.39
STU100241,20,Female,1,ME,100,5.4,51,65,68,8.3,2.7,280490,School,No,Day Scholar,Yes,5.42,0,1,8.08
STU100242,25,Male,5,ECE,98,9.3,58,37,35,7.2,7.6,151460,Postgraduate,Yes,Hostel,Yes,7.27,3,2,7.28
STU100243,18,Male,3,ME,64,9.7,43,100,69,6.7,7.8,247544,Graduate,Yes,Day Scholar,No,8.87,0,3,8.4
STU100244,25,Female,4,ECE,55,5.2,50,90,60,6.0,1.9,86878,None,No,Day Scholar,No,7.7,1,4,7.55
STU100245,23,Male,6,CSE,68,3.8,49,37,83,6.9,8.7,216870,Graduate,No,Hostel,No,5.98,1,2,6.84
STU100246,23,Female,8,CE,57,5.4,57,66,44,7.0,3.1,143039,School,No,Hostel,Yes,7.66,3,4,7.07
STU100247,19,Male,2,CE,63,9.3,59,94,20,5.3,8.8,60901,Postgraduate,No,Hostel,No,6.68,8,1,7.05
STU100248,21,Male,4,CSE,58,9.3,69,94,85,8.8,6.2,216406,None,Yes,Hostel,No,5.53,4,4,8.83
STU100249,23,Male,1,CSE,72,6.2,84,40,67,7.6,5.2,203219,Postgraduate,No,Hostel,Yes,5.76,2,0,8.12
STU100250,19,Male,5,ME,81,5.7,98,72,79,6.7,0.6,45457,Graduate,No,Hostel,Yes,9.44,0,1,10
STU100251,23,Male,2,DS,75,5.9,89,62,80,7.8,2.4,40663,None,Yes,Hostel,Yes,5.95,4,0,9.54
STU100252,19,Female,2,EEE,93,3.1,100,77,51,7.4,2.0,241467,Postgraduate,Yes,Day Scholar,Yes,7.82,7,0,9.91
STU100253,20,Male,5,ME,47,3.4,48,86,44,6.6,1.9,124824,None,No,Day Scholar,Yes,6.15,7,0,7.39
STU100254,24,Male,4,EEE,50,5.4,71,66,62,5.2,6.1,188108,Graduate,Yes,Day Scholar,No,8.3,6,0,7.52
STU100255,19,Male,4,ECE,85,1.0,99,82,52,5.0,6.2,274842,None,No,Hostel,No,5.61,1,3,7.33
STU100256,18,Male,1,DS,90,7.9,44,34,61,5.2,2.4,155641,Postgraduate,Yes,Day Scholar,No,8.42,4,?,8.69
STU100257,20,Male,3,CSE,79,7.3,65,39,53,7.6,1.5,214537,School,Yes,Hostel,Yes,5.2,5,0,8.36
STU100258,23,Female,4,ECE,78,2.0,78,36,67,5.8,5.3,131677,Postgraduate,Yes,Hostel,No,7.06,2,0,7.33
STU100259,22,Male,8,DS,68,5.2,66,85,89,5.9,3.0,225778,School,No,Day Scholar,No,8.51,3,3,9.61
STU100260,22,Female,6,CSE,93,3.6,61,49,75,7.3,6.2,207124,School,No,Hostel,No,6.73,0,3,8.32
STU100261,22,Male,6,ECE,75,1.1,58,82,33,5.8,2.8,270434,School,Yes,Day Scholar,No,9.16,7,2,7.16
STU100262,23,Male,3,CE,55,3.5,42,51,62,4.2,2.0,43258,None,No,Hostel,Yes,8.71,5,4,6.21
STU100263,22,Female,7,ME,61,9.9,85,69,43,5.9,0.6,209912,School,No,Day Scholar,Yes,8.26,3,1,8.02
STU100264,21,Female,2,IT,90,8.6,65,49,80,6.9,5.4,183821,School,Yes,Day Scholar,Yes,7.45,1,1,8.53
STU100265,22,Female,6,CSE,59,1.2,86,50,74,5.2,5.5,212765,School,No,Day Scholar,No,8.73,7,3,8.46
STU100266,18,Female,8,IT,83,6.2,95,90,69,4.8,8.6,151308,None,Yes,Day Scholar,No,9.18,0,0,8.8
STU100267,19,Male,6,CSE,72,4.1,93,57,64,6.6,8.8,103723,School,No,Hostel,No,6.39,8,1,7.88
STU100268,24,Female,6,ME,84,5.6,70,56,30,7.1,6.6,74973,Postgraduate,No,Hostel,No,8.24,1,2,6.74
STU100269,18,Female,4,EEE,45,1.6,60,88,77,5.8,2.7,105339,None,Yes,Day Scholar,Yes,5.14,3,2,7.48
STU100270,18,Female,8,DS,57,5.4,43,42,43,5.3,6.0,86387,Graduate,No,Day Scholar,Yes,8.44,1,1,5.95
STU100271,22,Male,4,CE,73,7.4,75,92,36,7.8,3.6,250129,Graduate,Yes,Hostel,Yes,7.94,0,4,8.77
STU100272,20,Female,2,IT,97,9.5,37,22,99,8.5,4.2,252984,Graduate,Yes,Hostel,No,9.31,5,4,8.62
STU100273,23,Female,2,CSE,46,6.2,50,26,40,7.5,6.2,172656,School,Yes,Day Scholar,No,7.65,0,0,6.37
STU100274,21,Female,2,CE,80,4.8,53,68,89,6.3,7.2,254041,Graduate,Yes,Day Scholar,No,8.58,8,1,8.56
STU100275,22,Female,1,IT,51,2.2,82,79,85,5.7,4.6,202139,None,Yes,Hostel,No,7.38,6,1,8.49
STU100276,20,Female,3,EEE,77,2.1,60,51,65,6.9,8.2,153247,Postgraduate,No,Hostel,No,6.35,3,2,6.88
STU100277,18,Female,5,DS,98,1.4,51,41,57,7.4,1.3,243252,None,No,Day Scholar,Yes,9.07,2,3,6.8
STU100278,20,Female,4,CE,100,4.3,70,39,32,4.9,5.4,114590,Graduate,No,Hostel,No,8.1,7,0,6.76
STU100279,21,Female,1,DS,86,5.7,90,47,59,7.2,5.6,105153,Postgraduate,No,Hostel,No,8.87,2,2,7.99
STU100280,19,Male,1,IT,60,2.1,67,52,31,5.3,2.1,15095,Postgraduate,No,Hostel,No,6.16,6,0,6.66
STU100281,18,Male,6,CE,51,4.5,97,22,48,5.0,0.8,218536,None,No,Hostel,No,7.01,8,3,7.33
STU100282,25,Female,3,DS,71,9.1,87,47,26,6.8,4.4,143508,School,Yes,Day Scholar,No,9.7,0,2,8.01
STU100283,20,Male,8,DS,53,-3,90,46,38,7.2,6.1,170337,School,No,Day Scholar,No,7.5,3,2,7.0
STU100284,19,Female,1,DS,63,3.1,55,34,31,7.7,1.1,171764,School,No,Hostel,No,8.06,6,0,5.98
STU100285,25,Female,8,EEE,69,1.1,64,68,45,5.6,6.0,213553,None,No,Hostel,Yes,8.13,4,1,6.4
STU100286,24,Female,6,IT,83,5.2,89,39,54,8.5,2.5,23734,None,Yes,Hostel,No,8.18,4,4,8.09
STU100287,19,Male,2,EEE,64,5.1,37,68,66,4.6,4.5,23285,School,Yes,Hostel,Yes,8.91,8,1,8.08
STU100288,19,Male,5,DS,71,4.4,65,60,26,6.8,8.8,299758,None,No,Hostel,Yes,5.48,1,4,6.25
STU100289,22,Female,5,IT,81,4.4,71,78,94,5.6,5.2,281938,School,Yes,Day Scholar,No,6.1,1,2,8.72
STU100290,22,Female,6,IT,71,9.1,100,55,96,8.9,8.1,242653,None,No,Hostel,Yes,9.79,2,4,9.48
STU100291,22,Male,6,ECE,89,6.2,59,71,79,4.9,6.0,172474,School,Yes,Day Scholar,No,5.21,3,3,8.07
STU100292,24,Male,6,CE,89,5.6,71,71,92,6.0,3.9,219746,Graduate,No,Day Scholar,Yes,9.03,3,0,10
STU100293,20,Female,5,DS,74,4.8,74,96,67,8.9,8.1,111442,Graduate,Yes,Hostel,Yes,9.28,8,1,9.56
STU100294,19,Male,3,CE,80,2.2,77,56,58,4.4,2.3,21336,None,Yes,Day Scholar,No,5.06,6,0,6.8
STU100295,21,Female,5,IT,46,5.9,94,73,94,7.3,1.3,250094,Postgraduate,Yes,Hostel,No,7.75,0,0,9.67
STU100296,18,Female,3,DS,70,1.5,94,54,64,6.0,2.1,191084,None,Yes,Day Scholar,No,5.23,8,2,7.73
STU100297,18,Female,5,CE,92,9.3,68,55,75,7.9,4.3,257111,None,No,Hostel,Yes,8.88,3,1,9.21
STU100298,21,Female,6,IT,66,10.0,92,81,25,7.2,2.0,45336,Graduate,No,Hostel,Yes,7.17,0,3,8.55
STU100299,19,Female,4,DS,53,7.8,87,50,63,5.5,4.7,222135,School,Yes,Day Scholar,Yes,7.91,6,1,8.03
STU100300,18,Male,2,DS,48,8.5,97,83,67,8.2,5.5,180471,School,No,Day Scholar,No,7.98,1,3,9.13
STU100301,24,Male,8,CSE,70,6.6,98,75,84,7.0,1.5,261227,Postgraduate,Yes,Day Scholar,No,8.21,0,3,10
STU100302,21,Female,8,EEE,51,3.0,41,62,59,6.7,8.4,224459,School,No,Day Scholar,Yes,7.99,7,2,7.07
STU100303,18,male,1,IT,65,7.1,42,51,23,8.6,1.9,152639,Graduate,No,Hostel,No,7.95,2,0,6.45
STU100304,24,Female,3,DS,73,1.7,71,67,22,6.6,7.3,42481,School,Yes,Hostel,No,9.01,1,2,6.2
STU100305,20,Female,3,ECE,79,7.0,50,78,84,7.8,4.6,78302,Graduate,Yes,Day Scholar,Yes,9.33,0,2,8.54
STU100306,20,Female,6,DS,53,9.2,75,70,38,8.2,5.3,159512,Postgraduate,Yes,Hostel,No,9.27,3,0,8.68
STU100307,19,Male,5,DS,45,3.1,47,56,79,8.0,5.1,247118,School,Yes,Day Scholar,No,9.22,2,1,6.86
STU100308,18,Male,7,CSE,53,2.5,41,72,-10,6.2,0.8,193599,Graduate,Yes,Day Scholar,No,8.77,8,2,8.85
STU100309,24,Male,5,EEE,63,2.9,50,47,75,5.6,2.9,266986,Postgraduate,No,Hostel,Yes,7.16,7,3,6.94
STU100310,22,Female,2,IT,77,7.0,55,85,75,5.0,0.6,215478,Postgraduate,No,Hostel,Yes,9.43,2,2,8.98
STU100311,20,Female,6,EEE,98,4.7,96,98,99,4.7,8.3,277291,School,No,Hostel,No,9.07,7,2,10
STU100312,21,Female,1,EEE,71,7.3,46,31,48,5.6,2.2,209822,None,No,Day Scholar,No,5.52,1,2,6.48
STU100313,25,Female,6,ME,71,6.3,65,100,95,6.5,8.9,187754,Postgraduate,No,Day Scholar,No,8.51,0,3,9.45
STU100314,21,Male,3,CSE,67,3.0,45,47,50,6.5,3.0,296808,None,Yes,Hostel,Yes,5.83,3,0,6.23
STU100315,22,Female,2,IT,80,3.2,89,48,35,4.2,4.6,32921,None,No,Day Scholar,No,9.73,4,1,7.4
STU100316,20,Female,6,DS,96,1.3,85,91,28,5.0,8.8,158377,Graduate,Yes,Day Scholar,No,6.11,5,0,6.71
STU100317,24,Female,5,EEE,59,5.7,63,58,46,7.6,3.5,265433,Postgraduate,No,Hostel,Yes,7.76,0,4,7.07
STU100318,24,Female,8,IT,72,7.8,61,82,24,6.3,8.1,186014,None,Yes,Day Scholar,No,8.19,2,3,7.82
STU100319,21,Female,8,ME,56,7.3,60,59,70,5.7,1.3,197702,Graduate,Yes,Hostel,No,8.51,1,2,8.44
STU100320,20,Male,5,ECE,93,5.1,69,78,56,7.8,6.3,195149,Postgraduate,Yes,Hostel,No,6.1,3,3,7.86
STU100321,23,Male,5,ECE,45,5.1,69,37,47,5.8,5.9,194453,School,Yes,Day Scholar,No,5.42,7,3,6.07
STU100322,18,Female,7,ME,95,2.6,58,80,83,5.6,1.6,150273,School,Yes,Hostel,Yes,5.16,8,1,12
STU100323,23,Female,6,CE,48,1.9,64,74,86,8.9,2.1,195176,School,Yes,Day Scholar,No,5.57,2,4,7.58
STU100324,20,Male,3,DS,69,1.3,62,94,62,6.4,8.4,192177,None,Yes,Day Scholar,Yes,9.64,7,1,7.85
STU100325,19,Female,4,ME,93,1.0,54,33,44,7.9,6.6,181408,Postgraduate,Yes,Day Scholar,Yes,11.5,0,2,7.01
STU100326,25,Female,5,DS,66,3.0,38,44,82,4.9,2.2,195495,None,Yes,Hostel,Yes,7.54,0,4,6.18
STU100327,25,Female,5,ECE,46,4.1,69,87,25,5.4,4.4,123643,Graduate,Yes,Hostel,Yes,9.31,4,1,7.08
STU100328,23,Male,7,EEE,89,0.6,48,83,94,8.2,6.7,37159,None,Yes,Day Scholar,No,5.84,8,3,8.92
STU100329,20,Female,5,ECE,50,2.4,93,66,92,4.5,7.7,295424,Graduate,Yes,Hostel,Yes,5.44,3,2,7.4
STU100330,18,Female,3,CSE,50,9.2,96,47,72,5.5,6.7,123034,Graduate,No,Day Scholar,Yes,5.2,8,1,9.04
STU100331,19,Male,8,CSE,52,7.2,77,86,86,6.9,1.8,39952,Postgraduate,Yes,Day Scholar,No,7.75,2,2,9.15
STU100332,24,Male,7,IT,80,5.2,85,38,74,5.3,3.0,62361,None,Yes,Day Scholar,Yes,6.9,7,1,8.63
STU100333,23,Male,4,ME,45,1.5,41,56,79,7.4,8.2,138309,Graduate,No,Day Scholar,No,7.13,1,1,6.07
STU100334,23,Male,6,ME,97,9.9,93,38,27,6.1,2.3,248350,None,Yes,Hostel,Yes,7.02,3,4,8.67
STU100335,19,Male,8,ECE,58,5.7,76,31,76,7.1,7.7,286532,Postgraduate,Yes,Day Scholar,Yes,5.53,6,4,6.95
STU100336,23,Male,8,CSE,65,5.6,56,59,88,7.1,8.2,285149,Postgraduate,No,Day Scholar,No,8.76,2,2,8.02
STU100337,25,Male,3,ME,57,4.4,62,62,42,6.0,7.0,226704,None,No,Hostel,No,9.34,6,2,6.8
STU100338,23,Male,7,ECE,97,1.4,81,78,85,6.6,2.3,107841,Postgraduate,No,Hostel,No,5.89,4,0,8.55
STU100339,22,Female,6,ME,60,9.9,70,64,26,7.5,8.0,74516,School,Yes,Hostel,No,9.16,1,4,8.06
STU100340,21,Male,8,ME,93,8.1,93,25,59,5.3,7.7,76486,None,No,Day Scholar,Yes,8.58,5,2,8.27
STU100341,19,Male,1,CSE,84,3.8,58,75,63,8.7,2.6,101301,Postgraduate,Yes,Hostel,Yes,5.15,5,4,7.92
STU100342,20,Female,8,IT,47,3.7,46,22,60,8.2,0.7,46463,Graduate,Yes,Day Scholar,No,8.93,-1,4,6.57
STU100343,20,Female,9,IT,53,4.5,92,71,43,4.6,3.8,184903,Graduate,No,Day Scholar,Yes,7.54,7,0,8.25
STU100344,19,Female,2,IT,66,3.2,87,22,88,4.5,2.0,235985,Postgraduate,No,Hostel,Yes,8.59,4,0,7.95
STU100345,23,Male,8,EEE,86,8.1,78,58,61,7.5,1.4,179923,School,No,Day Scholar,No,8.65,8,4,9.16
STU100346,22,Male,2,DS,100,3.1,45,44,75,4.2,7.4,292309,Postgraduate,Yes,Day Scholar,Yes,5.64,3,?,7.5
STU100347,18,Male,1,IT,45,7.2,54,68,88,8.4,1.8,291551,None,No,Day Scholar,Yes,9.61,3,2,8.67
STU100348,25,Male,6,EEE,53,6.8,92,36,92,7.0,6.1,188712,School,No,Hostel,Yes,6.62,6,2,8.8
STU100349,18,Female,1,CSE,75,0.8,86,61,49,5.3,4.3,55982,None,No,Day Scholar,No,7.33,3,3,6.41
STU100350,19,Female,3,ME,72,9.2,61,50,48,5.2,3.4,225403,Postgraduate,No,Hostel,Yes,7.54,4,4,7.56
STU100351,22,Male,8,EEE,74,8.6,86,25,32,6.3,5.7,112577,School,No,Hostel,Yes,6.3,1,2,6.25
STU100352,23,Female,7,ME,93,1.1,78,62,62,8.1,1.7,27128,School,No,Day Scholar,Yes,9.5,1,0,8.22
STU100353,24,Female,6,ECE,79,0.3,68,91,66,4.4,5.2,215530,Postgraduate,Yes,Day Scholar,No,5.12,4,2,6.67
STU100354,18,Male,4,ME,90,5.3,93,32,96,eight,1.1,148574,Postgraduate,Yes,Hostel,Yes,8.56,7,3,10
STU100355,22,Female,8,CE,94,8.4,87,99,91,6.9,7.5,59519,School,Yes,Hostel,No,6.65,6,3,10
STU100356,22,Female,4,CSE,88,0.9,51,36,52,6.2,5.5,106486,School,Yes,Day Scholar,No,5.09,6,2,5.85
STU100357,19,Female,4,CSE,85,6.9,48,49,48,4.5,5.5,74289,Postgraduate,No,Day Scholar,No,9.49,6,3,8.02
STU100358,23,Female,8,IT,79,1.0,47,77,91,8.6,1.4,141053,Postgraduate,Yes,Hostel,No,7.27,7,3,8.82
STU100359,24,Female,3,EEE,63,5.5,55,62,67,5.1,5.9,139155,Graduate,No,hostel,No,7.1,2,1,7.09
STU100360,19,Male,5,CSE,75,1.8,94,100,79,4.0,1.1,34186,None,Yes,Hostel,Yes,5.97,5,3,8.53
STU100361,21,Female,4,ME,61,2.0,35,51,61,7.7,7.7,45366,School,No,Hostel,Yes,5.12,6,4,6.56
STU100362,25,Female,1,CE,92,6.2,92,38,95,4.2,7.6,258483,Postgraduate,No,Day Scholar,Yes,6.38,5,0,8.53
STU100363,19,Female,1,ME,71,8.6,96,31,35,5.3,3.8,293591,Graduate,No,Hostel,Yes,8.29,0,4,7.25
STU100364,20,Male,2,IT,93,2.3,57,61,63,6.0,7.8,196295,None,Yes,Day Scholar,Yes,8.37,8,0,8.53
STU100365,23,Female,4,CE,73,7.0,64,59,25,8.2,6.8,135395,None,No,Hostel,Yes,5.47,4,4,6.24
STU100366,18,Male,1,IT,47,7.2,64,99,92,6.1,2.5,196101,Graduate,No,Day Scholar,Yes,7.15,8,3,8.86
STU100367,22,Male,4,EEE,64,9.1,81,20,89,8.0,1.6,73655,Graduate,Yes,Hostel,Yes,7.37,0,4,8.15
STU100368,24,Male,8,CSE,97,2.6,66,61,37,6.1,3.6,184907,Graduate,Yes,Day Scholar,No,8.18,3,0,8.07
STU100369,25,Male,8,IT,52,9.4,93,91,35,4.0,2.1,298755,Graduate,No,Hostel,Yes,5.94,4,0,8.9
STU100370,19,Male,8,ECE,52,2.0,83,55,45,5.3,5.4,233321,Graduate,No,Day Scholar,No,5.48,8,1,6.21
STU100371,22,Male,3,ME,94,8.5,N/A,83,88,8.8,2.3,111922,Graduate,No,Hostel,No,6.68,5,0,10
STU100372,18,Male,2,ME,81,9.6,45,33,67,5.2,5.5,292693,Postgraduate,No,Day Scholar,No,7.69,2,4,8.27
STU100373,18,Female,4,IT,55,5.7,91,49,75,7.9,2.4,52786,None,No,Day Scholar,No,8.48,6,2,9.14
STU100374,25,Male,8,EEE,67,5.0,95,40,88,8.2,3.0,271602,None,Yes,Hostel,Yes,7.11,5,3,8.84
STU100375,23,Female,3,EEE,46,6.3,46,66,56,4.8,7.1,183156,None,No,Hostel,Yes,5.64,3,2,6.2
STU100376,23,Female,3,ME,73,5.8,40,95,96,8.2,2.5,33862,Graduate,Yes,Day Scholar,No,7.0,7,2,9.33
STU100377,23,Male,5,ME,59,2.2,69,42,82,7.7,5.2,125302,None,Yes,Day Scholar,No,8.81,1,0,7.5
STU100378,21,Female,2,EEE,68,2.6,54,83,36,4.2,1.9,120610,None,Yes,Hostel,No,6.28,0,0,6.33
STU100379,21,Female,2,ECE,83,8.5,67,41,50,7.2,5.7,256287,Graduate,No,Hostel,Yes,6.01,8,2,7.82
STU100380,18,Female,8,CSE,59,3.9,92,39,52,7.9,7.9,74466,Graduate,Yes,Hostel,No,5.8,5,3,6.78
STU100381,24,Male,3,IT,62,9.5,86,21,98,6.4,1.1,58544,None,Yes,Hostel,Yes,6.09,0,2,8.09
STU100382,19,Female,6,CSE,90,7.0,51,89,85,4.5,5.4,248866,Grad,Yes,Day Scholar,Yes,5.58,1,2,8.05
STU100383,18,Female,6,CSE,85,7.9,95,51,96,6.4,,82985,School,Yes,Hostel,Yes,5.37,2,2,9.6
STU100384,19,Male,6,IT,80,9.8,35,43,97,5.0,4.1,280847,School,Yes,Hostel,Yes,5.86,0,0,8.74
STU100385,22,Female,7,ME,70,3.6,39,94,50,4.3,4.3,45332,Postgraduate,No,Day Scholar,No,9.74,6,1,7.18
STU100386,23,Female,1,CE,54,0.2,99,53,60,6.7,4.7,259980,School,No,Hostel,No,5.63,0,4,7.02
STU100387,24,Female,4,ECE,66,2.5,73,67,51,5.5,5.5,27975,School,No,Day Scholar,No,6.26,4,1,6.91
STU100388,21,Male,8,ME,95,1.0,62,86,52,8.3,3.1,271366,None,No,Day Scholar,Yes,7.48,4,0,8.1
STU100389,25,Female,1,ECE,67,9.6,46,99,22,6.5,4.5,145944,Graduate,Yes,Day Scholar,Yes,6.79,6,4,7.13
STU100390,18,Male,7,EEE,78,8.4,53,25,64,4.6,8.2,101254,Graduate,Yes,Day Scholar,No,9.61,6,2,8.19
STU100391,20,Female,1,CSE,49,9.4,91,33,97,6.9,2.0,189034,Graduate,No,Hostel,Yes,9.34,1,0,9.9
STU100392,24,Female,8,CSE,65,7.0,57,89,38,6.5,3.3,171847,Graduate,No,Day Scholar,No,6.47,8,1,7.56
STU100393,22,Female,6,CE,69,0.7,69,81,27,5.3,7.1,175250,School,Yes,Hostel,No,5.72,5,0,7.08
STU100394,24,Female,4,ME,82,1.8,95,36,59,5.5,1.5,282980,None,No,Hostel,No,9.55,0,2,7.47
STU100395,22,Male,6,IT,76,8.6,71,76,34,7.3,5.6,155194,Postgraduate,Yes,Day Scholar,Yes,6.97,5,4,7.45
STU100396,22,Female,7,ME,77,8.8,43,26,65,4.4,,47330,None,No,Hostel,Yes,6.64,5,2,7.66
STU100397,19,Male,6,ECE,49,5.4,50,79,51,5.8,2.8,42614,Graduate,Yes,Hostel,No,9.73,4,4,7.34
STU100398,23,Female,4,CSE,95,7.8,44,83,29,4.9,6.6,277345,None,Yes,Hostel,Yes,5.3,8,4,7.81
STU100399,20,Male,6,DS,95,1.4,80,44,90,6.3,7.9,108532,Postgraduate,Yes,Day Scholar,No,9.12,3,2,8.49
STU100400,18,Male,1,EEE,65,7.3,57,65,69,5.8,1.1,125427,None,No,Day Scholar,No,9.8,3,1,8.76
STU100401,19,Female,7,CSE,48,4.1,52,25,90,4.7,2.7,236003,School,No,Day Scholar,No,6.57,8,2,6.6
STU100402,21,Male,6,IT,91,3.5,79,66,43,8.6,3.1,241987,Graduate,No,Hostel,No,9.3,7,3,8.72
STU100403,23,Female,4,EEE,82,5.6,89,73,30,5.5,4.6,198140,Graduate,Yes,Day Scholar,Yes,9.36,3,1,8.67
STU100404,25,Male,5,CSE,96,0.7,98,74,97,7.8,5.1,63053,Postgraduate,No,Day Scholar,Yes,8.07,1,3,9.73
STU100405,23,Female,6,ME,61,0.2,51,28,85,5.2,3.7,253985,Graduate,No,Hostel,Yes,5.92,5,2,6.59
STU100406,23,Female,3,EEE,82,1.5,98,55,45,4.6,7.9,169120,Postgraduate,Yes,Hostel,Yes,9.0,2,4,7.6
STU100407,18,male,3,EEE,78,7.6,61,68,43,6.6,2.1,40466,Graduate,Yes,Hostel,Yes,7.45,8,3,8.08
STU100408,25,Female,7,CE,80,0.4,99,90,25,5.9,6.5,196984,School,No,Hostel,No,9.46,0,4,7.44
STU100409,18,Male,3,ME,77,0.2,37,41,48,7.3,5.7,243573,Graduate,Yes,Day Scholar,No,9.17,0,1,6.53
STU100410,25,Male,4,CSE,70,7.9,94,48,25,7.5,2.0,267494,School,No,Day Scholar,No,8.28,6,2,8.66
STU100411,21,Female,8,CSE,52,9.5,78,87,21,7.4,7.6,253296,None,No,Day Scholar,Yes,5.15,0,1,7.19
STU100412,19,Male,2,CSE,82,2.3,52,67,72,7.9,0.7,203788,School,No,Day Scholar,Yes,6.98,1,3,8.31
STU100413,19,Female,6,ECE,51,6.1,58,66,79,8.0,4.6,261056,Graduate,Yes,Day Scholar,Yes,7.15,-1,3,7.98
STU100414,24,Male,8,EEE,90,4.7,98,21,47,8.8,2.9,166477,Graduate,Yes,Hostel,Yes,5.99,2,0,7.7
STU100415,18,Female,6,IT,87,3.1,91,91,49,8.2,1.4,287609,School,Yes,Day Scholar,No,7.64,2,4,8.58
STU100416,24,Male,2,CE,92,8.1,43,87,-10,4.2,8.8,282900,School,No,Hostel,No,6.27,1,4,8.53
STU100417,20,Female,3,CSE,65,7.3,81,91,24,8.0,1.6,53534,School,Yes,Hostel,Yes,8.61,0,0,7.82
STU100418,23,Male,8,IT,67,4.4,49,83,85,8.2,2.0,49020,Graduate,Yes,Hostel,Yes,6.54,3,1,8.3
STU100419,18,Female,2,DS,68,5.7,81,31,66,8.2,4.8,140008,None,No,Hostel,Yes,6.44,0,1,7.75
STU100420,22,Male,6,CSE,75,5.1,44,85,39,5.3,5.5,151026,None,Yes,Hostel,Yes,7.24,5,0,7.78
STU100421,22,Female,1,CE,85,8.4,98,80,57,6.5,5.2,248766,School,Yes,Day Scholar,Yes,6.46,1,3,9.58
STU100422,19,Female,4,CSE,96,5.4,59,79,70,8.5,7.3,184798,Graduate,No,Day Scholar,Yes,9.57,7,1,10
STU100423,22,Male,3,CE,78,0.1,91,57,75,5.0,4.5,55643,Postgraduate,No,Day Scholar,Yes,5.16,6,1,7.32
STU100424,24,Female,8,CE,79,3.5,36,34,31,4.0,2.7,70425,School,Yes,Hostel,No,9.01,1,0,6.36
STU100425,21,Female,4,IT,100,3.3,91,92,42,4.7,2.5,264055,School,Yes,Hostel,Yes,7.16,2,2,8.9
STU100426,20,Female,6,DS,79,5.8,41,98,88,5.9,8.8,151140,Postgraduate,No,Day Scholar,No,9.67,1,1,9.38
STU100427,19,Female,6,DS,91,7.8,43,33,81,8.4,5.4,223094,Postgraduate,No,Hostel,No,6.35,4,1,8.54
STU100428,18,Male,3,CE,68,0.2,75,56,58,6.5,7.7,128729,School,No,Day Scholar,Yes,8.95,8,2,8.06
STU100429,20,Male,2,DS,96,8.9,40,96,83,8.2,6.0,172204,School,No,Hostel,No,5.22,5,1,9.07
STU100430,18,Male,7,CE,95,1.5,72,82,49,6.0,8.7,217627,Graduate,Yes,Day Scholar,Yes,7.83,7,4,7.89
STU100431,22,Male,4,EEE,45,3.9,54,46,87,6.5,5.5,47249,None,No,Hostel,Yes,8.76,-1,0,8.26
STU100432,23,Female,6,IT,76,9.6,94,51,59,5.9,6.4,181133,Graduate,No,Day Scholar,Yes,8.86,5,1,9.2
STU100433,24,Female,6,ECE,74,7.6,88,70,84,7.8,2.0,208590,Graduate,Yes,Hostel,Yes,6.52,2,3,9.37
STU100434,24,Male,4,ECE,88,0.1,70,23,46,7.8,8.0,169053,Postgraduate,Yes,Day Scholar,Yes,5.01,0,4,5.12
STU100435,19,Female,7,CE,92,1.4,44,49,40,4.9,2.6,35596,School,Yes,Hostel,Yes,5.18,1,2,5.3
STU100436,19,Male,3,CSE,69,6.2,73,32,20,6.7,7.3,191437,School,Yes,Hostel,Yes,7.43,3,3,5.96
STU100437,21,Male,3,IT,91,7.7,94,52,40,7.8,6.6,27574,Graduate,No,Hostel,No,8.07,7,0,8.47
STU100438,23,Male,7,CE,92,5.2,97,24,44,6.7,4.0,190717,None,Yes,Hostel,No,8.83,3,3,7.43
STU100439,20,Male,4,CE,51,7.8,84,77,41,8.6,6.5,275924,School,No,Hostel,Yes,7.74,6,2,8.59
STU100440,20,Male,3,IT,50,2.7,67,82,58,7.2,8.2,61803,Postgraduate,Yes,Hostel,No,7.56,1,2,7.04
STU100441,19,Male,2,CE,93,9.4,78,87,46,8.0,2.0,234602,Graduate,No,Hostel,No,7.05,0,0,9.17
STU100442,18,Male,3,DS,56,1.1,73,93,87,5.6,2.5,287633,School,Yes,Hostel,No,5.2,7,2,8.65
STU100443,18,Male,2,CSE,82,5.5,38,70,34,5.2,4.9,147097,School,No,Day Scholar,No,11.5,8,3,6.35
STU100444,19,Female,3,CSE,70,8.2,70,70,21,5.9,6.5,119656,Graduate,Yes,Hostel,Yes,9.62,4,2,8.38
STU100445,19,Male,2,CSE,67,9.5,43,97,77,8.2,0.7,113939,Postgraduate,No,Hostel,Yes,5.4,8,3,9.54
STU100446,24,Male,6,IT,61,1.9,77,76,73,8.7,5.8,137870,School,No,Hostel,No,6.74,7,?,8.4
STU100447,25,Male,1,ME,64,2.1,40,71,63,5.3,6.8,92443,Postgraduate,No,Hostel,No,5.95,7,2,7.2
STU100448,24,Female,1,ME,58,1.3,93,27,31,4.9,8.8,214356,Graduate,No,Day Scholar,Yes,8.94,4,1,6.23
STU100449,21,Female,1,ME,90,8.0,48,82,73,5.7,6.4,228302,None,No,Hostel,No,8.32,2,1,9.45
STU100450,25,Female,8,DS,52,4.2,36,82,34,6.3,8.6,227816,None,Yes,Hostel,No,7.49,2,4,6.59
STU100451,18,Female,4,ECE,75,3.7,57,37,54,7.9,3.2,187457,School,Yes,Hostel,No,8.26,5,0,7.03
STU100452,21,Male,8,EEE,58,1.8,91,51,73,7.7,5.4,83383,School,No,Hostel,Yes,8.47,7,0,8.99
STU100453,25,Male,5,IT,64,6.3,60,87,26,5.6,6.2,17457,School,No,Hostel,Yes,7.97,2,3,6.4
STU100454,18,Female,4,ME,83,4.9,78,64,33,5.4,3.4,296797,School,Yes,Hostel,No,6.07,1,?,7.29
STU100455,25,Male,1,ME,52,2.6,68,63,65,7.1,6.9,243952,Postgraduate,No,Day Scholar,Yes,6.72,0,3,6.51
STU100456,21,Male,1,IT,88,2.8,54,62,78,9.0,6.6,183304,Graduate,No,Hostel,No,9.7,6,4,8.1
STU100457,22,Male,1,DS,85,5.6,46,70,77,4.1,1.6,24605,Graduate,No,Hostel,Yes,9.65,7,0,9.06
STU100458,25,Male,7,CE,80,5.1,64,38,75,4.6,7.5,182548,Postgraduate,No,Day Scholar,Yes,7.51,0,2,7.48
STU100459,18,Female,6,EEE,64,6.8,36,67,40,6.6,4.6,156534,Postgraduate,No,Day Scholar,No,5.74,3,4,5.95
STU100460,20,Female,1,ECE,69,6.4,46,57,46,6.9,4.4,30095,School,Yes,Day Scholar,Yes,5.84,7,1,6.95
STU100461,23,Female,3,DS,62,6.2,45,73,81,6.7,3.1,217100,Postgraduate,Yes,Hostel,No,8.12,0,3,8.58
STU100462,25,Female,8,ECE,52,2.3,62,100,62,4.3,2.8,163306,None,No,Hostel,Yes,6.79,2,3,6.75
STU100463,21,Female,3,ME,73,8.4,44,23,22,4.6,3.1,85168,Graduate,No,Hostel,No,7.22,1,3,6.15
STU100464,20,Female,3,CSE,63,1.4,56,39,25,7.8,1.1,169725,School,Yes,Day Scholar,No,6.52,4,0,6.54
STU100465,22,Female,6,IT,96,8.1,85,66,48,5.0,6.6,246938,None,No,Hostel,No,6.06,1,3,7.84
STU100466,23,Female,3,CE,,9.6,58,20,63,6.6,3.5,15182,Graduate,Yes,Day Scholar,No,9.47,0,2,8.44
STU100467,23,Female,2,IT,98,5.7,96,91,40,8.0,4.7,264330,None,No,Day Scholar,Yes,6.8,6,0,9.89
STU100468,19,Female,6,DS,72,8.9,39,89,56,8.6,1.0,127258,Postgraduate,No,Hostel,No,7.02,1,1,9.03
STU100469,20,Male,8,EEE,77,9.7,97,78,74,8.9,5.8,108020,Graduate,Yes,Day Scholar,No,6.44,3,2,10
STU100470,25,Male,5,IT,45,3.1,37,87,29,7.2,7.6,217344,None,No,Day Scholar,No,8.49,3,2,6.66
STU100471,22,Female,6,IT,71,2.0,42,43,30,8.0,5.3,172073,Graduate,No,Day Scholar,Yes,8.67,1,4,5.92
STU100472,25,Male,1,DS,67,7.0,70,43,26,6.7,3.3,152643,Postgraduate,Yes,Day Scholar,Yes,5.15,-1,4,6.53
STU100473,24,Male,7,ME,81,4.1,65,72,96,4.9,7.5,98505,None,Yes,Day Scholar,Yes,6.49,4,0,8.11
STU100474,19,Female,5,ECE,78,8.7,57,77,56,4.3,1.1,180972,Postgraduate,Yes,Day Scholar,Yes,7.04,7,0,8.28
STU100475,18,Female,6,CSE,62,9.3,47,40,71,6.0,1.0,60993,Postgraduate,Yes,Day Scholar,No,7.45,7,3,8.81
STU100476,22,Female,6,ECE,66,4.3,86,46,30,5.8,,113476,None,Yes,Day Scholar,Yes,7.78,3,0,7.06
STU100477,21,Male,8,IT,80,3.0,77,55,70,8.7,6.6,256293,None,Yes,Day Scholar,Yes,8.67,4,4,8.21
STU100478,18,Male,7,DS,91,5.0,68,83,52,5.4,6.8,145843,None,No,Hostel,Yes,5.56,1,3,8.01
STU100479,25,Female,2,DS,84,3.2,46,77,33,8.1,2.6,279687,School,Yes,Hostel,Yes,7.15,2,0,7.66
STU100480,19,Male,1,CSE,66,9.2,83,48,23,4.5,7.8,298242,Postgraduate,No,Day Scholar,No,7.43,8,2,7.3
STU100481,18,Male,3,DS,70,9.5,94,40,34,7.7,7.9,184712,School,Yes,Hostel,No,9.61,2,4,8.35
STU100482,19,Female,7,CSE,77,4.9,51,68,26,5.3,0.8,122033,Graduate,Yes,Day Scholar,Yes,6.69,3,0,6.74
STU100483,19,Female,9,ECE,93,9.5,88,84,54,7.0,5.9,170245,School,Yes,Hostel,No,6.75,6,0,10
STU100484,22,Male,7,ME,89,1.2,92,22,70,7.8,2.1,64914,None,Yes,Day Scholar,Yes,6.51,6,3,7.29
STU100485,24,Male,3,EEE,83,5.6,N/A,97,61,4.2,8.8,172249,School,Yes,Day Scholar,Yes,7.54,1,2,8.03
STU100486,22,Female,7,EEE,83,5.0,41,58,81,6.8,8.5,121131,School,Yes,Hostel,No,5.56,5,1,7.68
STU100487,24,Male,8,ME,79,1.2,45,92,25,7.7,6.6,204436,Graduate,No,Hostel,Yes,5.67,4,3,6.53
STU100488,24,Male,6,EEE,90,1.3,44,41,78,8.8,5.2,66911,Postgraduate,Yes,Hostel,No,9.49,1,1,7.88
STU100489,21,Male,7,ME,93,1.9,96,70,99,7.4,7.4,219184,School,No,Day Scholar,Yes,9.46,7,2,12
STU100490,18,Female,2,DS,70,7.6,60,60,38,4.4,3.2,288175,Graduate,No,Hostel,Yes,8.37,7,1,7.67
STU100491,18,Male,5,EEE,56,5.6,73,35,21,5.7,3.6,192442,Postgraduate,Yes,Hostel,No,8.82,4,1,6.0
STU100492,18,Female,8,CSE,78,9.2,47,96,74,5.6,6.9,258537,None,Yes,Hostel,Yes,6.17,2,2,9.15
STU100493,23,Male,6,ECE,74,3.3,68,73,36,8.5,2.3,288060,Graduate,Yes,Hostel,No,5.06,7,3,7.44
STU100494,19,Female,6,CSE,94,1.6,80,37,33,7.0,3.7,268953,School,Yes,Day Scholar,No,9.74,6,2,7.78
STU100495,22,Male,5,ME,87,1.1,36,72,68,7.1,8.7,248132,None,Yes,Hostel,Yes,6.62,4,1,6.69
STU100496,19,Female,2,IT,97,0.1,89,47,96,8.9,1.8,165648,Graduate,No,Day Scholar,No,5.83,2,2,8.78
STU100497,25,Male,7,ECE,92,7.1,58,27,42,5.7,5.3,unknown,None,No,Hostel,No,5.57,2,0,6.57
STU100498,19,Male,7,DS,85,2.0,75,27,60,5.0,8.0,198198,None,No,Day Scholar,Yes,9.38,2,?,6.76
STU100499,25,Male,6,EEE,89,0.7,98,43,73,5.3,6.7,266503,None,No,Hostel,No,8.88,4,?,8.04
STU100500,18,Male,1,CE,70,4.6,99,91,20,5.5,5.3,245224,School,Yes,Hostel,Yes,5.5,4,4,7.06
STU100501,25,Female,8,IT,73,6.7,45,21,74,4.5,2.4,162537,School,No,Day Scholar,No,5.49,1,4,7.1
STU100502,23,Male,8,EEE,92,7.8,96,54,28,5.0,2.4,163362,None,No,Hostel,Yes,8.97,2,0,8.0
STU100503,23,Female,1,ME,67,3.5,87,70,67,5.7,8.4,247344,Postgraduate,Yes,Day Scholar,No,7.51,5,1,8.1
STU100504,25,Female,6,ME,55,5.7,78,45,90,4.4,7.5,131741,Graduate,No,Hostel,Yes,5.44,0,2,7.4
STU100505,21,Female,6,ME,94,9.1,50,26,69,5.6,0.6,228022,None,No,Hostel,No,9.27,5,4,8.73
STU100506,24,Male,1,EEE,70,9.8,90,97,99,5.8,5.7,226731,None,Y,Hostel,Yes,5.06,7,3,10
STU100507,18,Male,1,EEE,,0.5,76,80,27,6.9,2.4,171329,Graduate,No,Hostel,No,8.57,6,2,7.19
STU100508,22,Female,8,DS,55,8.0,38,95,26,8.3,5.9,285945,None,Yes,Hostel,Yes,6.69,7,3,7.5
STU100509,19,Female,1,CSE,56,4.1,94,36,84,6.3,7.5,239705,Postgraduate,Yes,Hostel,Yes,5.8,0,4,7.0
STU100510,19,Male,6,DS,56,8.6,83,41,32,7.5,4.0,unknown,School,No,Hostel,Yes,8.51,5,2,8.02
STU100511,20,Female,2,DS,82,4.4,59,76,34,5.0,6.7,50540,Graduate,Yes,Hostel,Yes,7.8,1,1,7.39
STU100512,24,Male,7,CE,97,9.3,66,57,92,4.3,6.5,283376,School,No,Day Scholar,No,5.22,4,4,8.95
STU100513,20,Female,3,EEE,95,3.9,71,52,75,8.9,2.3,163839,None,Yes,Day Scholar,No,7.44,5,3,9.42
STU100514,23,Female,5,IT,73,0.3,91,87,90,8.0,5.0,143743,Postgraduate,No,Hostel,Yes,9.44,6,2,9.18
STU100515,20,Female,2,ME,72,2.7,54,84,73,6.6,7.0,83711,Postgraduate,No,Hostel,,7.51,0,2,7.15
STU100516,24,Female,7,CE,92,5.7,84,44,38,5.6,4.3,22541,None,No,Day Scholar,Yes,8.38,1,4,6.93
STU100517,18,Female,7,ECE,99,1.9,88,63,87,6.2,7.0,257111,School,No,Day Scholar,No,9.55,3,3,9.04
STU100518,19,Male,4,ECE,87,7.1,71,55,96,6.6,6.9,26790,Graduate,Yes,Day Scholar,No,8.95,2,4,8.85
STU100519,19,Male,4,DS,85,3.5,46,57,67,7.4,2.1,238790,Graduate,No,Hostel,Yes,5.67,8,4,7.14
STU100520,25,Male,4,CE,58,6.1,83,33,91,7.4,2.4,184307,None,Yes,Hostel,No,7.36,8,?,8.48
STU100521,20,Female,4,CSE,91,7.0,90,98,47,6.0,6.5,150670,None,No,Day Scholar,Yes,5.68,1,2,8.47
STU100522,22,Female,6,EEE,79,2.2,44,72,55,8.1,8.3,136009,Graduate,Yes,Hostel,Yes,6.92,8,4,7.07
STU100523,18,Male,8,EEE,48,1.4,56,43,41,7.8,4.2,252734,School,Yes,Hostel,No,8.34,5,0,6.4
STU100524,23,Female,7,IT,52,7.6,90,39,23,8.4,1.8,135171,Graduate,Yes,Day Scholar,Yes,5.15,8,3,6.95
STU100525,24,Female,2,IT,61,6.4,62,56,55,8.5,7.6,88705,None,Yes,Day Scholar,No,6.17,0,4,7.07
STU100526,19,Male,7,ECE,96,6.3,57,27,80,8.4,4.1,83282,None,No,Hostel,Yes,8.4,8,3,8.51
STU100527,21,Female,2,ECE,84,5.9,63,79,94,4.2,6.3,64369,School,Y,Day Scholar,No,9.08,8,3,9.78
STU100528,23,Female,2,CSE,100,5.8,85,53,90,5.5,7.1,266951,School,No,Day Scholar,No,8.32,6,4,9.54
STU100529,21,Male,7,CE,84,1.9,58,92,61,4.7,4.9,132295,None,Yes,Day Scholar,Yes,6.18,6,4,7.17
STU100530,21,Male,6,ME,95,3.5,85,95,70,8.7,3.5,203470,Postgraduate,No,Day Scholar,No,6.44,3,3,9.49
STU100531,18,Female,2,CSE,83,5.3,41,20,34,4.2,7.5,279686,School,Yes,Day Scholar,No,9.0,4,3,5.47
STU100532,18,Male,8,CE,78,9.1,79,51,95,8.5,2.8,127048,None,No,Day Scholar,No,6.64,4,1,9.65
STU100533,22,Female,3,DS,96,0.7,90,150,60,4.0,1.5,250860,Postgraduate,Yes,Day Scholar,No,7.5,4,2,7.56
STU100534,23,Male,2,ECE,90,1.9,86,60,47,8.6,7.8,299563,School,Yes,Hostel,Yes,7.68,0,1,7.52
STU100535,18,Female,4,EEE,98,4.6,55,25,80,5.8,5.1,231951,School,Yes,Hostel,No,7.17,8,1,8.91
STU100536,23,Female,1,EEE,95,8.8,47,86,47,7.0,7.6,186558,None,Yes,Day Scholar,No,8.85,5,2,9.16
STU100537,21,Female,2,CE,72,3.5,64,86,32,4.4,0.8,187562,Postgraduate,No,Day Scholar,Yes,6.79,6,3,7.22
STU100538,24,Male,8,DS,87,5.2,100,97,64,4.5,6.4,84582,School,Yes,Day Scholar,Yes,5.19,6,0,9.33
STU100539,19,Male,8,ECE,84,0.2,74,99,35,8.4,7.1,87814,None,No,Hostel,No,5.16,7,0,7.89
STU100540,24,Male,7,ECE,72,3.2,66,81,60,7.8,2.4,186667,School,No,Hostel,Yes,5.48,4,2,8.37
STU100541,24,Female,2,IT,48,7.2,42,84,95,8.1,0.5,165722,School,No,Day Scholar,No,7.08,5,0,9.36
STU100542,25,Male,8,CE,68,4.8,98,96,50,9.0,3.1,274207,Grad,No,Day Scholar,Yes,8.1,6,1,9.21
STU100543,25,Male,2,CE,95,7.1,59,51,27,4.2,4.5,278429,None,Yes,Hostel,Yes,5.66,8,4,7.68
STU100544,25,Female,6,IT,78,6.5,85,62,30,5.7,2.4,236145,School,No,Hostel,No,6.87,0,0,7.1
STU100545,21,Male,7,ECE,97,3.9,96,63,23,4.2,1.9,211681,Postgraduate,Yes,Hostel,Yes,7.74,8,4,8.03
STU100546,18,Male,5,IT,82,7.0,62,65,28,4.8,3.3,171673,Postgraduate,No,Hostel,Yes,11.5,3,0,8.21
STU100547,21,Female,7,ECE,72,9.7,100,91,82,6.5,4.8,240883,School,No,Day Scholar,No,9.47,2,1,10
STU100548,21,Male,2,CE,63,10.0,75,84,41,7.7,6.3,246382,None,Yes,Day Scholar,Yes,9.65,2,2,9.39
STU100549,22,Male,3,IT,72,8.7,44,43,86,5.0,4.6,73322,School,Yes,Day Scholar,Yes,7.44,6,4,8.23
STU100550,20,Female,4,CSE,47,7.4,73,75,86,7.8,7.5,182464,Graduate,Yes,Hostel,No,9.49,1,4,9.47
STU100551,23,Female,4,EEE,72,2.7,80,58,74,7.7,2.1,294279,School,No,Day Scholar,No,8.34,7,3,8.69
STU100552,22,Male,5,CE,96,5.2,46,56,-10,6.5,3.9,135651,School,No,Day Scholar,No,9.3,5,3,8.25
STU100553,18,Female,1,ECE,51,7.4,83,96,40,5.2,6.2,285133,None,No,Hostel,Yes,8.0,5,0,8.62
STU100554,20,Male,4,DS,74,6.5,62,80,50,7.8,4.1,221267,None,Yes,Day Scholar,Yes,6.38,2,2,7.57
STU100555,24,Female,5,EEE,69,6.1,90,63,78,8.4,2.4,94990,None,No,Hostel,Yes,9.75,1,1,9.51
STU100556,23,Female,2,DS,84,4.0,83,98,30,6.2,8.4,194575,Graduate,No,Day Scholar,No,7.04,8,2,8.38
STU100557,25,Female,7,EEE,81,4.5,36,80,70,5.5,1.9,289946,None,No,Day Scholar,Yes,6.09,8,3,7.82
STU100558,25,Female,4,IT,49,7.9,40,55,71,6.8,4.4,83965,Postgraduate,No,Day Scholar,No,6.65,5,0,7.19
STU100559,20,Female,5,CSE,77,0.9,73,85,46,6.3,8.8,133324,Graduate,Yes,Day Scholar,Yes,7.23,5,1,7.21
STU100560,23,Female,4,ECE,100,2.9,40,98,40,8.8,4.9,247746,Postgraduate,Yes,Hostel,Yes,6.81,2,4,7.74
STU100561,18,Male,6,ECE,66,9.1,35,38,31,4.6,8.9,52656,None,No,Hostel,Yes,6.18,8,3,5.63
STU100562,22,Male,5,IT,63,2.9,92,69,58,7.3,0.7,49013,Postgraduate,No,Hostel,Yes,7.4,2,2,7.33
STU100563,19,Male,2,DS,63,5.7,69,57,56,8.1,3.2,123698,None,Yes,Hostel,Yes,6.85,4,1,7.88
STU100564,18,Female,4,DS,52,8.4,N/A,78,90,6.2,4.9,281398,None,Yes,Day Scholar,No,5.6,7,2,9.08
STU100565,25,Female,4,EEE,86,0.0,47,31,50,4.4,3.9,43407,School,Yes,Day Scholar,No,7.92,6,4,5.57
STU100566,23,Male,3,EEE,59,5.1,40,27,31,4.5,5.3,155004,Postgraduate,Yes,Hostel,No,9.19,1,3,4.97
STU100567,24,Female,4,CE,62,1.6,89,67,26,7.7,1.8,133511,Graduate,No,Day Scholar,Yes,5.41,2,2,5.76
STU100568,20,Female,5,ECE,53,8.0,66,51,49,7.4,4.0,89425,None,Yes,Hostel,No,5.83,5,2,7.02
STU100569,21,Male,5,ECE,75,1.9,36,35,25,4.7,2.3,86108,None,Yes,Hostel,No,6.78,1,0,4.84
STU100570,20,Male,5,EEE,79,7.6,97,88,59,8.5,1.6,259053,School,No,Day Scholar,No,8.9,4,2,10
STU100571,21,Female,1,CSE,93,7.8,97,50,70,5.9,1.7,144204,None,Yes,Day Scholar,No,9.78,0,2,9.65
STU100572,23,Male,8,ECE,89,6.2,43,62,47,6.2,2.0,68055,Graduate,No,Day Scholar,No,5.52,5,4,7.3
STU100573,19,Male,7,DS,69,5.9,51,97,100,eight,1.2,20003,Postgraduate,No,Hostel,No,6.34,1,1,8.71
STU100574,25,Male,2,ECE,51,8.2,44,31,38,8.4,3.2,268948,Postgraduate,Yes,Hostel,Yes,7.16,4,4,7.14
STU100575,24,Male,4,CSE,92,5.0,53,45,-10,7.4,8.6,281173,Postgraduate,Yes,Hostel,Yes,7.59,8,2,8.14
STU100576,20,Male,1,CE,46,9.1,39,34,25,8.6,1.3,217640,School,Yes,Day Scholar,Yes,9.04,4,1,6.16
STU100577,21,Female,8,ECE,99,8.9,87,65,44,6.9,4.2,231716,Grad,No,Hostel,No,7.16,3,4,9.5
STU100578,24,Male,4,DS,78,7.3,100,21,96,8.4,5.6,122271,None,Yes,Day Scholar,No,6.88,5,1,8.91
STU100579,24,Male,5,IT,87,6.4,76,33,27,8.2,5.9,115808,Postgraduate,No,Day Scholar,Yes,6.76,0,1,7.22
STU100580,20,Female,7,IT,89,3.4,78,36,94,8.4,2.5,240378,Grad,Yes,Day Scholar,No,7.65,0,1,9.3
STU100581,18,Female,7,CE,57,0.3,35,64,43,4.4,6.0,46229,Graduate,No,Hostel,Yes,5.65,8,2,5.11
STU100582,22,Female,6,DS,87,7.4,98,97,66,4.7,7.5,293446,Graduate,No,Hostel,Yes,6.23,0,2,9.25
STU100583,18,Female,5,EEE,46,4.1,85,75,46,6.5,1.3,31665,School,Yes,Day Scholar,Yes,5.13,3,3,7.48
STU100584,18,Male,2,IT,82,8.5,92,27,90,8.9,2.1,206059,None,Yes,Day Scholar,Yes,6.61,2,2,8.62
STU100585,20,Female,7,ME,91,1.0,52,42,47,6.9,5.6,63258,Graduate,No,Hostel,No,7.72,4,2,6.22
STU100586,25,Female,1,IT,84,6.6,86,26,33,4.7,1.5,77432,School,No,Hostel,No,6.13,1,4,6.14
STU100587,24,Female,7,DS,64,2.7,70,44,95,4.0,4.5,159568,Graduate,Yes,Hostel,No,5.12,5,0,7.03
STU100588,18,Male,6,DS,67,0.8,62,87,31,5.6,1.8,75238,Graduate,Yes,Hostel,Yes,7.96,5,2,6.21
STU100589,23,Female,5,CE,52,6.9,58,37,90,6.7,7.4,196861,School,No,Day Scholar,No,9.33,8,3,8.53
STU100590,23,Male,6,EEE,53,4.4,66,32,70,6.8,7.3,253140,Graduate,Yes,Hostel,No,7.51,2,0,7.07
STU100591,24,Female,4,ECE,75,0.6,67,45,96,5.7,5.8,173787,School,Yes,Hostel,Yes,8.38,2,1,7.87
STU100592,23,Male,8,CSE,54,8.5,37,53,52,4.8,7.7,147156,Graduate,Yes,Day Scholar,No,6.19,1,3,6.2
STU100593,19,Male,3,EEE,56,0.6,72,51,46,7.8,2.2,156874,Postgraduate,Yes,Day Scholar,No,6.36,4,1,6.45
STU100594,20,Female,8,ECE,,5.5,38,91,85,4.5,1.6,294311,None,No,Day Scholar,Yes,6.81,8,3,8.31
STU100595,19,Male,5,CSE,59,4.7,38,70,69,6.0,7.8,unknown,School,No,Day Scholar,No,5.65,8,0,7.76
STU100596,18,Female,5,EEE,65,8.3,45,75,51,6.1,8.6,121199,Graduate,Yes,Hostel,Yes,6.23,6,3,7.67
STU100597,25,Male,6,ECE,77,1.2,91,81,76,7.3,8.5,266543,None,Yes,Hostel,No,9.04,5,2,8.31
STU100598,22,Female,3,ME,80,1.6,42,85,29,6.4,7.1,232881,Postgraduate,No,Day Scholar,No,5.34,7,0,6.01
STU100599,18,Male,7,CSE,73,8.7,52,89,61,8.9,5.1,193733,None,Yes,Hostel,Yes,9.29,8,2,9.13
STU100600,24,Female,4,IT,79,2.1,58,87,46,8.8,5.1,124292,Graduate,Yes,Day Scholar,Yes,6.14,-1,1,7.33
STU100601,24,Male,3,ECE,48,3.2,95,20,47,7.4,0.9,266415,Graduate,No,Day Scholar,No,7.84,8,0,7.05
STU100602,20,Male,4,EEE,66,3.9,56,45,31,6.6,6.4,275661,Postgraduate,No,Day Scholar,Yes,6.3,2,2,5.73
STU100603,22,Female,2,IT,56,6.0,67,80,49,8.2,7.7,145095,Graduate,Yes,Hostel,Yes,5.16,7,2,7.57
STU100604,24,Female,4,CE,48,3.9,61,88,89,7.1,1.7,139418,None,No,Hostel,No,6.18,5,3,8.3
STU100605,20,Female,6,DS,59,7.4,57,98,78,8.4,2.2,280956,Graduate,Yes,Day Scholar,No,8.88,7,3,9.94
STU100606,25,Female,5,ECE,90,6.8,65,69,79,5.9,2.2,158945,School,No,Hostel,Yes,8.93,4,2,8.99
STU100607,24,Female,2,EEE,73,2.7,79,58,49,7.6,6.3,224683,Graduate,No,Day Scholar,Yes,9.14,2,2,7.25
STU100608,20,Male,1,EEE,90,9.3,97,95,92,4.7,3.7,90297,Postgraduate,Yes,Hostel,No,8.24,6,2,10
STU100609,19,Female,1,ECE,86,2.9,63,26,24,7.7,0.7,236250,Postgraduate,No,Day Scholar,No,8.57,8,4,6.95
STU100610,20,Female,4,CE,52,2.1,N/A,89,63,5.1,3.1,27319,Postgraduate,Yes,Hostel,No,5.95,1,4,5.93
STU100611,23,Female,4,DS,73,9.0,97,96,67,4.8,2.9,62277,None,Yes,Hostel,No,5.93,2,1,8.88
STU100612,21,Male,4,CE,80,9.9,N/A,58,45,4.9,1.2,92149,None,Yes,Hostel,No,5.82,6,4,7.09
STU100613,20,Female,7,ME,63,8.5,35,58,65,8.4,4.4,84410,Graduate,No,Day Scholar,Yes,8.66,5,0,8.73
STU100614,19,Female,4,CSE,86,3.5,56,86,45,4.5,7.7,182224,School,Yes,Day Scholar,Yes,5.97,2,0,7.33
STU100615,25,Female,4,CE,99,9.8,77,44,42,6.5,7.8,91925,School,Yes,Hostel,Yes,5.58,5,2,8.06
STU100616,21,Female,3,ME,61,4.1,84,53,51,4.0,2.7,166621,School,No,Hostel,No,8.56,3,4,7.98
STU100617,24,Female,3,EEE,71,2.9,88,25,75,6.9,8.9,227017,Postgraduate,No,Day Scholar,Yes,7.91,2,3,7.36
STU100618,18,Female,8,DS,45,2.1,55,83,80,7.3,0.8,184960,School,No,Hostel,Yes,7.88,3,1,7.97
STU100619,19,Male,8,ECE,85,8.9,86,50,48,7.1,4.5,148316,None,Yes,Hostel,No,8.25,8,1,9.68
STU100620,18,Male,1,CSE,82,2.2,89,96,35,8.4,8.0,162745,Postgraduate,No,Day Scholar,Yes,6.19,6,4,8.31
STU100621,22,Male,3,IT,87,4.6,40,51,61,8.7,4.4,143657,Postgraduate,No,Day Scholar,No,6.52,7,1,8.21
STU100622,22,Female,2,IT,92,9.4,37,66,78,5.8,0.7,67284,None,Yes,Hostel,No,7.75,0,2,8.84
STU100623,24,Female,6,CSE,50,2.0,98,69,62,4.7,2.3,289287,Postgraduate,No,Hostel,No,5.6,5,3,7.22
STU100624,25,Male,6,CE,92,2.8,95,24,70,8.6,3.2,163553,School,No,Hostel,No,9.25,6,1,9.24
STU100625,20,Male,6,ME,95,8.9,72,28,53,6.6,1.1,254502,Graduate,No,Hostel,Yes,7.46,6,4,8.03
STU100626,20,Male,8,CSE,73,7.3,58,21,69,4.6,7.9,86330,Postgraduate,Yes,Hostel,No,7.69,0,4,7.22
STU100627,19,Male,4,EEE,84,9.7,43,26,87,6.2,3.3,240021,Graduate,No,Hostel,No,6.92,6,1,12
STU100628,25,Female,1,DS,48,8.0,61,93,52,6.3,2.8,53036,None,No,Day Scholar,No,5.56,2,2,8.17
STU100629,20,Male,4,ME,85,3.2,90,26,100,8.7,2.9,227502,School,Y,Day Scholar,Yes,7.89,8,1,9.54
STU100630,19,Female,4,ME,98,2.2,77,58,44,7.4,3.7,168981,School,Yes,Day Scholar,Yes,5.54,7,1,7.72
STU100631,23,Male,8,CSE,97,9.0,68,53,23,6.7,0.8,268358,School,Yes,Hostel,Yes,9.32,0,3,8.24
STU100632,24,Female,8,CE,62,4.6,44,72,89,8.9,2.6,247664,Graduate,Yes,Day Scholar,No,8.21,2,4,8.33
STU100633,19,Male,4,IT,57,2.8,80,28,23,4.2,1.7,70341,Postgraduate,No,Day Scholar,No,5.04,2,0,5.66
STU100634,24,Male,1,DS,87,8.0,88,36,55,6.4,8.1,256023,Postgraduate,Yes,Hostel,No,5.89,1,0,7.26
STU100635,19,Male,4,IT,,7.1,65,58,87,9.0,5.0,21471,None,No,Hostel,No,8.82,6,4,9.89
STU100636,25,Female,1,AI&ML,65,2.4,36,76,55,4.6,2.8,146379,School,Yes,Day Scholar,Yes,6.59,8,1,6.91
STU100637,22,Male,7,ME,98,1.9,89,29,98,8.3,4.1,252953,School,No,Hostel,No,9.2,2,0,9.09
STU100638,25,Female,5,ECE,85,2.2,59,35,67,6.7,5.9,286841,None,Yes,Day Scholar,Yes,8.02,3,2,6.55
STU100639,20,Female,8,CSE,74,4.9,68,89,85,9.0,1.5,48398,None,No,Hostel,Yes,6.09,7,4,8.8
STU100640,25,Female,4,ECE,61,7.4,90,41,66,5.0,4.8,21679,Postgraduate,Yes,Day Scholar,Yes,9.73,7,3,8.61
STU100641,21,Male,4,ECE,53,8.1,54,66,60,5.3,2.5,69089,School,No,Hostel,No,8.98,0,1,7.9
STU100642,20,Female,4,EEE,92,0.6,60,59,32,4.8,8.5,84243,Postgraduate,No,Day Scholar,Yes,5.35,1,0,6.42
STU100643,23,Female,3,ME,56,8.7,92,100,71,6.4,4.1,121860,Postgraduate,No,Day Scholar,No,8.24,0,0,9.21
STU100644,22,Male,1,ME,84,9.4,59,46,61,8.2,8.8,22827,None,Yes,Hostel,Yes,5.69,1,1,8.49
STU100645,22,Male,6,ME,96,7.5,39,91,61,4.6,3.7,101484,School,Yes,Day Scholar,Yes,9.37,5,4,8.94
STU100646,23,Female,2,ME,71,9.6,67,59,73,4.4,2.4,277074,School,No,Day Scholar,Yes,7.38,1,2,8.98
STU100647,24,Female,8,ECE,78,8.0,39,26,39,8.2,9.0,183566,Graduate,Yes,Hostel,Yes,9.31,3,1,7.34
STU100648,23,Female,1,ECE,55,1.2,69,27,53,6.5,4.7,47305,None,No,Day Scholar,No,5.31,0,4,4.95
STU100649,20,Male,4,EEE,48,4.2,57,93,70,5.7,5.2,182149,Postgraduate,No,Hostel,Yes,8.85,1,3,7.39
STU100650,23,Male,5,DS,71,0.6,90,44,87,6.5,8.4,242905,Graduate,Yes,Day Scholar,Yes,6.95,8,0,7.73
STU100651,18,Male,3,EEE,71,2.5,48,90,57,4.7,4.6,82703,Graduate,No,Day Scholar,Yes,5.06,7,0,7.17
STU100652,21,Female,5,DS,74,2.5,86,80,47,5.7,4.7,190807,Postgraduate,Yes,Hostel,Yes,5.49,3,0,7.58
STU100653,19,Male,6,IT,66,7.6,80,68,67,5.2,8.3,268907,Graduate,Yes,Day Scholar,No,7.92,2,4,8.64
STU100654,23,Female,6,EEE,80,8.1,56,39,61,8.1,7.1,62997,Graduate,No,Hostel,No,8.45,5,3,7.67
STU100655,25,Female,4,ECE,54,7.1,82,22,85,5.3,3.1,295703,None,Yes,Hostel,No,7.62,7,2,8.32
STU100656,22,Female,1,ME,59,3.3,67,75,22,7.2,2.3,72590,School,No,Hostel,Yes,9.26,2,4,6.23
STU100657,23,Female,6,EEE,62,2.0,89,51,26,7.1,1.2,295167,Postgraduate,Yes,Day Scholar,No,7.24,2,3,7.05
STU100658,25,Female,1,ECE,88,4.9,39,70,94,5.9,2.8,88641,School,No,Day Scholar,No,5.1,8,2,8.16
STU100659,22,Male,8,CE,64,3.6,83,94,52,7.0,5.1,124991,None,Yes,Hostel,No,6.18,4,2,7.89
STU100660,18,Male,2,CSE,57,2.3,46,66,40,6.2,6.1,144522,None,Yes,hostel,Yes,8.41,4,3,6.71
STU100661,23,Male,2,IT,99,8.7,47,84,70,4.9,,280400,Postgraduate,Yes,Day Scholar,Yes,9.65,3,1,9.83
STU100662,21,Male,4,CE,100,1.1,52,87,28,7.6,1.4,45722,School,Yes,Hostel,Yes,7.39,1,0,7.69
STU100663,18,Female,4,IT,97,6.1,40,100,66,4.7,6.1,82810,Graduate,No,Day Scholar,Yes,8.17,8,0,9.64
STU100664,24,Female,7,DS,49,3.0,77,50,22,5.9,5.6,214294,Graduate,Yes,Day Scholar,No,7.28,2,0,6.23
STU100665,18,Male,3,ME,49,9.4,71,33,27,8.0,2.3,134811,Graduate,No,Hostel,No,9.38,3,1,7.5
STU100666,24,Male,2,ME,70,5.8,94,90,44,8.5,0.7,226561,None,No,Day Scholar,Yes,6.03,0,1,7.99
STU100667,21,Female,8,IT,56,3.0,73,29,67,7.2,3.2,70377,None,Yes,Day Scholar,Yes,7.16,2,4,6.35
STU100668,18,Female,3,IT,85,6.2,94,62,73,4.3,1.9,231059,Postgraduate,No,Day Scholar,No,7.24,3,3,8.86
STU100669,22,Male,4,DS,87,1.7,80,66,87,8.6,4.6,82662,Graduate,No,Hostel,Yes,7.24,7,3,8.63
STU100670,24,Male,5,CSE,53,8.3,89,87,66,7.6,7.6,71797,None,Yes,Day Scholar,No,7.05,8,1,9.54
STU100671,24,Male,4,ME,89,0.4,55,82,59,7.9,4.5,126969,Postgraduate,Y,Hostel,Yes,9.78,7,1,8.6
STU100672,20,Female,7,ECE,60,9.0,40,96,52,5.3,6.6,15635,Graduate,No,Hostel,No,7.18,8,4,8.84
STU100673,18,Female,6,IT,90,8.5,60,98,78,5.5,0.9,269412,School,Yes,Day Scholar,No,5.8,8,1,9.51
STU100674,20,Female,8,ME,54,1.2,88,40,24,6.7,2.8,134568,School,No,Hostel,Yes,8.73,1,0,5.91
STU100675,18,Male,5,IT,99,4.9,59,96,66,4.3,0.9,111552,Postgraduate,No,Hostel,No,8.36,4,1,9.74
STU100676,19,Female,7,CE,91,5.6,69,37,76,8.9,5.6,252422,School,Yes,Hostel,No,7.32,6,0,9.01
STU100677,20,Male,5,CSE,82,1.9,88,57,67,5.7,3.2,103557,None,No,Hostel,Yes,9.46,0,3,8.33
STU100678,23,Male,5,CSE,46,4.3,77,68,74,7.3,4.2,245193,None,No,Hostel,No,5.23,2,1,7.53
STU100679,19,Female,6,ECE,49,7.5,43,96,47,9.0,5.7,136935,Graduate,No,Hostel,Yes,5.77,4,1,7.7
STU100680,24,Male,6,DS,65,6.4,69,20,100,8.3,1.6,148120,None,No,Day Scholar,Yes,11.5,1,3,9.32
STU100681,21,Male,1,CSE,74,1.3,75,26,57,8.7,3.7,281772,School,Yes,Day Scholar,Yes,7.34,2,0,6.37
STU100682,25,Male,5,CSE,65,7.1,58,24,79,6.9,3.1,195678,Graduate,No,Hostel,Yes,9.58,7,1,7.86
STU100683,22,Male,5,EEE,92,5.1,49,23,26,6.0,2.5,45357,School,No,Day Scholar,No,8.36,1,0,5.74
STU100684,23,Male,4,CSE,97,1.2,97,80,42,5.5,2.8,210926,School,No,Day Scholar,Yes,9.76,7,4,8.4
STU100685,20,Female,7,ME,92,5.0,60,80,25,8.4,0.7,247034,Postgraduate,No,Hostel,No,9.08,1,3,7.4
STU100686,21,Female,8,CE,51,6.5,74,63,78,4.1,7.3,212737,Postgraduate,No,Hostel,No,7.87,4,2,7.88
STU100687,25,Male,6,ECE,45,1.1,42,44,72,7.4,2.5,170083,None,No,Hostel,No,6.14,5,?,6.67
STU100688,23,Male,6,DS,100,9.3,65,81,81,5.9,4.6,28471,School,Y,Hostel,Yes,9.42,5,0,10
STU100689,21,Male,8,ME,61,5.9,74,87,77,eight,6.5,263660,Graduate,No,Day Scholar,Yes,5.74,2,4,8.49
STU100690,19,Female,7,CSE,97,8.1,57,67,68,4.8,5.4,154570,Graduate,No,Day Scholar,No,8.65,7,1,9.2
STU100691,23,Male,6,CSE,56,1.9,70,90,30,7.6,8.5,134809,None,Yes,Hostel,Yes,7.83,7,1,6.95
STU100692,21,Female,1,ECE,54,8.6,69,44,85,9.0,8.7,217019,Postgraduate,Yes,Hostel,No,6.74,0,0,8.13
STU100693,25,Male,1,AI&ML,74,8.0,74,98,91,6.1,6.5,164659,Postgraduate,Yes,Day Scholar,Yes,7.96,7,3,10
STU100694,24,Male,8,EEE,83,9.4,73,66,97,4.8,4.6,295391,Graduate,Yes,Day Scholar,Yes,5.8,0,2,9.67
STU100695,21,Female,5,CE,93,7.8,41,51,24,4.0,4.1,287166,Postgraduate,Yes,Day Scholar,No,11.5,2,1,6.67
STU100696,20,Male,4,ME,94,9.0,49,28,93,4.9,3.6,146766,Graduate,Yes,Hostel,No,6.37,5,1,12
STU100697,23,Female,6,IT,82,5.1,82,73,25,4.7,3.3,296465,None,Yes,Hostel,Yes,5.26,2,2,7.03
STU100698,20,Female,1,CSE,49,1.5,64,42,29,7.2,3.5,183025,None,Yes,Hostel,,9.29,3,2,5.74
STU100699,20,Female,2,CSE,50,7.9,89,74,46,5.7,5.5,273743,None,Yes,Day Scholar,No,6.88,2,2,8.51
STU100700,20,Female,3,IT,50,3.2,41,52,79,8.8,3.6,50048,School,Yes,Day Scholar,No,6.42,6,1,7.71
STU100701,22,Male,4,DS,75,4.3,43,91,70,7.1,7.0,250793,None,Yes,Hostel,No,9.65,0,0,7.91
STU100702,25,Female,7,ME,84,2.5,68,23,70,6.3,7.1,225050,School,Yes,Hostel,Yes,9.21,0,0,7.6
STU100703,23,Male,2,ECE,85,2.3,84,91,97,8.3,1.0,101771,None,Yes,Day Scholar,No,5.35,1,4,9.69
STU100704,21,Female,7,IT,92,3.3,65,22,88,5.4,5.3,162752,Postgraduate,Yes,Day Scholar,No,11.5,0,3,7.76
STU100705,24,Female,9,ECE,50,9.9,73,32,24,6.6,6.7,43931,Graduate,No,Day Scholar,Yes,6.96,5,0,6.5
STU100706,25,Male,5,ME,75,2.1,86,59,71,6.1,5.4,123762,Postgraduate,Yes,Hostel,No,7.04,5,1,8.59
STU100707,22,Female,7,EEE,52,3.7,70,53,45,4.4,0.8,261781,None,No,Day Scholar,No,9.7,7,4,7.67
STU100708,19,Male,8,ECE,48,4.5,37,21,79,4.8,3.9,288932,None,Yes,Day Scholar,Yes,5.1,1,2,5.2
STU100709,21,Female,7,CE,55,2.4,35,37,67,7.5,1.7,215707,Postgraduate,Yes,Day Scholar,No,9.69,5,2,6.34
STU100710,21,Male,2,CSE,53,5.5,56,24,48,5.6,4.9,152480,School,No,Hostel,No,6.78,0,2,6.21
STU100711,21,Female,2,IT,54,5.2,50,47,34,4.9,4.9,248446,None,No,hostel,No,5.06,1,1,5.11
STU100712,24,Female,3,EEE,74,7.1,45,25,48,6.7,6.5,78812,Graduate,Yes,Hostel,Yes,6.92,2,4,6.97
STU100713,22,Male,8,CSE,53,4.6,82,71,80,6.0,5.2,123678,None,Yes,Day Scholar,Yes,7.15,6,1,7.96
STU100714,25,Male,3,CE,67,0.7,69,59,69,6.9,2.2,35027,School,Yes,Day Scholar,Yes,9.58,0,0,7.5
STU100715,18,Female,1,ECE,68,4.5,83,52,59,7.3,1.5,217544,Postgraduate,Yes,Hostel,No,6.33,8,3,8.61
STU100716,24,Male,1,CSE,89,9.5,38,20,49,5.6,1.7,41076,None,Yes,Hostel,No,7.25,3,3,7.81
STU100717,24,Female,4,ECE,63,3.9,50,28,36,8.7,1.2,117523,None,Yes,Day Scholar,No,8.45,4,3,6.46
STU100718,19,Female,5,IT,76,6.6,42,92,66,8.3,1.2,162128,None,No,Hostel,Yes,7.83,7,0,9.69
STU100719,25,Female,6,CE,59,3.8,84,32,58,9.0,4.7,124599,Postgraduate,No,Hostel,Yes,7.02,3,1,7.97
STU100720,18,Male,5,ECE,67,9.5,39,96,86,6.9,1.8,139251,Graduate,Yes,Day Scholar,No,6.85,3,0,8.99
STU100721,23,Female,8,CSE,100,2.3,42,22,55,8.0,0.5,133271,School,Yes,Hostel,No,5.82,0,1,7.02
STU100722,25,Female,6,ME,93,0.4,81,96,53,4.5,8.9,68558,Postgraduate,No,Day Scholar,Yes,5.42,4,3,7.25
STU100723,23,Male,6,DS,58,3.0,52,77,31,6.1,8.4,225341,School,Yes,Hostel,No,6.01,1,0,6.25
STU100724,23,Male,3,IT,76,5.5,54,61,48,5.2,1.0,113436,Postgraduate,Yes,Day Scholar,Yes,5.22,0,4,6.43
STU100725,25,Female,1,CSE,63,1.5,74,98,50,6.4,7.1,242209,Postgraduate,No,Day Scholar,Yes,9.77,6,1,7.99
STU100726,21,Male,1,CSE,66,1.8,58,49,81,8.4,,78321,None,No,Day Scholar,Yes,5.62,7,4,6.77
STU100727,22,Female,3,EEE,71,3.8,66,85,32,7.1,6.1,66081,Postgraduate,No,Hostel,Yes,9.46,3,3,6.8
STU100728,22,Female,1,EEE,76,2.9,67,31,45,5.9,4.3,178012,School,Yes,Hostel,No,9.49,0,0,6.62
STU100729,20,Female,5,IT,60,0.7,98,85,88,5.0,7.1,256950,None,Yes,Day Scholar,Yes,5.36,4,3,7.64
STU100730,20,Female,5,IT,65,1.3,41,81,26,8.6,3.5,198102,School,No,Day Scholar,No,6.74,4,4,6.1
STU100731,19,Female,8,CE,91,8.8,97,69,83,8.1,1.3,51898,None,No,Hostel,No,6.12,3,0,10
STU100732,18,Female,6,CSE,74,8.2,37,58,48,5.6,1.7,190627,Graduate,No,Day Scholar,Yes,6.28,8,1,8.4
STU100733,19,Male,4,CSE,55,7.8,82,77,89,7.0,5.2,91675,None,No,Hostel,No,9.01,-1,3,10
STU100734,22,Female,3,CE,66,6.9,88,79,31,5.8,0.7,216698,None,No,Day Scholar,No,9.3,7,2,8.93
STU100735,19,Male,1,CE,63,1.3,76,66,78,6.6,2.8,230266,Graduate,No,Day Scholar,Yes,5.06,7,3,7.61
STU100736,22,Female,6,AI&ML,52,7.2,90,37,70,6.9,7.4,217349,None,Yes,Day Scholar,No,9.49,8,0,8.35
STU100737,23,Male,3,DS,89,8.3,96,66,76,8.3,6.0,285125,School,No,Day Scholar,Yes,7.38,5,0,10
STU100738,21,Female,8,DS,89,4.3,95,82,59,8.1,2.9,98484,Postgraduate,No,Hostel,No,9.31,4,1,9.84
STU100739,18,Male,3,DS,79,6.8,76,71,42,6.5,7.0,62680,Postgraduate,No,Day Scholar,Yes,8.28,8,0,7.95
STU100740,18,Male,5,IT,76,1.0,89,90,37,7.6,7.2,74454,Grad,Yes,Hostel,No,6.95,5,2,7.7
STU100741,24,Female,7,ME,96,4.9,57,64,90,8.2,8.4,23066,Graduate,No,Day Scholar,Yes,8.45,2,3,8.92
STU100742,21,Male,4,DS,61,4.0,58,54,50,4.3,1.6,193933,Postgraduate,No,Hostel,No,7.52,3,1,6.53
STU100743,22,Female,1,ECE,72,3.5,64,61,69,5.0,5.4,226895,Graduate,No,Hostel,No,8.05,3,3,6.94
STU100744,18,Male,7,ECE,79,5.4,35,84,83,8.2,,162974,School,No,Hostel,Yes,6.4,1,1,8.04
STU100745,20,Female,2,IT,85,4.4,51,68,67,eight,5.9,33810,Postgraduate,No,Day Scholar,Yes,9.52,6,4,8.9
STU100746,19,Female,2,IT,55,1.3,72,20,69,4.3,7.7,91233,Graduate,No,Hostel,Yes,11.5,1,0,5.43
STU100747,19,Female,5,EEE,65,1.4,94,51,48,8.5,3.8,278732,None,Yes,Day Scholar,Yes,6.62,5,0,8.12
STU100748,22,Male,3,IT,60,6.4,45,98,97,7.8,5.7,183352,Postgraduate,Yes,Hostel,Yes,8.52,3,4,8.8
STU100749,21,Male,3,CSE,80,1.0,81,94,85,4.2,5.5,109898,Graduate,Yes,Day Scholar,Yes,8.88,4,1,9.36
STU100750,25,Female,5,ECE,46,9.4,75,87,46,5.7,8.5,38014,Postgraduate,No,Day Scholar,Yes,8.45,0,0,8.56
STU100751,25,Female,7,CE,98,0.8,50,20,74,4.8,4.7,42486,None,Yes,Day Scholar,Yes,7.85,0,2,6.01
STU100752,22,Female,4,DS,56,4.8,68,61,47,8.6,1.2,134066,None,Yes,Hostel,Yes,6.85,4,1,7.85
STU100753,23,Male,1,IT,90,5.4,99,86,50,6.5,5.2,171261,Postgraduate,Yes,Hostel,Yes,7.37,0,2,8.02
,25,Male,3,DS,73,0.2,93,48,47,9.0,4.5,285982,Postgraduate,Yes,Day Scholar,No,6.42,0,2,6.65
STU100755,21,Male,4,DS,94,7.8,61,42,26,6.2,3.2,159010,Graduate,No,Day Scholar,Yes,5.76,6,3,7.78
STU100756,22,Male,7,CE,59,3.4,69,97,30,6.9,5.8,186643,Graduate,No,Day Scholar,,5.58,2,3,6.31
STU100757,21,Male,7,DS,95,9.4,77,45,100,6.9,3.5,248960,School,No,Day Scholar,No,5.5,0,0,9.94
STU100758,25,Male,5,ME,57,1.4,37,32,43,4.4,3.0,246394,Graduate,No,Day Scholar,No,8.82,5,1,5.83
STU100759,20,Male,2,ECE,84,0.1,49,76,43,4.7,2.9,218512,Postgraduate,No,Day Scholar,No,7.21,2,0,6.19
STU100760,23,Female,5,IT,58,0.3,37,75,72,4.9,2.0,175779,Postgraduate,No,Day Scholar,No,8.01,2,2,6.32
STU100761,19,Male,5,CE,81,8.0,90,54,100,4.4,5.4,96136,None,Yes,Day Scholar,No,8.51,1,2,9.09
STU100762,18,Male,1,CE,62,6.8,44,76,23,6.9,2.1,131267,School,No,Hostel,No,6.12,0,1,6.41
STU100763,21,Male,1,IT,79,6.6,65,44,100,5.1,5.0,198595,Postgraduate,No,Hostel,No,6.59,7,3,9.24
STU100764,24,Male,3,EEE,56,7.6,85,91,27,7.8,2.6,295681,Graduate,No,Hostel,No,7.68,3,0,8.13
STU100765,23,Female,4,CSE,89,8.1,37,49,74,4.9,5.7,219750,School,No,Hostel,Yes,6.87,0,2,7.51
STU100766,21,Male,6,CSE,87,1.3,63,69,49,5.6,8.9,109096,School,Yes,Day Scholar,No,7.39,3,1,7.43
STU100767,18,Male,7,AI&ML,46,1.3,54,64,85,8.0,0.9,234136,School,Yes,Hostel,No,6.8,7,0,7.62
STU100768,24,Male,5,ME,61,3.2,73,86,31,5.2,5.5,232564,None,Yes,Day Scholar,Yes,8.31,2,4,7.42
STU100769,24,Female,7,ECE,78,4.7,51,41,35,4.9,4.6,23266,Graduate,No,Hostel,Yes,6.84,5,2,6.59
STU100770,22,Female,1,ECE,73,3.1,71,59,21,4.1,4.9,214453,School,No,Hostel,No,8.44,3,4,6.34
STU100771,20,Male,8,EEE,73,1.9,37,96,37,7.6,5.6,291987,None,No,Day Scholar,Yes,7.01,0,1,7.35
STU100772,19,Female,6,ME,61,9.4,68,71,-10,5.0,8.8,110915,School,Yes,Day Scholar,Yes,8.96,7,3,7.69
STU100773,22,Male,4,CE,87,0.7,68,65,41,5.2,6.8,216018,None,No,Hostel,No,8.48,2,1,6.89
STU100774,20,Female,3,CE,98,6.9,40,67,39,6.6,4.3,188053,Graduate,No,Hostel,No,8.92,2,2,7.62
STU100775,23,Female,4,ME,45,7.3,77,95,66,8.1,8.5,146690,Postgraduate,Yes,Hostel,Yes,9.16,8,4,9.82
STU100776,23,Male,3,EEE,89,8.1,89,58,24,5.1,3.1,176158,Graduate,No,Day Scholar,No,7.72,5,1,7.66
STU100777,20,Female,1,EEE,70,7.4,69,20,74,6.0,3.3,106271,Graduate,No,Day Scholar,No,8.47,5,1,8.79
STU100778,21,Male,2,DS,76,9.7,96,91,63,8.0,6.1,281657,None,No,Hostel,No,9.09,3,4,10
STU100779,19,Female,8,ECE,69,3.1,77,81,94,6.6,3.2,293827,Postgraduate,Yes,Hostel,Yes,5.53,4,1,9.16
STU100780,23,Male,3,ECE,66,3.5,81,78,31,6.8,0.9,200803,Graduate,Yes,Day Scholar,No,6.17,1,2,6.52
STU100781,23,Female,6,ECE,62,7.8,74,84,83,8.2,9.0,294806,Postgraduate,No,Hostel,No,6.31,0,1,8.46
STU100782,23,Male,3,IT,95,8.1,57,64,89,8.1,2.7,275376,Graduate,No,Day Scholar,No,8.35,6,4,9.66
STU100783,21,Female,5,ME,74,0.5,62,78,82,6.3,5.5,213921,Postgraduate,Yes,Day Scholar,No,9.23,1,2,8.18
STU100784,22,Male,2,DS,91,0.2,59,58,84,5.3,2.1,247370,Postgraduate,Yes,Day Scholar,Yes,6.68,7,3,7.77
STU100785,23,Male,7,CSE,84,9.5,87,70,29,5.0,5.1,297211,Graduate,Yes,Hostel,Yes,7.95,0,1,8.7
STU100786,18,Male,7,EEE,90,8.6,64,53,67,6.5,3.8,174866,Graduate,Yes,Day Scholar,No,8.93,3,4,9.41
STU100787,24,Female,7,EEE,77,8.1,86,98,28,8.8,0.5,158293,School,Yes,Day Scholar,No,8.81,7,0,9.33
STU100788,21,Male,1,DS,82,6.5,99,20,84,6.2,0.6,47452,Postgraduate,No,Hostel,Yes,8.87,3,4,8.76
STU100789,23,Male,8,IT,80,6.2,92,79,30,4.3,2.1,46765,Graduate,No,Day Scholar,Yes,6.18,2,0,8.14
STU100790,20,Female,3,CSE,55,4.9,72,23,79,8.5,2.8,195974,Postgraduate,Yes,Day Scholar,No,9.41,8,2,8.96
STU100791,23,Female,1,ECE,72,1.0,74,52,45,5.1,8.8,191360,Graduate,No,Day Scholar,Yes,7.42,6,1,6.24
STU100792,21,Male,1,CSE,85,2.4,84,82,75,5.2,6.5,85972,None,No,Day Scholar,Yes,5.86,7,1,8.77
STU100793,23,Male,3,CSE,97,4.8,78,63,43,5.3,7.6,253827,School,Yes,Hostel,Yes,8.22,5,2,7.59
STU100794,21,Male,1,ME,69,9.1,39,40,77,6.2,3.7,176626,Postgraduate,Yes,Day Scholar,Yes,8.09,7,3,8.2
STU100795,24,Male,5,CE,64,8.7,39,27,30,6.1,1.5,84213,Postgraduate,Yes,Day Scholar,No,6.05,4,1,6.19
STU100796,25,Female,7,ECE,98,9.5,99,41,90,7.4,0.5,31332,Postgraduate,Yes,Day Scholar,No,9.37,5,4,10
STU100797,21,Male,3,CSE,48,8.2,35,84,61,8.8,6.6,94034,None,No,Hostel,No,5.75,5,0,8.58
STU100798,19,Female,1,CE,64,2.3,80,85,85,6.8,4.0,294075,Postgraduate,No,Day Scholar,No,5.78,8,1,8.96
,25,Female,3,CSE,49,5.7,65,37,56,4.2,1.5,216845,School,No,Hostel,No,9.56,5,0,7.86
STU100800,24,Male,3,ECE,74,4.3,40,66,32,7.3,4.2,140028,Postgraduate,No,Day Scholar,No,8.36,5,2,7.45
STU100801,24,Female,3,CSE,92,5.4,58,86,64,7.7,7.2,284305,None,No,hostel,Yes,9.45,6,0,9.77
STU100802,21,Female,7,ECE,88,2.0,70,48,70,4.7,7.4,114964,School,Yes,Hostel,Yes,6.94,3,2,7.43
STU100803,25,Female,1,CSE,98,1.1,58,21,100,6.8,7.2,91953,None,No,Hostel,No,7.07,7,1,8.37
STU100804,25,Female,6,CE,58,9.0,40,56,82,7.2,5.0,153728,None,No,Day Scholar,Yes,7.33,3,4,8.23
STU100805,21,Female,3,CSE,65,8.8,92,47,36,7.6,1.1,91290,Graduate,Yes,Hostel,Yes,9.53,2,4,7.97
STU100806,19,Male,6,ECE,56,7.7,95,22,70,8.5,2.1,216519,Postgraduate,Yes,Hostel,Yes,6.48,4,0,8.99
STU100807,23,Male,1,CE,50,4.1,76,35,36,4.4,4.8,278447,None,Yes,Hostel,Yes,5.67,1,1,6.29
STU100808,23,Male,6,EEE,46,7.3,64,26,58,6.5,5.4,218028,School,Yes,Day Scholar,Yes,9.48,4,3,7.54
STU100809,22,Male,1,ME,56,8.3,63,53,68,5.8,8.6,91548,Graduate,No,Day Scholar,No,7.81,3,2,7.88
STU100810,20,Female,1,DS,63,1.0,35,92,76,5.3,6.3,100215,Graduate,No,Hostel,Yes,6.1,7,4,7.78
STU100811,24,Male,6,ME,75,3.2,45,30,78,4.3,1.1,223805,Postgraduate,Yes,Day Scholar,No,8.84,2,0,7.34
STU100812,22,Female,7,CE,55,2.4,77,85,80,5.3,2.2,50837,School,No,Hostel,Yes,8.56,2,2,7.94
STU100813,23,Male,5,EEE,65,9.4,44,59,87,4.4,7.0,209989,None,Yes,Day Scholar,No,9.32,7,3,9.08
STU100814,23,Female,2,EEE,89,1.7,59,20,55,8.4,0.9,103661,None,No,Day Scholar,No,8.1,5,0,7.9
STU100815,21,Male,7,DS,88,0.3,69,100,24,8.3,8.5,94890,Postgraduate,Yes,Day Scholar,No,8.58,2,4,6.95
STU100816,22,Male,5,EEE,97,0.1,90,72,44,8.0,3.1,175621,Postgraduate,Y,Day Scholar,Yes,9.05,1,4,8.02
STU100817,22,Female,2,CSE,82,1.4,61,52,50,4.8,8.5,282350,School,No,Day Scholar,Yes,6.26,0,1,6.55
STU100818,20,Male,8,CSE,76,9.6,60,47,35,7.1,5.1,236476,None,Yes,Hostel,No,7.82,3,3,7.89
STU100819,19,Male,8,EEE,94,8.9,37,49,58,4.8,1.8,106855,School,No,Hostel,No,6.68,7,1,8.82
STU100820,24,Female,5,EEE,92,6.1,92,26,62,7.7,1.8,174683,Graduate,No,Hostel,Yes,6.38,3,1,8.66
STU100821,24,Female,4,EEE,85,8.5,67,22,27,7.1,4.5,32493,School,Yes,Day Scholar,No,7.9,1,3,7.63
STU100822,24,Male,4,IT,47,4.9,62,26,24,8.4,6.9,60852,Graduate,Yes,Day Scholar,Yes,5.8,4,2,5.73
STU100823,20,Female,2,CE,99,9.9,38,45,20,6.9,6.2,192735,Graduate,No,Hostel,Yes,7.23,1,3,6.2
STU100824,22,Female,4,IT,85,0.6,40,61,82,5.5,7.5,178432,Postgraduate,No,Hostel,Yes,6.21,8,2,7.83
STU100825,18,Male,7,DS,53,8.1,74,34,27,8.4,6.5,183585,Graduate,Yes,Hostel,Yes,7.2,4,3,6.21
STU100826,25,Male,7,IT,81,4.9,72,90,73,6.7,8.6,262886,None,Yes,Day Scholar,Yes,9.19,4,3,9.39
STU100827,21,Female,2,DS,51,5.2,67,56,50,6.0,8.8,64102,None,No,Hostel,Yes,6.09,4,3,7.37
STU100828,18,Female,7,DS,84,5.6,43,47,33,6.1,2.1,135129,Postgraduate,Yes,Hostel,Yes,5.64,8,0,6.87
STU100829,18,Female,3,ME,90,6.7,59,57,67,4.4,3.5,235189,School,Yes,Hostel,No,7.87,4,0,8.78
STU100830,18,Male,5,ME,98,0.5,92,89,45,6.9,6.9,79097,Postgraduate,Yes,Day Scholar,No,6.55,1,1,8.04
STU100831,25,Male,1,ECE,72,9.0,84,27,51,6.2,4.0,44809,None,Yes,Hostel,Yes,6.02,2,4,6.95
STU100832,20,Female,4,DS,,4.9,43,50,23,7.6,6.9,257517,Postgraduate,Yes,Day Scholar,No,8.94,8,0,7.28
STU100833,23,Male,3,IT,88,2.2,78,75,39,8.9,2.5,182375,Graduate,Yes,Day Scholar,No,5.24,6,2,6.96
STU100834,19,Female,6,ME,61,7.7,35,50,45,6.3,2.5,195018,School,Yes,Day Scholar,Yes,5.36,8,2,7.5
STU100835,25,Female,3,CSE,90,5.8,56,37,75,7.3,8.3,171532,Postgraduate,No,Hostel,Yes,9.29,2,0,8.35
STU100836,23,Male,8,DS,57,1.7,57,37,72,7.5,3.3,271109,School,No,Day Scholar,Yes,5.18,4,4,7.06
STU100837,23,Female,1,ME,55,7.0,72,42,58,8.8,4.5,231284,None,Y,Day Scholar,No,7.24,2,2,7.73
STU100838,23,Female,3,IT,73,7.5,43,23,58,5.5,2.4,262814,Grad,Yes,Hostel,Yes,8.59,5,0,7.69
STU100839,24,Female,3,DS,79,7.6,37,96,58,5.1,8.3,262525,School,Y,Day Scholar,Yes,5.49,6,3,8.43
STU100840,21,Female,8,DS,88,2.1,44,99,20,4.1,4.8,246687,School,No,Day Scholar,Yes,8.26,1,3,7.06
STU100841,20,Male,5,ECE,70,2.3,53,61,64,8.5,0.7,260040,None,Yes,Hostel,Yes,9.03,4,4,7.52
STU100842,25,Male,2,CE,59,1.3,98,86,47,4.5,8.5,106057,Grad,No,Hostel,No,7.18,1,3,7.16
STU100843,22,Female,4,CE,82,9.9,64,73,54,4.4,6.8,172040,Graduate,No,Day Scholar,No,9.43,5,3,8.76
STU100844,24,Female,5,CSE,100,8.5,71,62,69,7.6,1.1,32292,None,Yes,Day Scholar,No,6.54,2,4,9.53
STU100845,22,Male,6,IT,46,2.8,N/A,73,37,4.1,7.3,186323,School,No,Hostel,No,8.13,6,3,6.75
STU100846,25,Female,5,ME,49,8.7,80,53,75,6.9,5.9,207610,None,No,Hostel,Yes,8.19,0,2,8.81
STU100847,20,Male,5,DS,75,2.6,75,44,69,6.5,1.0,280606,None,No,Hostel,Yes,5.16,4,2,7.61
STU100848,20,Female,8,ECE,82,0.8,60,49,100,6.8,3.2,169749,Postgraduate,Yes,Hostel,No,8.06,8,3,8.13
STU100849,19,Male,9,ECE,61,7.5,83,68,31,5.7,6.3,294549,Postgraduate,Yes,Day Scholar,Yes,7.18,4,3,8.01
STU100850,21,Female,2,ME,65,3.6,55,44,28,8.2,4.6,293203,Postgraduate,Yes,Day Scholar,Yes,9.3,6,1,6.52
STU100851,23,Male,5,DS,67,3.0,75,60,99,4.8,6.0,200283,None,No,Day Scholar,Yes,5.74,6,1,7.97
STU100852,23,Female,8,EEE,76,9.2,53,71,47,7.8,5.6,33061,Postgraduate,No,Day Scholar,Yes,8.75,0,1,8.91
STU100853,21,Male,2,ECE,76,7.5,50,87,43,8.1,9.0,150540,Postgraduate,No,Day Scholar,No,6.05,4,4,7.51
STU100854,19,Female,3,CE,62,9.3,43,94,62,7.4,4.7,153296,Graduate,No,Day Scholar,Yes,7.12,2,0,8.19
STU100855,23,Female,6,CE,88,9.1,47,36,49,5.6,6.3,156491,Graduate,Yes,Hostel,Yes,8.57,0,2,7.46
STU100856,24,Male,3,CSE,58,6.6,78,28,80,6.3,2.6,80065,Postgraduate,Yes,Day Scholar,No,6.22,4,1,8.57
STU100857,24,Male,5,DS,49,6.1,37,85,63,8.3,4.4,176378,School,No,Day Scholar,No,9.68,0,1,7.95
STU100858,20,Female,2,ME,79,8.5,91,83,71,5.2,0.9,174316,None,Yes,Day Scholar,Yes,6.03,3,1,9.48
STU100859,20,Male,8,ME,91,5.1,42,87,77,5.4,8.6,268564,None,Yes,Day Scholar,,5.46,0,2,7.86
STU100860,23,Female,5,ECE,91,-3,57,88,72,7.3,2.7,55387,None,No,Day Scholar,No,8.87,8,4,10
STU100861,24,Female,3,ME,49,5.5,83,73,25,8.9,2.0,182711,Postgraduate,Yes,Day Scholar,Yes,6.06,8,0,7.24
STU100862,21,Male,3,CSE,100,2.7,100,76,22,5.2,8.6,194642,Graduate,No,Day Scholar,No,5.46,7,1,7.08
STU100863,24,Female,8,CSE,91,0.5,73,31,21,8.1,3.2,146209,Postgraduate,Yes,Day Scholar,No,5.33,7,4,5.65
STU100864,25,Male,1,DS,71,5.8,94,25,86,8.1,2.7,150169,Postgraduate,Yes,Hostel,No,7.76,1,0,8.27
STU100865,20,Female,2,ME,100,2.1,56,64,23,6.3,5.4,261578,School,No,Hostel,Yes,5.55,6,2,6.92
STU100866,25,Female,7,DS,70,5.9,48,57,76,4.1,0.7,299748,None,No,Hostel,Yes,5.75,3,4,7.52
STU100867,24,Male,7,EEE,76,1.2,72,99,94,8.6,0.9,67494,Graduate,Yes,Hostel,Yes,8.94,3,1,9.2
STU100868,21,Female,4,EEE,69,9.3,51,44,50,8.8,7.5,222869,Graduate,Yes,Hostel,No,6.07,2,0,8.07
STU100869,23,Male,6,EEE,91,2.3,60,48,57,5.0,8.4,32687,Postgraduate,No,Hostel,Yes,6.15,8,3,6.95
STU100870,20,Male,1,IT,67,4.1,N/A,58,95,4.6,4.6,150068,None,No,Day Scholar,No,5.41,0,1,8.74
STU100871,23,Male,6,IT,63,2.2,63,91,37,5.2,6.0,140620,None,Yes,Hostel,No,5.38,-1,1,7.12
STU100872,23,Female,1,IT,81,0.5,77,88,54,8.8,6.4,110046,None,No,Day Scholar,Yes,9.44,4,2,8.65
STU100873,25,Female,5,DS,97,10.0,62,26,47,8.7,2.9,220977,None,Yes,Day Scholar,Yes,8.47,0,3,8.0
STU100874,23,Female,4,DS,94,7.6,49,58,97,7.4,4.1,84434,Graduate,Yes,Day Scholar,Yes,7.36,0,4,9.68
STU100875,24,Male,4,CSE,70,5.4,90,88,61,5.2,3.5,147037,School,Yes,Hostel,No,8.39,8,1,9.68
STU100876,20,Female,8,EEE,52,2.0,89,97,74,4.8,3.4,208190,Graduate,Yes,Day Scholar,No,9.2,8,4,8.1
STU100877,21,Female,2,CE,76,6.5,38,53,40,7.6,2.6,124613,Graduate,Yes,Day Scholar,No,7.17,5,3,6.83
STU100878,24,Male,5,CE,99,1.7,87,54,41,4.9,7.3,21677,Graduate,No,Hostel,Yes,9.71,3,3,7.53
STU100879,22,Male,5,CE,56,4.4,49,55,78,7.4,3.5,86056,None,Yes,Day Scholar,No,5.46,5,0,7.98
STU100880,19,Female,8,EEE,47,4.9,100,20,47,6.1,5.1,48050,Postgraduate,Yes,Hostel,Yes,9.75,6,2,6.66
STU100881,20,Male,7,CE,65,4.0,50,79,53,6.7,5.3,112744,School,No,Day Scholar,No,6.66,6,0,7.88
STU100882,23,Female,8,IT,70,8.3,64,72,29,5.3,4.1,142702,Graduate,Yes,Day Scholar,No,7.8,6,1,7.29
STU100883,23,Male,6,EEE,76,5.0,92,32,22,6.2,3.5,255930,None,No,Hostel,No,9.31,2,0,7.51
STU100884,22,Female,5,ECE,58,2.8,81,55,33,5.2,8.6,55948,Postgraduate,No,Day Scholar,No,7.41,1,3,6.5
STU100885,21,Male,3,IT,87,5.7,48,29,63,5.6,0.6,247669,Postgraduate,Yes,Day Scholar,No,6.0,1,4,6.49
STU100886,19,Male,6,ECE,49,8.6,100,79,47,5.6,4.9,198538,Postgraduate,Yes,Hostel,Yes,6.08,7,2,9.15
STU100887,21,Male,7,DS,63,9.7,67,60,48,6.6,6.6,59224,None,No,Day Scholar,Yes,5.61,2,1,7.48
STU100888,24,Male,6,ECE,53,8.0,42,38,45,8.5,1.8,48079,Graduate,Yes,Hostel,Yes,7.06,4,2,6.52
STU100889,25,Female,7,DS,95,2.6,51,68,95,6.2,2.2,267791,Postgraduate,No,Day Scholar,Yes,8.72,4,3,8.76
STU100890,23,Male,5,ME,94,8.5,85,93,72,5.5,0.6,189110,None,Yes,Hostel,Yes,5.22,8,1,9.47
STU100891,21,Male,8,EEE,55,6.9,52,29,86,5.0,7.0,137023,Graduate,No,Hostel,No,8.35,5,2,7.44
STU100892,18,Female,1,CE,70,0.1,96,88,82,5.7,1.7,54962,Graduate,No,Hostel,Yes,5.4,3,2,8.51
STU100893,19,Female,5,CE,97,2.5,85,83,59,5.8,4.4,32422,Postgraduate,Yes,Day Scholar,Yes,6.39,5,3,9.09
STU100894,22,Female,2,ECE,100,9.7,87,66,58,7.0,2.3,148693,Graduate,No,Day Scholar,No,7.75,3,1,9.78
STU100895,24,Female,4,CE,94,6.4,48,36,37,8.0,2.4,27017,School,No,Hostel,Yes,6.73,4,3,6.75
STU100896,24,Female,1,IT,85,4.8,77,96,99,4.2,5.6,162539,Graduate,Yes,Day Scholar,Yes,9.05,1,4,9.88
STU100897,19,Female,4,IT,67,2.8,90,150,63,7.3,1.0,266621,None,No,Day Scholar,No,5.06,7,2,8.29
STU100898,20,Female,2,IT,97,1.0,73,82,21,4.8,4.9,186703,None,Yes,Hostel,Yes,7.98,8,1,7.18
STU100899,20,Male,4,ME,68,2.7,81,52,22,6.7,4.4,180339,Postgraduate,No,Day Scholar,No,7.74,3,2,6.99
STU100900,23,Female,5,IT,56,1.7,79,22,78,7.3,7.7,292585,Graduate,No,Hostel,No,7.17,3,0,7.23
,18,Female,5,EEE,95,8.6,73,55,49,6.1,3.4,111795,Graduate,No,Day Scholar,Yes,6.61,1,3,8.14
STU100902,19,Male,7,CE,76,5.3,84,91,53,7.1,6.5,184832,School,Yes,Hostel,Yes,7.68,0,3,7.63
STU100903,21,Male,8,DS,53,1.9,78,47,26,5.5,2.0,51616,None,No,Day Scholar,Yes,5.95,4,0,5.55
STU100904,23,Female,8,EEE,67,8.1,96,67,61,6.5,4.2,251222,Graduate,No,Hostel,No,8.45,8,3,9.96
STU100905,23,Male,7,ECE,51,2.4,89,53,77,4.5,4.4,134934,Postgraduate,No,Hostel,No,6.56,6,0,7.04
STU100906,25,Male,8,EEE,96,6.3,82,72,43,4.9,4.5,176128,Graduate,Yes,Day Scholar,No,5.85,0,3,8.27
STU100907,25,Male,1,ME,72,6.5,86,49,83,4.9,5.0,113253,School,No,Hostel,No,7.79,0,4,7.65
STU100908,18,Female,7,DS,48,2.6,54,88,87,6.4,8.3,248208,School,Yes,Hostel,Yes,6.57,0,0,8.3
STU100909,22,Male,2,CE,91,2.8,55,52,40,8.0,8.5,186687,School,No,Day Scholar,Yes,6.27,1,4,6.9
STU100910,18,Male,7,CE,99,7.9,50,42,81,5.9,3.0,25497,Postgraduate,Yes,Day Scholar,Yes,7.65,8,2,8.63
STU100911,22,Female,4,ECE,70,1.7,61,52,25,4.6,0.8,220708,Postgraduate,Yes,Hostel,Yes,8.85,3,3,6.28
STU100912,25,Male,7,ME,71,8.7,43,29,66,7.4,1.6,26687,School,No,Hostel,Yes,6.81,2,3,8.1
STU100913,19,Female,8,ME,63,7.7,59,23,70,4.6,3.6,31627,Postgraduate,No,Hostel,No,7.93,5,1,7.55
STU100914,21,Male,7,IT,94,5.9,78,54,68,7.3,6.2,140411,Postgraduate,No,Day Scholar,No,7.84,6,1,8.8
STU100915,19,Male,7,ME,88,6.8,42,24,60,6.8,3.2,283767,School,Yes,Day Scholar,Yes,9.74,5,3,7.3
STU100916,22,Male,1,EEE,84,6.2,100,32,69,8.3,7.3,92135,Graduate,Yes,Hostel,No,6.11,6,2,7.94
STU100917,20,Female,7,ME,47,3.6,77,20,65,6.1,7.5,214528,Postgraduate,No,Hostel,Yes,7.78,5,2,7.44
STU100918,21,Female,7,ME,91,4.2,99,37,83,7.9,5.0,45038,None,No,Hostel,Yes,7.82,7,1,9.59
STU100919,25,Male,3,EEE,45,4.4,77,34,88,8.0,4.3,270094,Postgraduate,No,Day Scholar,No,7.04,1,4,7.72
STU100920,23,Female,2,CE,67,6.9,57,45,77,8.2,7.0,26065,School,Yes,Hostel,Yes,9.72,4,2,9.02
STU100921,24,Male,5,CE,79,4.8,81,88,99,5.1,3.4,28021,Postgraduate,No,Hostel,No,8.3,8,4,10
STU100922,24,Male,2,ECE,61,6.8,49,47,68,7.4,8.5,248280,Graduate,No,Day Scholar,Yes,5.26,4,0,7.18
STU100923,25,Female,7,EEE,92,0.8,53,64,20,6.9,5.0,201714,None,Yes,Day Scholar,No,8.71,8,1,6.33
STU100924,24,Female,7,CSE,48,5.7,56,150,31,6.1,1.8,65901,Postgraduate,Yes,Day Scholar,No,7.44,7,4,7.55
STU100925,20,Male,7,ME,59,9.4,66,51,86,7.4,2.9,43137,Postgraduate,No,Hostel,Yes,11.5,2,3,8.21
STU100926,22,Male,1,IT,70,3.6,35,93,82,8.2,0.8,137359,None,No,Day Scholar,Yes,5.85,0,0,7.62
STU100927,21,Male,2,CE,94,5.6,44,24,60,7.1,5.1,209436,Postgraduate,Yes,Day Scholar,No,8.08,8,3,7.77
STU100928,18,Male,5,DS,78,9.0,83,83,92,8.2,1.4,259198,School,No,Hostel,Yes,6.7,3,4,10
STU100929,22,Female,6,EEE,66,6.7,93,59,85,4.2,8.8,155389,Postgraduate,Yes,Hostel,No,9.35,4,3,9.27
STU100930,24,Female,3,CSE,99,3.0,48,34,65,4.2,4.9,45289,None,No,Day Scholar,No,5.98,7,3,7.19
STU100931,21,Male,1,ME,56,1.8,74,96,33,6.1,1.2,164371,Graduate,Yes,Day Scholar,No,7.26,4,1,7.15
STU100932,20,Male,8,EEE,96,8.5,58,87,68,5.4,1.7,86025,Graduate,Yes,Day Scholar,No,6.2,2,4,8.32
STU100933,24,Female,5,ECE,53,2.1,51,35,36,8.7,6.5,96413,Graduate,No,Day Scholar,No,6.19,4,4,5.92
STU100934,20,Male,3,CE,63,7.2,36,97,66,7.8,8.7,111072,None,No,Day Scholar,Yes,6.2,5,3,7.48
STU100935,24,Male,7,IT,100,4.8,95,46,30,4.6,5.7,230351,Graduate,No,Day Scholar,No,5.85,4,4,7.0
STU100936,20,Male,5,EEE,92,8.5,87,58,93,8.2,2.1,260368,None,No,Hostel,Yes,6.25,3,4,9.23
STU100937,23,Male,3,CSE,62,7.7,87,55,96,5.7,2.6,47915,Postgraduate,Yes,Day Scholar,Yes,7.87,2,3,9.04
STU100938,23,Female,7,ECE,75,3.8,94,37,52,6.0,4.2,101650,Graduate,No,Hostel,No,5.0,7,3,7.7
STU100939,24,Male,2,CSE,93,6.4,43,59,36,4.5,7.8,62313,Graduate,Yes,Hostel,Yes,6.17,2,4,7.1
STU100940,22,Male,7,ECE,58,1.5,83,30,31,5.8,7.6,52008,None,No,Day Scholar,No,5.38,6,1,6.21
STU100941,21,Female,8,IT,93,7.7,45,37,79,8.9,4.2,32905,School,No,Day Scholar,Yes,8.72,5,2,8.38
STU100942,22,Female,5,DS,75,7.3,96,89,38,6.9,5.6,187517,Graduate,No,Day Scholar,Yes,5.79,6,2,8.09
STU100943,25,Male,4,IT,93,5.2,92,67,93,6.0,3.5,209679,School,Yes,Day Scholar,No,8.3,4,0,9.64
STU100944,21,Male,3,IT,87,3.8,40,30,23,5.9,5.0,120605,Postgraduate,No,Hostel,Yes,8.35,5,0,5.66
STU100945,18,Male,1,DS,84,7.0,87,26,35,6.2,1.4,169513,School,Yes,Hostel,Yes,5.98,6,4,12
STU100946,23,Male,8,DS,62,0.7,86,48,82,7.6,4.7,253438,Graduate,No,Day Scholar,No,5.2,7,3,7.71
STU100947,20,Female,3,ME,85,8.9,42,82,86,7.8,5.5,266927,Postgraduate,No,Day Scholar,No,8.74,2,2,9.98
STU100948,18,Female,5,EEE,84,3.4,41,56,61,4.5,7.0,203313,School,Yes,Day Scholar,No,9.66,1,1,7.43
STU100949,24,Male,7,ME,55,7.7,67,84,75,6.6,3.1,231952,School,Yes,Hostel,No,6.38,2,0,8.31
STU100950,21,Male,8,IT,71,5.6,93,69,48,6.9,4.3,247781,School,No,Day Scholar,No,8.22,1,2,8.66
STU100951,20,Female,1,IT,91,0.2,59,48,27,6.6,1.1,34774,Postgraduate,Yes,Hostel,No,8.39,2,4,6.43
STU100952,21,Female,5,IT,87,8.8,45,80,57,4.3,8.7,286996,Graduate,Yes,Hostel,Yes,5.51,1,1,7.82
STU100953,19,Female,4,CSE,75,6.5,41,31,36,5.1,3.7,29208,None,No,Day Scholar,Yes,8.94,1,0,7.1
STU100954,23,Male,7,ECE,98,9.7,50,30,99,5.7,4.2,133305,Graduate,No,Hostel,Yes,5.89,8,4,9.17
STU100955,19,Female,8,ME,96,0.3,79,29,80,6.7,2.0,54240,School,No,Day Scholar,Yes,8.72,1,2,8.19
STU100956,21,Female,3,CSE,98,9.8,93,88,90,8.6,6.2,252322,Postgraduate,Yes,Day Scholar,Yes,8.88,5,1,10
STU100957,18,Male,4,DS,97,0.7,36,74,67,9.0,8.8,112630,None,Yes,Hostel,Yes,6.65,6,0,8.01
STU100958,18,Female,2,CE,74,9.0,51,80,54,8.6,1.7,96367,Postgraduate,No,Hostel,Yes,5.07,7,4,8.17
STU100959,19,Male,8,IT,49,8.6,53,91,24,7.2,2.9,35110,Graduate,No,Hostel,No,9.54,5,2,8.23
STU100960,25,male,8,DS,76,2.8,35,24,47,7.9,7.8,85340,Graduate,Yes,Day Scholar,No,6.39,2,4,5.74
STU100961,18,Female,4,IT,98,2.8,72,61,64,5.9,7.1,112358,None,No,Hostel,Yes,7.21,7,3,8.76
STU100962,22,Male,8,CE,60,9.0,85,57,69,8.2,2.7,214509,School,Yes,Day Scholar,Yes,7.91,7,0,9.37
STU100963,18,Male,3,IT,65,8.7,67,32,23,6.9,7.9,190804,Graduate,No,Hostel,Yes,5.02,4,1,6.44
STU100964,25,Male,8,CSE,100,5.9,76,98,20,7.8,4.5,277783,Graduate,Yes,Day Scholar,No,5.13,8,2,8.99
STU100965,19,Female,8,DS,63,8.4,N/A,89,24,7.4,8.8,33838,Graduate,No,Hostel,No,6.49,1,2,8.41
STU100966,19,Male,1,IT,45,8.7,77,54,35,5.8,1.4,84640,Postgraduate,Yes,Hostel,Yes,7.5,8,2,8.25
STU100967,21,Female,1,IT,93,3.8,72,91,62,9.0,3.2,58808,Postgraduate,Yes,Day Scholar,Yes,6.39,4,2,9.02
STU100968,22,Male,2,ME,65,7.8,45,71,-10,6.5,0.6,75889,None,Yes,Hostel,No,7.13,5,2,8.65
STU100969,23,Female,7,ME,94,1.4,89,69,22,8.4,4.2,83329,School,Yes,Hostel,Yes,9.03,8,2,8.48
STU100970,20,Female,4,ECE,97,0.7,81,50,77,8.9,1.0,218622,None,Yes,Hostel,Yes,6.73,7,1,9.01
STU100971,25,Male,3,IT,87,-3,44,93,93,8.1,4.5,29894,School,No,Day Scholar,Yes,9.08,6,4,9.09
STU100972,24,Female,8,ME,83,2.3,84,100,52,8.2,0.7,263791,School,No,Hostel,Yes,6.88,2,1,7.9
STU100973,18,Female,6,CSE,74,7.8,83,78,29,6.8,7.9,113874,Postgraduate,Yes,Day Scholar,No,9.13,7,3,8.01
STU100974,25,Female,3,CSE,67,5.7,93,20,74,5.0,0.8,160830,School,Yes,Hostel,No,6.21,0,0,7.6
STU100975,19,Female,7,EEE,46,6.7,47,56,63,7.1,4.6,220515,Graduate,Yes,Hostel,Yes,8.13,0,1,7.83
STU100976,25,Male,6,CE,94,7.8,62,69,59,8.9,1.0,221255,School,No,Day Scholar,No,5.63,5,0,8.8
STU100977,19,Male,8,ME,89,9.4,85,51,51,7.5,4.1,131618,None,Yes,Day Scholar,Yes,5.71,2,0,8.66
STU100978,18,Female,5,CE,82,9.0,94,82,55,8.3,3.0,37919,Graduate,No,Hostel,No,5.12,6,2,9.95
STU100979,25,Male,8,DS,94,9.4,50,90,22,8.1,5.5,296738,School,Yes,Day Scholar,Yes,5.63,4,1,8.39
STU100980,22,Male,7,EEE,46,6.1,78,94,65,4.8,2.2,53339,School,No,Hostel,No,7.26,7,4,9.12
STU100981,19,Female,1,ME,78,1.0,82,76,78,5.1,1.5,274258,Postgraduate,Yes,Day Scholar,No,8.67,6,2,8.7
STU100982,20,Female,2,ME,93,7.6,81,43,90,4.1,7.7,163819,Postgraduate,Yes,Hostel,Yes,9.11,2,2,9.54
STU100983,20,Male,1,ECE,51,3.7,78,26,43,6.9,1.9,86491,Graduate,No,Hostel,Yes,9.14,5,?,7.13
STU100984,23,Male,7,CE,48,6.7,46,30,89,5.7,2.8,96838,School,Yes,Hostel,No,6.55,5,1,7.1
STU100985,22,Female,4,CE,63,3.5,46,61,91,8.3,5.7,292515,None,No,Day Scholar,No,8.66,2,4,8.19
,25,Female,2,DS,87,9.4,39,29,43,6.8,6.4,73733,None,No,Hostel,No,8.45,5,2,7.09
STU100987,22,Female,7,CSE,54,3.5,74,58,23,7.8,4.5,128801,Postgraduate,Yes,Day Scholar,Yes,5.22,1,4,6.08
STU100988,23,Male,3,EEE,88,7.5,35,48,58,6.7,7.2,149406,Graduate,No,Day Scholar,No,5.59,4,1,6.69
STU100989,20,Female,1,ECE,64,3.7,35,76,49,4.4,3.2,275665,Graduate,No,Day Scholar,Yes,9.46,3,2,7.74
STU100990,18,Male,5,DS,77,7.9,58,91,58,4.8,7.8,248760,None,No,Hostel,No,9.2,8,4,8.4
STU100991,18,Female,8,ME,97,4.2,36,38,55,5.4,5.6,220887,School,Yes,Hostel,Yes,5.64,2,?,7.35
STU100992,21,Female,5,EEE,52,7.1,71,100,59,5.1,3.5,258909,Postgraduate,No,Day Scholar,Yes,6.12,7,0,8.58
STU100993,20,Female,8,IT,56,0.1,55,56,27,6.4,5.9,275459,School,No,Day Scholar,Yes,7.15,4,2,5.35
STU100994,19,Female,3,CSE,82,4.2,76,55,69,4.1,0.8,29620,School,Yes,Day Scholar,Yes,9.6,8,1,8.97
STU100995,18,Female,8,EEE,79,2.5,70,75,63,5.0,5.1,53152,Postgraduate,No,Day Scholar,Yes,9.55,5,0,8.52
STU100996,19,Female,1,CSE,67,6.1,63,57,95,7.6,7.5,113308,Postgraduate,Yes,Hostel,Yes,8.42,0,2,8.9
STU100997,25,Male,3,CSE,88,8.6,52,29,44,5.4,0.7,274782,Grad,Yes,Day Scholar,Yes,9.65,4,0,7.63
STU100998,19,Male,7,EEE,95,3.7,72,74,64,7.4,6.9,123012,None,Yes,Day Scholar,No,9.0,0,2,8.72
STU100999,19,Female,6,IT,46,4.0,50,85,99,8.7,4.9,43290,Postgraduate,Yes,Hostel,Yes,7.82,2,0,8.52
STU101000,18,Male,2,IT,78,4.0,76,76,26,7.4,2.4,280501,School,Yes,Day Scholar,No,8.72,6,4,8.19
STU101001,18,Female,5,EEE,55,1.8,86,47,49,5.7,5.0,241619,None,Yes,Hostel,Yes,9.75,1,1,6.55
STU101002,20,Male,1,ME,79,4.9,59,39,28,4.4,4.9,235814,Postgraduate,No,Day Scholar,No,6.13,0,0,5.78
STU101003,21,Female,1,CE,99,8.3,63,90,22,8.9,2.5,unknown,None,Yes,Hostel,No,9.38,4,2,9.28
STU101004,21,Female,7,CE,69,4.8,37,44,70,5.6,4.0,112344,School,No,Hostel,No,7.4,3,0,7.62
STU101005,25,Female,7,ME,89,0.6,62,30,90,7.3,3.8,67039,Graduate,No,Day Scholar,Yes,5.71,8,3,8.39
STU101006,24,Female,3,CE,47,0.6,87,93,47,5.6,2.9,67085,None,Yes,Hostel,No,7.45,1,0,7.51
STU101007,21,Female,5,CSE,47,6.4,55,67,36,6.4,5.3,27734,None,Y,Hostel,No,7.58,7,1,7.08
STU101008,22,Female,5,CE,54,0.4,50,100,35,6.8,0.8,114955,None,No,Hostel,No,8.36,7,1,7.43
STU101009,22,Female,7,ECE,54,0.7,93,88,57,4.7,6.7,105845,Postgraduate,Yes,Hostel,Yes,9.49,3,4,8.13
STU101010,19,Male,6,DS,49,2.2,63,50,72,6.7,1.4,115783,Postgraduate,Yes,Hostel,No,9.31,5,1,7.42
STU101011,25,Female,8,IT,55,6.0,97,45,29,5.7,8.2,148841,None,Yes,Day Scholar,No,6.55,8,0,6.95
STU101012,23,Female,3,DS,90,9.3,66,47,23,7.1,4.5,190422,Graduate,Yes,Day Scholar,No,6.28,3,2,8.1
STU101013,18,Female,4,DS,57,0.7,90,42,59,7.5,7.2,189121,None,No,Hostel,No,7.33,0,3,5.97
STU101014,21,Female,2,IT,73,6.2,41,76,26,8.3,1.8,141231,None,Yes,Hostel,Yes,7.7,7,3,6.69
STU101015,24,male,6,DS,71,6.7,59,31,87,9.0,7.7,40433,Postgraduate,Yes,Day Scholar,Yes,7.76,0,2,8.55
STU101016,23,Male,1,CE,61,7.5,100,76,74,8.5,8.7,155853,None,Yes,Hostel,Yes,7.3,5,4,9.57
STU101017,18,Male,4,ECE,80,9.7,65,83,34,4.0,1.0,187488,Graduate,No,Day Scholar,No,8.33,5,2,8.84
STU101018,19,Male,4,CSE,49,3.4,94,93,79,7.8,3.4,299279,School,Yes,Day Scholar,No,7.93,5,4,8.28
STU101019,25,Male,3,IT,88,7.0,46,82,47,6.7,2.2,176620,Postgraduate,No,Day Scholar,Yes,7.65,6,2,9.0
STU101020,25,Male,1,EEE,60,0.7,91,79,38,7.1,3.5,107517,Graduate,Yes,Hostel,Yes,5.33,6,4,6.34
STU101021,22,Male,6,CSE,94,5.7,67,39,20,4.3,4.3,87291,Graduate,Yes,Hostel,No,7.96,1,0,7.17
STU101022,19,Female,8,CSE,95,1.6,50,60,90,5.6,5.1,298397,School,Yes,Day Scholar,Yes,7.45,7,1,8.43
STU101023,24,Male,7,CSE,77,8.0,91,38,21,6.8,4.1,124601,School,Yes,Hostel,Yes,5.39,1,4,6.47
STU101024,21,Male,6,EEE,100,6.5,57,98,47,5.3,0.8,19984,Postgraduate,Yes,Hostel,Yes,7.94,1,0,8.15
STU101025,21,Female,3,CSE,46,4.6,39,77,76,7.7,6.2,121588,Postgraduate,No,Day Scholar,No,9.5,7,4,8.06
STU101026,23,Female,5,ECE,58,4.7,93,24,73,8.0,8.6,256953,None,No,Hostel,Yes,8.83,1,3,7.6
STU101027,19,Female,5,DS,98,3.8,63,96,63,8.5,8.3,20342,Postgraduate,Yes,Hostel,No,6.79,0,1,8.69
STU101028,18,Male,2,EEE,82,6.1,42,21,77,8.2,4.7,66628,Postgraduate,Yes,Day Scholar,Yes,7.86,1,2,7.18
STU101029,23,Female,5,CE,69,7.7,N/A,86,24,6.6,4.3,239327,Graduate,No,Day Scholar,No,6.82,1,3,6.5
STU101030,23,Male,3,CE,63,5.4,99,85,84,5.4,2.9,286497,Graduate,Yes,Hostel,Yes,7.04,6,2,9.84
STU101031,25,Female,4,IT,76,0.2,37,65,44,8.3,8.2,220859,Graduate,Yes,Hostel,Yes,5.08,5,4,6.09
STU101032,21,Female,6,IT,65,4.8,64,87,66,8.0,8.4,79967,Postgraduate,No,Day Scholar,No,5.58,3,2,7.7
STU101033,18,Female,8,CE,52,4.5,75,49,69,8.9,3.4,207935,None,No,Day Scholar,No,9.57,0,0,8.57
STU101034,19,Male,2,ECE,83,4.2,39,51,25,5.8,3.3,93964,School,Yes,Day Scholar,No,8.98,5,4,6.5
STU101035,24,Female,3,CSE,56,4.3,48,32,48,5.3,9.0,112245,Graduate,Yes,Day Scholar,No,6.21,4,3,5.62
STU101036,23,Female,3,ME,52,1.7,58,56,82,4.8,6.2,66564,School,No,Hostel,No,5.17,1,3,5.93
STU101037,19,Female,1,ME,71,2.7,84,72,20,7.0,1.0,242556,School,No,Day Scholar,Yes,6.08,7,4,7.24
STU101038,24,Female,2,IT,74,3.5,42,88,48,6.8,8.8,67215,Graduate,No,Hostel,Yes,8.89,6,3,7.98
STU101039,23,Male,2,DS,77,2.5,81,91,81,8.3,6.9,222693,Graduate,No,Hostel,Yes,8.85,1,3,8.69
STU101040,19,Female,5,CE,81,0.4,63,30,37,4.7,4.8,287725,Graduate,Yes,Hostel,Yes,6.79,0,4,4.62
STU101041,22,Male,5,CSE,63,3.2,89,77,98,5.8,6.8,104201,None,Yes,Hostel,No,5.99,1,?,9.21
STU101042,24,Female,6,CSE,70,3.0,76,98,98,7.6,0.8,169975,School,No,Hostel,Yes,8.21,0,2,9.16
STU101043,18,Female,2,ME,61,5.7,70,98,94,5.1,6.9,249414,School,No,Hostel,No,5.72,1,1,9.23
STU101044,24,Male,6,ME,53,3.9,92,46,25,5.9,5.7,88278,Postgraduate,No,Hostel,Yes,6.61,0,0,5.54
STU101045,20,Female,8,CE,47,1.7,53,90,99,8.6,6.3,63275,None,No,Hostel,Yes,5.25,6,0,8.6
STU101046,21,Male,7,EEE,78,7.3,88,47,22,7.9,5.2,26325,Postgraduate,Yes,Hostel,Yes,9.56,3,4,7.57
STU101047,24,Male,4,IT,88,6.4,64,31,47,4.7,5.3,148179,Graduate,No,Hostel,Yes,6.19,8,2,7.22
STU101048,24,Female,1,IT,64,1.5,48,55,87,5.1,4.8,177338,Postgraduate,No,Hostel,Yes,5.35,2,2,7.49
STU101049,20,Female,1,EEE,52,3.3,59,56,57,6.6,6.9,246940,Graduate,Yes,Hostel,Yes,7.15,5,0,6.99
STU101050,18,Female,4,EEE,84,4.8,48,84,79,7.2,4.1,21566,Postgraduate,No,Hostel,No,7.64,2,3,9.03
STU101051,24,Female,5,ME,84,4.2,80,21,91,4.2,1.7,198395,Graduate,Yes,Hostel,Yes,7.46,0,0,8.61
STU101052,21,Male,5,CE,68,8.6,81,55,72,6.6,7.9,242508,Graduate,Yes,Day Scholar,Yes,6.64,8,4,8.63
STU101053,20,Female,6,DS,64,1.0,38,77,55,5.3,6.9,105832,None,Yes,Hostel,No,8.75,7,4,6.68
STU101054,22,Male,8,DS,80,5.0,43,94,45,6.8,0.7,182630,Graduate,No,Day Scholar,No,9.68,5,2,8.03
STU101055,19,Male,8,ME,49,10.0,41,63,62,6.0,7.7,112458,Postgraduate,No,Day Scholar,Yes,6.17,4,2,8.13
STU101056,18,Female,4,ECE,58,3.9,44,82,35,8.7,4.6,70761,School,Yes,Day Scholar,No,8.39,4,3,6.8
STU101057,20,Female,8,ME,63,3.4,51,65,82,7.6,6.2,225275,School,Yes,Hostel,No,5.8,1,3,7.42
STU101058,23,Male,2,CSE,45,8.9,76,29,40,4.6,2.6,125068,Graduate,Yes,Hostel,Yes,7.95,6,2,7.0
STU101059,25,Male,2,CE,89,5.8,64,29,26,7.2,5.6,unknown,None,No,Day Scholar,Yes,7.78,0,4,5.87
STU101060,25,Female,3,CSE,76,3.5,89,150,50,8.5,7.7,277671,School,No,Hostel,No,6.53,0,0,8.21
STU101061,21,Female,1,IT,64,4.5,58,95,57,4.6,4.4,111135,School,No,Hostel,No,8.14,1,1,8.27
STU101062,20,Male,2,DS,86,3.7,N/A,94,22,8.3,5.7,120989,Graduate,No,Hostel,No,7.84,3,2,8.05
STU101063,19,Female,2,DS,56,0.1,76,56,81,7.3,2.6,266153,None,Yes,Hostel,No,5.1,2,1,6.91
STU101064,18,Male,8,AI&ML,82,9.6,79,32,31,4.4,5.7,80679,School,No,Day Scholar,No,9.29,5,4,7.67
STU101065,23,Female,7,DS,51,4.6,55,59,28,4.4,3.1,145448,School,Yes,Hostel,No,6.95,7,2,6.37
STU101066,18,Female,8,ME,65,9.8,99,52,68,4.8,0.5,279424,Graduate,No,Hostel,No,6.47,8,3,9.12
STU101067,20,Male,2,DS,57,7.4,39,83,43,6.4,3.7,226316,Graduate,Yes,Hostel,No,6.32,0,1,7.51
STU101068,19,Male,7,ECE,69,8.2,45,88,44,7.0,5.0,178167,School,No,Hostel,No,5.53,6,4,7.17
STU101069,24,Female,1,ME,100,0.2,77,67,54,6.7,7.1,139967,None,Yes,Hostel,Yes,5.11,4,1,7.0
STU101070,23,Male,5,EEE,61,6.5,55,59,52,6.9,8.1,251340,Graduate,Yes,Hostel,Yes,5.96,0,0,7.23
STU101071,18,Male,4,EEE,64,9.0,59,60,88,8.7,6.4,161403,Postgraduate,No,Hostel,No,9.04,7,3,9.8
STU101072,23,Female,7,CSE,,7.4,35,39,89,6.7,8.0,280049,Postgraduate,No,Hostel,No,7.35,1,1,8.04
STU101073,23,Female,1,ME,73,1.6,44,92,53,6.7,3.1,215145,None,No,Day Scholar,Yes,8.74,7,0,7.83
STU101074,22,Female,8,ME,,7.5,59,41,64,5.8,3.3,21606,Graduate,No,Day Scholar,No,5.27,2,2,6.95
STU101075,22,Male,6,CSE,94,6.6,44,28,20,8.9,3.7,15318,School,Yes,Day Scholar,No,6.35,1,2,5.6
STU101076,20,Male,1,ME,64,9.8,53,84,43,6.3,1.4,23927,Graduate,No,Day Scholar,No,9.77,3,4,8.92
STU101077,20,Female,8,CSE,70,4.1,79,33,52,4.9,1.3,242934,Graduate,No,Hostel,Yes,8.66,7,4,6.81
STU101078,19,Female,8,DS,67,5.6,63,26,80,5.9,4.0,84601,Postgraduate,Yes,Day Scholar,Yes,5.32,0,0,6.98
STU101079,24,Male,1,ME,56,8.4,57,63,77,5.1,6.0,63198,Graduate,No,Hostel,Yes,7.61,0,2,8.11
STU101080,18,Male,6,CSE,58,2.9,96,78,58,5.7,4.7,223851,School,Yes,Day Scholar,Yes,5.77,3,3,7.18
STU101081,20,Male,1,CE,60,0.6,50,93,94,8.8,6.7,84954,None,No,Day Scholar,Yes,7.11,7,1,8.43
STU101082,18,Female,4,EEE,96,0.5,87,67,61,8.8,5.5,72945,Postgraduate,Yes,Hostel,No,9.74,7,0,8.35
STU101083,25,Female,1,EEE,59,2.7,37,85,34,6.4,7.8,99481,None,Yes,Day Scholar,No,5.45,3,0,5.54
STU101084,25,Female,2,ME,94,2.6,50,20,89,8.2,7.3,267486,Postgraduate,Yes,Day Scholar,Yes,8.58,1,3,7.35
STU101085,21,Female,3,IT,93,8.4,40,67,72,6.8,8.7,97777,None,Yes,Day Scholar,Yes,6.3,8,3,7.97
STU101086,22,Female,2,CSE,86,8.3,48,44,86,5.7,3.5,164946,Postgraduate,Yes,Hostel,No,8.41,1,4,8.12
STU101087,22,Male,7,ME,45,6.0,71,93,85,5.6,3.9,202712,None,Yes,Day Scholar,No,7.44,1,?,8.59
STU101088,24,Female,8,DS,82,7.2,76,38,60,7.2,8.2,47093,Postgraduate,Yes,Hostel,No,5.73,3,3,8.24
STU101089,25,Female,1,ME,76,3.1,55,79,78,6.6,1.3,293854,Graduate,No,Day Scholar,No,7.1,0,4,7.93
STU101090,18,Male,2,EEE,45,9.2,63,76,97,5.7,3.8,283844,None,No,Hostel,No,7.01,3,1,9.4
STU101091,21,Female,2,ECE,45,9.2,38,68,90,5.9,4.9,263350,Graduate,No,hostel,Yes,5.09,0,0,8.2
STU101092,23,Male,8,DS,83,2.0,51,93,72,8.5,7.0,180368,None,No,Day Scholar,Yes,7.62,0,4,7.63
STU101093,19,Female,8,CE,64,7.5,40,65,27,8.3,4.1,203295,Postgraduate,No,Day Scholar,No,9.68,1,3,6.98
,18,Male,6,ME,56,5.7,100,74,77,9.0,7.7,49520,School,No,Day Scholar,No,6.46,3,2,8.76
STU101095,20,Male,2,DS,89,4.1,82,31,69,4.5,3.1,154999,School,Yes,Day Scholar,No,6.09,5,2,8.27
STU101096,18,Female,5,DS,64,5.9,61,50,27,4.2,7.7,51111,Graduate,Yes,Day Scholar,No,7.49,5,0,6.1
STU101097,22,Female,6,ECE,59,5.5,100,63,79,6.5,7.1,173269,Graduate,Yes,Day Scholar,Yes,6.63,1,2,8.45
STU101098,21,Male,6,DS,66,0.1,88,56,40,7.6,5.0,234990,None,No,Day Scholar,No,8.05,5,2,7.1
STU101099,24,Male,7,CE,79,1.1,69,66,93,8.8,7.0,28501,None,Yes,Day Scholar,No,9.34,3,1,8.85
STU101100,19,Male,8,DS,94,2.0,70,26,44,5.0,4.2,211007,None,No,Hostel,No,9.34,8,3,7.7
STU101101,19,Female,2,IT,73,3.0,46,22,52,4.2,0.6,119734,School,Yes,Hostel,No,5.08,7,4,5.62
STU101102,19,Male,2,CSE,75,4.1,85,47,98,4.8,8.3,30047,School,No,Day Scholar,Yes,6.88,5,1,8.83
STU101103,19,Male,5,EEE,61,3.1,84,25,34,7.2,5.0,282942,Postgraduate,Yes,Day Scholar,No,5.3,5,4,5.59
STU101104,25,Female,2,IT,69,4.6,73,58,88,4.6,1.0,123611,Graduate,Yes,Hostel,Yes,8.52,1,4,8.9
STU101105,22,Male,1,DS,48,2.6,80,99,68,4.2,8.8,99677,Postgraduate,No,Day Scholar,No,5.62,4,3,7.61
STU101106,24,Male,8,ME,58,6.6,71,80,94,4.9,8.4,218372,None,Yes,Day Scholar,Yes,6.77,6,2,8.38
STU101107,22,Male,5,CSE,54,8.8,64,29,58,5.2,7.2,47262,School,No,Hostel,Yes,8.93,0,1,6.78
STU101108,20,Male,7,CSE,80,3.7,95,99,89,4.5,6.4,152544,None,No,Day Scholar,Yes,7.65,7,1,10
STU101109,20,Male,8,ME,59,8.8,65,27,80,4.7,4.3,249299,None,Yes,Day Scholar,Yes,6.06,1,2,7.68
STU101110,21,Male,2,CE,68,3.7,48,68,24,8.3,7.8,57628,Postgraduate,Yes,Hostel,Yes,7.44,2,4,5.98
STU101111,19,Male,2,CE,89,0.2,70,74,74,7.2,5.0,226902,Postgraduate,No,Day Scholar,No,5.05,3,4,7.18
STU101112,22,Female,3,ME,62,1.0,40,53,55,7.7,7.0,173078,School,Yes,Hostel,No,5.72,7,2,5.64
STU101113,18,Female,7,CSE,96,9.3,38,53,98,5.1,2.6,127151,School,No,Hostel,Yes,8.66,1,0,8.95
STU101114,25,Male,3,CSE,96,3.9,74,72,32,8.1,6.7,198472,Postgraduate,Yes,Hostel,Yes,9.36,6,2,8.39
STU101115,20,Male,5,ME,78,1.2,35,54,25,4.6,2.1,260045,Graduate,Yes,Hostel,Yes,7.91,8,2,5.89
STU101116,21,Female,6,EEE,92,6.4,91,35,30,6.8,4.3,158082,Graduate,No,Hostel,No,9.46,5,2,7.75
STU101117,25,Female,8,IT,94,3.9,94,81,51,6.3,5.6,129625,School,Yes,Hostel,Yes,5.51,2,1,7.79
STU101118,22,Male,2,ECE,52,0.7,67,80,41,8.9,1.0,205342,Graduate,Yes,Day Scholar,Yes,5.44,8,0,7.66
STU101119,22,Male,8,CE,62,1.5,45,72,73,8.3,0.6,147213,None,Yes,Hostel,No,8.92,5,1,8.26
STU101120,19,Male,7,CSE,92,7.3,92,62,53,8.5,2.9,224655,Postgraduate,No,Hostel,Yes,7.81,4,3,8.56
STU101121,21,Female,4,EEE,79,8.4,43,60,87,4.6,6.7,152849,School,Yes,Day Scholar,No,7.36,3,1,7.99
STU101122,23,male,8,ECE,62,9.4,99,81,43,5.9,4.7,285158,School,No,Hostel,Yes,8.12,0,2,8.43
STU101123,19,Female,3,ECE,58,3.8,92,93,91,5.0,6.6,176479,Postgraduate,Yes,Day Scholar,Yes,9.77,6,0,9.23
STU101124,23,male,1,CE,77,1.2,41,31,88,5.3,7.2,266589,None,Yes,Hostel,No,8.48,2,3,7.42
STU101125,19,Female,6,DS,100,8.8,98,30,87,4.7,1.0,70957,None,No,Day Scholar,,7.56,8,1,9.99
STU101126,23,Female,3,CSE,89,7.6,43,64,66,6.7,6.4,15987,Postgraduate,No,Day Scholar,Yes,7.38,3,2,7.85
STU101127,19,Male,4,DS,69,2.2,51,45,96,8.8,6.3,271061,Postgraduate,Yes,Day Scholar,No,9.23,6,1,8.84
STU101128,18,Female,7,IT,89,5.9,73,48,95,5.7,4.6,57680,School,No,Day Scholar,No,7.43,5,0,9.11
STU101129,23,Female,8,ME,82,9.6,45,49,61,7.1,5.9,120289,None,Yes,Day Scholar,No,5.3,4,0,8.18
STU101130,18,Male,2,ECE,72,8.2,82,23,72,4.8,8.4,299550,None,No,Hostel,No,7.31,1,3,7.21
STU101131,21,Male,7,ME,80,3.7,98,23,67,7.1,2.5,123521,Postgraduate,No,Hostel,Yes,8.97,3,2,7.75
STU101132,19,Female,2,CE,45,2.6,40,59,46,8.5,7.0,83346,Postgraduate,No,Day Scholar,No,7.28,7,3,6.11
STU101133,25,Female,1,ECE,87,9.9,63,65,55,7.3,1.5,95565,Graduate,No,Hostel,No,8.41,8,3,9.53
STU101134,25,Female,3,ECE,99,8.0,76,30,28,6.3,1.2,102368,Postgraduate,No,Day Scholar,Yes,7.08,8,4,7.85
STU101135,21,Male,8,CE,84,2.4,64,97,26,4.9,4.0,54631,Postgraduate,Yes,Day Scholar,Yes,5.08,0,0,6.53
STU101136,21,Male,5,CE,61,7.1,38,91,40,8.8,5.0,127132,None,Yes,Day Scholar,No,5.01,6,0,7.56
STU101137,24,Female,5,IT,91,9.1,92,36,62,4.3,2.6,92041,None,Yes,Hostel,Yes,5.61,2,0,9.04
STU101138,19,Female,6,ECE,77,5.9,44,76,79,7.9,3.2,229467,Graduate,No,Hostel,Yes,6.59,0,4,8.79
STU101139,24,Female,3,CE,70,2.1,95,94,76,5.3,7.6,145909,None,Yes,Day Scholar,Yes,7.64,1,4,8.04
STU101140,18,Female,6,DS,85,5.1,98,64,45,6.3,3.2,22330,None,No,Hostel,Yes,8.03,3,0,8.15
STU101141,19,Female,7,ME,79,3.4,50,60,32,5.9,3.3,36176,None,Yes,Day Scholar,No,5.87,4,?,6.46
,25,Female,3,DS,53,3.2,44,98,22,4.3,3.0,24390,Graduate,Yes,Hostel,No,7.56,2,0,5.97
STU101143,18,Female,5,ECE,96,5.8,93,91,49,4.2,8.2,121709,Postgraduate,No,Hostel,No,6.03,3,2,9.15
STU101144,21,Female,3,DS,87,7.4,58,72,79,5.1,5.7,98780,None,Yes,Day Scholar,No,9.0,2,1,9.28
STU101145,23,Female,2,CE,50,1.3,36,95,51,eight,7.2,128367,Graduate,Yes,Day Scholar,No,5.75,4,0,6.69
STU101146,23,Male,3,ME,65,1.2,87,95,41,6.0,5.3,148301,Graduate,Yes,Day Scholar,No,6.36,4,4,7.87
STU101147,20,Female,8,CE,96,1.6,41,60,93,6.6,8.3,75670,Postgraduate,Yes,Day Scholar,Yes,6.27,8,0,8.48
STU101148,22,Female,2,EEE,45,7.2,75,76,77,6.0,4.7,282634,School,Yes,Day Scholar,Yes,6.9,0,1,8.53
STU101149,23,Male,6,EEE,61,4.1,67,79,79,6.0,4.4,290085,School,No,Day Scholar,No,9.68,4,1,8.71
STU101150,25,Female,4,CE,98,1.7,55,27,65,5.6,8.4,234450,Postgraduate,Yes,Day Scholar,No,7.48,3,2,7.52
STU101151,22,Male,7,CSE,94,1.0,39,61,100,4.4,4.4,42992,Postgraduate,No,Hostel,Yes,8.3,8,4,8.35
STU101152,23,Female,7,EEE,86,8.2,74,63,92,8.7,7.4,127807,None,Yes,Hostel,No,8.28,3,4,9.39
STU101153,20,male,8,EEE,49,5.3,96,21,53,8.3,0.7,225237,None,No,Day Scholar,No,5.16,1,2,6.12
STU101154,24,Female,3,ME,83,1.6,72,22,45,7.8,4.2,168683,School,No,Hostel,No,6.55,1,2,5.77
STU101155,25,Female,6,EEE,67,1.1,87,67,48,4.7,0.8,87851,Graduate,No,Hostel,No,7.61,7,0,7.05
STU101156,24,Male,4,CSE,88,3.4,67,63,65,4.6,4.7,76177,Postgraduate,Yes,Hostel,Yes,7.17,6,2,8.02
STU101157,24,Male,2,EEE,77,6.3,54,23,47,5.2,2.7,180922,Graduate,No,Day Scholar,No,8.97,4,0,6.77
STU101158,24,Female,6,DS,62,7.6,63,56,94,7.4,1.9,170418,Graduate,No,Day Scholar,Yes,7.2,2,0,8.31
STU101159,18,Female,8,CE,78,2.5,72,71,34,5.0,2.8,277090,Postgraduate,No,Hostel,Yes,8.83,4,1,7.55
STU101160,18,Male,5,IT,47,8.6,40,29,35,6.4,5.0,19905,None,Yes,Hostel,No,6.97,-1,1,6.79
STU101161,20,Female,3,DS,79,2.3,76,82,86,5.7,7.1,34912,Postgraduate,Yes,Day Scholar,No,8.64,4,4,8.4
STU101162,20,Male,4,ECE,45,7.7,96,40,-10,8.8,1.9,246244,Postgraduate,No,Hostel,Yes,6.81,3,4,8.15
STU101163,22,Male,7,IT,67,1.8,46,65,62,6.7,3.5,211373,Postgraduate,No,Day Scholar,Yes,6.75,3,2,6.87
STU101164,24,Female,4,CSE,57,2.3,38,91,31,4.4,8.2,43150,Postgraduate,Yes,Hostel,Yes,6.73,0,4,6.18
STU101165,23,Female,6,ME,54,3.3,45,23,65,4.3,3.3,253922,Graduate,No,Hostel,No,5.26,3,2,6.34
STU101166,25,Male,2,CE,87,3.6,95,91,89,7.2,1.0,180399,Postgraduate,No,Day Scholar,No,5.79,8,3,9.33
STU101167,23,Male,6,CE,78,6.8,77,41,79,5.7,3.6,101494,None,Yes,Day Scholar,No,7.71,0,2,7.64
STU101168,25,Female,4,ECE,56,9.0,52,36,45,6.8,4.8,102896,Postgraduate,Yes,Hostel,No,8.93,2,1,7.64
STU101169,24,Female,3,EEE,85,2.1,87,55,76,6.9,7.4,52868,None,No,Hostel,Yes,5.03,0,4,7.37
STU101170,19,Male,7,ECE,65,9.1,98,41,56,6.2,6.6,167203,School,Yes,Hostel,No,6.98,3,3,8.85
STU101171,19,Male,3,ME,83,6.7,70,85,31,6.5,7.5,259635,Postgraduate,Yes,Day Scholar,No,7.7,2,1,8.2
STU101172,18,Female,3,IT,,6.3,56,68,41,6.2,6.8,47438,School,No,Hostel,Yes,7.32,1,2,7.97
STU101173,23,Male,4,ME,49,5.8,85,83,66,5.7,7.0,258565,Postgraduate,Yes,Day Scholar,Yes,8.18,5,4,8.13
STU101174,23,Male,7,IT,64,1.6,79,59,66,5.9,2.5,143462,Graduate,Yes,Hostel,Yes,7.11,0,2,7.27
STU101175,18,Male,3,DS,94,3.9,47,89,33,4.1,8.5,135752,School,Yes,Day Scholar,Yes,9.4,7,2,8.22
STU101176,25,Male,4,IT,72,6.0,44,91,47,8.4,1.9,263238,Postgraduate,No,Day Scholar,No,9.07,8,2,8.08
STU101177,18,Male,4,EEE,80,6.0,38,47,90,4.3,6.2,265486,Postgraduate,No,Hostel,Yes,8.78,8,3,8.64
STU101178,19,Female,2,DS,87,2.5,89,20,43,8.5,0.8,90857,School,Yes,Hostel,No,8.6,0,0,6.99
STU101179,25,Male,6,EEE,78,1.3,N/A,47,93,8.5,2.1,20530,Postgraduate,Yes,Hostel,Yes,5.13,0,2,7.34
STU101180,25,Female,5,ECE,86,2.1,84,98,97,8.1,4.7,269210,Postgraduate,No,Day Scholar,Yes,8.76,6,4,10
STU101181,21,Male,1,CE,90,9.9,35,26,51,6.7,4.0,136519,Graduate,Yes,Day Scholar,No,7.65,-1,2,7.89
STU101182,22,Female,6,CE,95,6.3,88,37,41,4.3,3.0,86657,Graduate,Yes,Hostel,,9.15,6,2,8.28
STU101183,24,Male,7,CE,57,7.8,77,46,55,6.5,7.7,27910,Postgraduate,Yes,Hostel,Yes,8.27,1,1,8.3
STU101184,18,Male,5,ME,76,2.5,79,83,59,6.5,6.9,207588,None,No,Day Scholar,No,8.15,2,3,7.68
STU101185,22,Male,1,DS,47,4.4,55,37,49,6.4,7.6,103632,Postgraduate,Yes,Day Scholar,No,7.0,2,2,6.4
STU101186,19,Male,6,ME,60,4.7,58,30,-10,5.6,3.0,277223,School,No,Hostel,No,5.02,6,3,5.64
STU101187,19,Male,6,ECE,50,1.4,43,23,62,8.0,5.6,86311,None,Yes,Day Scholar,Yes,6.82,7,3,5.31
STU101188,25,Male,1,DS,95,2.7,92,27,31,4.1,8.9,51911,Graduate,No,Hostel,No,9.59,7,0,7.11
STU101189,23,Female,1,EEE,94,7.7,70,63,70,4.4,2.6,84986,Graduate,Yes,Day Scholar,No,8.14,3,3,9.17
STU101190,23,Female,6,DS,86,5.5,49,69,68,5.0,7.1,52057,Postgraduate,No,Hostel,No,8.34,7,3,8.57
STU101191,24,Female,2,IT,66,4.0,79,43,26,4.6,4.6,259973,Postgraduate,No,Day Scholar,No,8.54,8,2,6.61
STU101192,19,Female,4,EEE,46,2.2,60,59,43,8.5,8.9,186521,Postgraduate,Yes,Day Scholar,Yes,9.41,8,4,6.09
STU101193,22,Female,3,ME,62,0.4,63,36,70,6.3,7.4,280758,None,Yes,Hostel,Yes,9.62,0,1,6.56
STU101194,23,Female,7,EEE,90,-3,97,50,94,8.1,8.0,35497,Graduate,Yes,Hostel,No,6.97,1,1,9.25
STU101195,25,Female,5,DS,77,5.9,74,31,60,7.5,5.4,138057,School,Yes,Hostel,Yes,8.2,4,0,7.53
STU101196,23,Male,3,ME,82,4.0,85,30,76,5.6,2.2,48703,Postgraduate,No,Hostel,No,9.7,8,0,8.77
STU101197,20,Female,4,CE,61,2.5,36,48,93,5.5,7.3,113265,None,Yes,Hostel,No,6.07,3,2,6.43
STU101198,22,Male,8,DS,81,1.6,66,68,66,7.2,5.7,160341,Graduate,Yes,Hostel,Yes,6.96,6,2,12
STU101199,25,Female,3,IT,84,5.8,92,47,25,5.1,2.0,27500,Graduate,Yes,Day Scholar,Yes,5.49,3,2,7.37
STU101200,23,Male,5,CSE,99,9.5,93,34,77,5.1,8.5,136855,School,Yes,Hostel,Yes,6.45,5,4,8.66
STU101201,21,Male,5,EEE,,2.3,48,43,24,7.6,8.3,172065,Postgraduate,Yes,Day Scholar,Yes,5.53,6,2,5.49
STU101202,23,Female,5,IT,73,0.4,38,43,73,8.8,0.9,245002,None,No,Day Scholar,Yes,9.78,6,2,7.66
STU101203,24,Male,6,IT,48,3.7,64,51,38,6.8,3.8,114456,Graduate,No,Hostel,No,7.36,0,4,6.59
STU101204,19,Male,2,IT,66,8.3,62,27,64,4.5,7.9,154010,Postgraduate,Yes,Hostel,Yes,5.92,3,2,6.7
STU101205,20,Female,2,EEE,86,5.6,80,80,21,4.2,1.1,262593,Graduate,No,Hostel,No,5.88,2,1,6.89
STU101206,25,Male,2,DS,78,8.4,53,72,76,7.2,6.4,15531,Postgraduate,Yes,Hostel,Yes,9.42,5,1,9.68
STU101207,24,Male,7,IT,74,9.8,85,25,43,6.8,4.2,158212,Postgraduate,No,Hostel,No,9.53,3,1,7.98
STU101208,22,Male,5,IT,70,6.4,52,23,65,8.5,1.0,69572,Graduate,Yes,Hostel,No,7.07,5,?,7.43
STU101209,21,Female,1,ME,81,1.8,73,74,98,6.3,6.8,95917,School,Yes,Hostel,Yes,7.74,8,3,8.64
STU101210,21,Female,7,CE,57,4.4,100,59,39,4.5,5.0,234741,None,No,Day Scholar,No,6.71,6,4,7.32
STU101211,22,Female,3,CSE,46,0.8,83,56,59,4.9,6.9,227233,Postgraduate,Yes,Hostel,No,8.98,2,0,7.15
STU101212,20,Female,4,CE,97,4.7,57,72,67,4.0,2.6,74452,Postgraduate,Yes,Day Scholar,No,7.45,1,1,8.13
STU101213,21,Female,6,EEE,83,0.1,58,40,42,8.6,0.7,189024,Postgraduate,Yes,Hostel,No,7.8,2,4,5.82
STU101214,22,Female,2,DS,59,3.8,65,57,26,8.1,6.3,283620,Postgraduate,Yes,Hostel,Yes,7.43,1,3,5.89
STU101215,21,Female,3,ECE,77,4.3,81,35,79,5.7,4.8,30700,None,Yes,Day Scholar,No,7.9,6,0,8.45
STU101216,25,Male,1,CE,46,2.1,54,39,41,8.2,1.0,161692,None,Yes,Hostel,No,7.65,7,3,6.24
STU101217,23,Male,6,IT,67,1.8,43,89,32,7.7,8.6,97913,None,No,Day Scholar,No,6.78,-1,4,6.9
STU101218,23,Male,1,EEE,69,6.5,37,94,99,5.3,6.5,123245,None,No,Hostel,Yes,5.2,1,4,8.28
STU101219,19,Female,3,CSE,52,6.3,88,83,27,4.3,2.3,122299,Graduate,Yes,Day Scholar,No,8.34,3,1,7.57
STU101220,18,Female,7,DS,51,5.3,90,26,26,5.4,3.6,216096,None,No,Day Scholar,No,7.81,7,1,6.46
STU101221,20,Male,8,ECE,68,7.7,68,70,74,5.3,6.9,53327,None,No,Day Scholar,Yes,5.18,1,3,7.97
STU101222,23,Female,8,CSE,93,6.6,38,90,86,7.2,4.2,199818,Graduate,No,Hostel,No,5.69,2,2,9.51
STU101223,25,Male,7,IT,71,2.2,52,80,66,6.5,3.0,297940,None,No,Hostel,No,8.55,3,0,8.49
STU101224,24,Male,2,CSE,81,8.7,68,96,32,eight,8.2,56562,None,Yes,Hostel,Yes,5.84,5,2,7.86
STU101225,20,Male,5,DS,,0.7,94,73,50,6.9,7.0,224141,School,No,Hostel,No,7.45,8,2,8.21
STU101226,19,Female,5,CE,70,5.4,62,96,75,8.7,6.2,162568,Postgraduate,Yes,Day Scholar,No,9.46,6,0,9.74
STU101227,23,Female,1,DS,79,6.0,68,90,29,5.3,4.3,149589,Graduate,Yes,Hostel,No,5.83,6,2,7.73
STU101228,19,Male,4,EEE,86,2.9,60,150,27,7.3,0.6,266837,Postgraduate,No,Hostel,Yes,7.06,1,4,7.04
STU101229,23,Male,4,DS,79,0.1,63,31,98,4.8,3.2,196458,None,No,Hostel,Yes,8.3,7,0,7.94
STU101230,25,Male,7,ECE,67,6.4,49,57,54,6.3,7.6,118220,School,No,Day Scholar,No,7.21,5,1,6.79
STU101231,25,Female,4,IT,45,0.5,59,57,75,8.0,5.6,207822,School,Yes,Hostel,Yes,7.81,7,0,8.01
STU101232,25,Male,4,ECE,76,1.8,78,96,36,7.4,2.2,262493,None,Yes,Hostel,No,7.2,7,1,8.66
STU101233,25,Male,8,EEE,76,0.9,40,57,23,5.0,7.8,161830,School,Yes,Hostel,No,9.49,2,3,5.4
STU101234,22,Male,3,CSE,93,8.8,99,56,34,8.0,4.3,82185,Graduate,No,Hostel,No,6.48,0,3,8.3
STU101235,22,Female,1,DS,52,4.6,61,71,21,5.4,3.2,162337,None,Yes,Day Scholar,No,7.24,0,0,5.93
STU101236,23,Female,7,IT,78,7.5,58,93,79,4.5,4.9,275659,None,Yes,Day Scholar,,9.1,8,1,9.28
STU101237,22,Female,9,ME,50,4.2,68,99,94,7.5,5.5,250043,Graduate,No,Day Scholar,Yes,9.19,8,4,9.9
STU101238,24,Female,1,ME,100,2.4,75,95,51,4.7,2.6,223190,School,No,Hostel,No,8.03,7,2,8.47
STU101239,18,Male,5,CSE,100,3.5,62,67,31,6.6,0.9,unknown,School,Yes,Hostel,Yes,7.11,1,4,7.07
STU101240,18,Female,4,EEE,89,7.4,57,34,33,5.7,7.4,171801,School,No,Hostel,No,7.31,-1,0,7.54
STU101241,23,Female,7,EEE,83,7.5,47,35,75,7.9,5.7,170272,Postgraduate,Yes,Hostel,Yes,9.12,5,0,7.96
STU101242,24,Male,3,EEE,86,8.7,52,88,80,6.3,6.9,71621,Postgraduate,Yes,Hostel,No,9.32,2,0,10
STU101243,20,Male,1,DS,85,6.1,82,25,84,7.8,0.7,258178,Graduate,Yes,Day Scholar,No,6.22,5,3,9.2
STU101244,24,Male,1,DS,63,-3,63,80,39,4.4,0.9,288695,School,No,Day Scholar,No,5.15,3,3,6.94
STU101245,20,Female,6,ME,93,4.7,51,66,94,5.8,7.7,205329,School,Yes,Day Scholar,Yes,8.04,7,3,8.72
STU101246,25,Male,5,AI&ML,81,0.8,77,31,98,8.8,3.9,158243,School,No,Hostel,No,9.41,4,3,8.91
STU101247,23,Female,8,DS,97,8.7,100,72,41,5.9,2.0,197634,School,Yes,Hostel,No,8.3,5,2,9.88
STU101248,25,Male,6,ECE,97,3.2,92,27,98,7.5,6.9,81537,School,No,Day Scholar,No,8.47,0,4,8.43
STU101249,25,Female,3,CSE,63,0.8,76,60,30,5.3,2.6,230879,School,No,Day Scholar,No,7.08,4,3,6.89
STU101250,21,Female,1,DS,68,7.9,69,44,27,6.2,4.8,79126,None,Yes,Day Scholar,No,9.47,1,4,6.63
STU101251,22,Male,1,DS,82,4.1,77,24,40,4.1,8.3,71951,Postgraduate,Yes,Day Scholar,No,5.37,1,4,6.32
STU101252,18,Male,4,DS,88,3.0,82,86,99,4.7,3.0,110945,None,No,Hostel,No,6.08,1,0,8.71
STU101253,23,Male,6,DS,99,7.5,40,78,48,5.1,5.2,264343,None,Yes,Day Scholar,No,7.74,8,0,8.37
STU101254,24,Male,7,EEE,72,1.1,67,98,30,8.5,5.1,192364,School,No,Hostel,Yes,5.27,5,3,7.02
STU101255,25,Female,8,CSE,76,1.3,88,32,52,4.7,8.5,257113,None,Yes,Day Scholar,No,6.17,0,0,5.79
STU101256,19,Male,7,CSE,60,6.1,37,84,58,4.2,5.1,57831,School,Yes,Day Scholar,Yes,6.82,0,0,7.36
STU101257,19,Male,1,EEE,54,2.1,74,92,28,5.8,3.5,61559,Graduate,Yes,Day Scholar,No,5.01,7,0,6.8
STU101258,24,Male,6,IT,79,7.7,38,22,97,7.4,6.5,92993,None,Yes,Hostel,Yes,5.93,8,1,8.14
STU101259,24,Male,4,DS,78,9.2,72,65,87,7.6,2.2,43958,Graduate,Yes,Hostel,Yes,6.4,8,1,10
STU101260,23,Female,6,CE,54,2.5,99,84,38,8.2,1.6,176805,Graduate,No,Day Scholar,No,7.3,6,4,7.13
STU101261,25,Female,3,DS,79,9.9,51,58,29,4.0,5.3,84584,School,No,Day Scholar,No,7.43,7,1,7.23
STU101262,21,Male,7,ECE,81,7.3,51,45,21,4.1,8.9,262564,Graduate,No,Day Scholar,Yes,8.28,4,3,6.08
STU101263,20,Female,5,DS,65,2.0,57,22,89,6.0,8.3,274688,None,Yes,Hostel,Yes,8.21,4,4,6.58
STU101264,25,Male,5,DS,99,9.6,36,87,41,8.2,2.4,45860,Postgraduate,No,Day Scholar,No,9.75,1,3,8.56
STU101265,21,Male,7,CE,67,0.8,84,92,71,4.8,7.4,215998,School,Yes,Hostel,No,5.9,8,3,7.36
STU101266,18,Female,6,CE,77,5.0,97,74,29,7.8,,34678,Postgraduate,No,Day Scholar,Yes,5.54,1,2,7.79
STU101267,24,Female,5,EEE,99,6.7,40,60,27,7.9,7.7,236374,Postgraduate,No,Day Scholar,No,8.42,2,4,7.49
STU101268,21,Male,5,ME,62,2.2,63,20,93,6.5,8.0,167232,Graduate,Yes,Hostel,No,8.37,4,4,6.72
STU101269,19,Female,4,CSE,56,6.2,81,42,64,7.8,2.4,261273,Graduate,Yes,Hostel,No,8.36,7,3,7.65
STU101270,19,Female,7,EEE,60,9.8,58,85,79,7.1,3.2,180761,School,Yes,Day Scholar,No,5.46,1,0,8.31
STU101271,23,Female,7,ME,68,4.2,91,46,92,5.7,7.0,196959,Postgraduate,Yes,Day Scholar,No,7.01,4,0,8.08
STU101272,19,Female,2,IT,85,1.1,N/A,63,79,7.7,7.9,103709,Postgraduate,No,Hostel,Yes,8.08,0,1,7.99
STU101273,20,Female,4,CE,69,8.2,47,89,53,4.1,7.6,244462,None,Yes,Day Scholar,No,9.6,4,0,8.51
STU101274,19,Female,4,EEE,82,4.5,35,97,22,6.6,8.4,44171,Graduate,No,Hostel,Yes,9.67,2,0,7.48
STU101275,24,Female,2,CE,75,3.3,50,49,90,6.5,4.8,125455,None,Yes,Day Scholar,Yes,5.66,6,3,7.62
STU101276,24,Female,4,CSE,83,5.5,95,57,39,7.9,3.7,92839,Graduate,No,Day Scholar,Yes,5.88,5,1,7.71
STU101277,21,Female,1,EEE,45,6.7,97,84,21,8.6,5.4,92617,None,No,Hostel,No,9.65,3,3,8.36
STU101278,24,male,8,DS,79,3.3,49,75,85,4.2,8.2,256320,School,No,Day Scholar,Yes,5.36,4,2,7.31
STU101279,25,Male,3,ME,52,8.9,98,79,30,4.1,6.6,170051,None,Yes,Hostel,No,6.15,6,2,7.92
STU101280,25,Male,2,ME,49,4.1,36,32,36,4.6,7.4,178387,Postgraduate,No,Hostel,No,6.44,3,3,4.65
STU101281,20,Female,3,ME,80,7.9,69,34,97,4.7,4.0,225209,Graduate,Yes,Day Scholar,No,9.37,5,1,9.07
STU101282,21,Male,1,CSE,54,2.9,47,80,71,5.5,6.4,269561,School,Yes,Day Scholar,Yes,8.16,5,2,8.1
STU101283,19,Female,8,DS,53,2.4,38,24,85,9.0,8.0,145683,Postgraduate,Yes,Hostel,No,7.2,2,3,6.88
STU101284,24,Male,2,ECE,53,9.5,35,77,79,7.3,8.3,102732,School,No,Hostel,Yes,7.06,7,2,8.21
STU101285,25,Male,2,EEE,98,9.4,55,76,69,6.4,1.2,149437,Postgraduate,Yes,Day Scholar,No,9.59,2,3,8.94
STU101286,24,Female,8,IT,87,6.2,82,100,55,4.8,0.7,48148,Graduate,Yes,Hostel,Yes,5.99,5,0,9.52
STU101287,25,Male,8,IT,52,5.4,79,46,95,7.6,1.9,79476,Postgraduate,Yes,Hostel,No,6.04,4,3,8.8
STU101288,23,Female,6,ME,64,8.7,76,29,65,5.9,2.9,154383,Postgraduate,No,Hostel,No,7.88,3,4,8.39
STU101289,20,Male,8,DS,84,2.7,92,53,68,4.4,2.0,267070,Postgraduate,No,Day Scholar,Yes,6.73,2,1,8.34
STU101290,23,Male,8,CE,100,6.6,99,58,87,6.2,6.4,291309,Postgraduate,Yes,Hostel,No,7.88,2,3,9.55
,25,Female,4,CSE,46,8.1,63,74,50,6.9,8.8,152171,Graduate,Yes,Day Scholar,No,7.0,0,0,7.06
STU101292,23,Female,1,CSE,46,6.3,47,39,39,5.4,5.0,185748,School,Yes,Hostel,Yes,7.7,1,1,6.5
STU101293,21,Female,2,ECE,87,3.6,72,59,69,8.6,7.1,50208,School,No,Day Scholar,Yes,8.3,5,4,7.82
STU101294,22,Female,5,ECE,64,3.3,50,47,75,7.2,4.3,44532,None,No,Hostel,Yes,8.42,2,1,7.61
STU101295,22,Female,8,CSE,55,2.4,55,54,33,7.2,6.5,18719,School,Yes,Day Scholar,No,5.82,6,4,6.06
STU101296,18,Female,4,CE,80,0.9,36,77,67,8.9,1.4,167854,Postgraduate,No,Hostel,Yes,8.12,7,3,8.37
STU101297,20,Male,2,CSE,50,7.9,76,53,46,6.7,2.3,17578,Postgraduate,Yes,Hostel,No,8.78,0,1,7.76
STU101298,23,Male,3,CE,88,4.1,43,46,78,4.2,8.7,58102,School,Yes,Day Scholar,No,6.53,5,4,7.73
STU101299,21,Female,4,ME,55,0.5,38,22,89,5.5,1.0,282466,Postgraduate,Yes,Hostel,No,8.32,4,2,6.57
STU101300,18,Female,6,EEE,85,8.7,50,69,58,7.4,4.4,72961,None,No,Day Scholar,Yes,9.18,0,2,9.23
STU101301,23,Male,3,EEE,83,9.2,87,92,57,5.5,8.8,187225,Graduate,No,Hostel,No,8.05,5,4,8.74
STU101302,23,Female,1,ECE,92,3.8,85,47,94,eight,1.4,48917,None,No,Hostel,No,8.11,3,3,8.56
STU101303,18,Female,7,CE,56,7.7,54,85,29,8.1,1.6,90804,None,No,Day Scholar,Yes,5.28,6,3,7.68
STU101304,18,Female,8,EEE,85,2.9,70,96,36,4.3,1.3,255876,None,No,Hostel,Yes,6.63,4,2,12
STU101305,18,Female,7,DS,81,2.9,66,40,36,6.9,2.1,246469,Postgraduate,Yes,Hostel,Yes,7.24,2,3,5.84
STU101306,19,Female,8,CSE,66,2.6,75,85,40,7.7,2.4,191444,School,Yes,Day Scholar,No,9.54,8,3,7.56
STU101307,25,Male,2,CE,67,0.3,68,72,60,5.7,9.0,223271,Graduate,No,Hostel,No,8.16,0,1,7.17
STU101308,25,Female,4,DS,55,7.0,85,93,59,7.6,2.8,110492,Graduate,Yes,Day Scholar,No,6.69,6,1,8.54
STU101309,25,Female,5,ME,52,5.1,97,46,52,4.5,4.9,299646,None,Yes,Hostel,Yes,5.97,1,0,7.28
STU101310,24,Male,3,ME,77,8.2,44,32,20,8.0,5.7,197004,Graduate,No,Day Scholar,No,7.35,4,3,6.59
STU101311,24,Male,5,DS,89,8.6,85,94,89,5.0,2.2,112498,None,Yes,Hostel,Yes,6.14,3,1,9.98
STU101312,23,Male,7,EEE,64,8.8,97,30,82,8.4,8.9,115333,Postgraduate,No,Day Scholar,No,8.86,3,4,9.07
STU101313,25,Male,8,CE,58,1.5,44,73,70,8.5,7.2,129620,School,Yes,Day Scholar,Yes,7.0,3,2,6.58
STU101314,24,Female,7,DS,55,3.1,75,35,38,6.0,6.1,113177,Graduate,Yes,Hostel,Yes,5.99,0,1,5.36
STU101315,18,Female,7,ME,60,9.1,67,62,30,4.3,5.9,211037,Postgraduate,No,Hostel,Yes,8.76,3,3,7.34
STU101316,20,Male,4,CSE,49,2.2,80,77,45,4.2,2.1,113793,Graduate,No,Hostel,Yes,9.62,4,4,6.59
STU101317,24,Male,1,EEE,82,7.7,59,72,24,5.8,3.2,197408,None,Yes,Day Scholar,Yes,8.0,6,1,7.24
STU101318,23,Female,4,EEE,86,6.4,89,95,54,6.8,2.1,298618,School,No,Day Scholar,Yes,6.01,1,4,9.17
STU101319,18,Male,4,ECE,53,7.3,76,98,30,4.3,6.4,44813,School,Yes,Hostel,Yes,6.23,6,0,7.39
STU101320,23,Female,8,IT,70,0.5,83,23,93,8.6,1.4,243040,School,No,Hostel,No,7.7,6,0,8.56
STU101321,21,Male,2,ME,82,5.9,91,40,24,7.9,6.4,199069,School,No,Hostel,Yes,8.92,6,3,6.99
STU101322,22,Female,3,CE,100,6.3,66,87,65,6.5,4.3,182979,Graduate,Yes,Hostel,Yes,7.39,2,1,9.44
STU101323,24,Male,8,ECE,75,5.0,91,48,96,6.6,4.4,165010,None,Yes,Hostel,Yes,8.63,1,3,12
STU101324,20,Female,2,IT,75,5.3,91,80,28,4.2,7.5,54321,None,No,Hostel,No,9.79,6,2,8.19
STU101325,21,Female,3,CE,53,7.4,35,21,39,4.7,0.8,147428,School,No,Hostel,No,5.19,2,2,4.92
STU101326,18,Female,7,EEE,48,2.1,92,90,43,7.8,2.0,236966,Graduate,No,Hostel,Yes,5.55,4,3,6.74
STU101327,25,Female,3,EEE,68,6.5,72,87,71,8.9,2.8,186010,Graduate,Yes,Hostel,No,6.42,7,0,9.6
STU101328,19,Male,3,CE,77,0.2,40,22,36,4.5,0.9,107657,Postgraduate,No,Day Scholar,Yes,5.85,3,0,5.16
STU101329,21,Female,1,ME,53,1.8,64,35,60,9.0,3.8,257577,None,No,Day Scholar,No,8.89,1,2,6.63
STU101330,24,Female,5,CSE,61,6.3,44,41,66,5.0,1.0,154288,None,No,Day Scholar,Yes,5.24,2,4,12
STU101331,25,Female,5,ME,64,8.5,80,87,48,5.6,0.8,249336,None,Yes,Hostel,Yes,5.67,4,1,7.97
STU101332,24,Female,6,ME,77,3.6,81,47,58,4.6,3.2,218487,Graduate,Yes,Hostel,Yes,5.26,4,3,6.69
STU101333,20,Male,5,DS,46,6.6,96,58,58,6.9,3.2,129052,Graduate,No,Day Scholar,No,8.9,2,4,8.4
STU101334,19,Male,2,IT,51,7.6,35,150,55,8.1,3.1,111668,None,No,Hostel,No,6.47,8,1,8.39
STU101335,24,Male,7,ECE,54,5.2,64,24,37,5.2,8.0,24802,School,No,Hostel,No,8.57,7,0,6.42
STU101336,25,Male,5,CSE,46,1.4,56,78,77,4.3,4.8,206394,Postgraduate,No,Day Scholar,Yes,7.5,6,0,7.33
STU101337,22,Female,5,ME,57,4.5,42,75,43,8.8,8.8,105666,None,Yes,Day Scholar,No,6.84,8,0,6.82
STU101338,25,Male,5,EEE,91,2.2,93,41,33,4.2,,45610,Postgraduate,No,Day Scholar,Yes,5.71,0,3,6.62
STU101339,18,Male,7,EEE,79,6.9,96,80,83,5.1,5.2,203229,Postgraduate,Yes,Hostel,Yes,7.1,2,4,8.9
STU101340,22,Female,5,CSE,69,0.7,90,65,45,7.9,5.9,228596,Graduate,Yes,Hostel,Yes,8.55,4,2,7.48
STU101341,23,Female,4,CE,51,7.5,82,82,81,5.6,5.0,169453,Graduate,Yes,Hostel,Yes,8.88,3,4,9.12
STU101342,22,Male,7,CSE,49,0.8,76,31,74,4.7,8.9,185276,Postgraduate,No,Hostel,No,5.67,5,0,6.63
STU101343,25,Female,4,DS,90,5.0,74,65,96,7.7,3.4,207415,School,Yes,Day Scholar,Yes,9.07,8,0,10
STU101344,20,Female,4,EEE,49,6.3,77,59,71,8.2,5.2,151911,Graduate,No,Day Scholar,Yes,6.28,3,0,7.62
STU101345,20,Female,3,CSE,51,3.7,67,86,90,5.3,2.8,139355,None,Yes,Hostel,Yes,6.9,3,4,8.29
STU101346,23,Male,3,DS,97,2.3,67,49,85,5.8,5.0,255894,Postgraduate,Yes,Hostel,No,7.89,1,4,8.52
STU101347,22,Female,7,CSE,68,9.3,61,77,50,5.8,1.1,281972,None,Yes,Hostel,No,7.84,3,3,8.88
STU101348,19,Male,8,ME,62,7.3,56,58,73,5.0,7.5,251462,None,Yes,Day Scholar,Yes,8.4,1,2,7.89
STU101349,18,Male,5,ME,52,7.4,38,96,91,7.3,6.7,56779,Graduate,No,Day Scholar,Yes,9.71,0,2,8.31
STU101350,19,Male,1,ME,89,2.7,67,63,88,6.9,7.0,281899,None,Yes,Day Scholar,Yes,6.11,1,4,8.33
STU101351,20,Female,6,EEE,69,2.6,89,65,97,5.3,8.6,262712,None,No,Hostel,Yes,6.4,8,2,9.18
STU101352,25,Male,3,DS,82,3.9,50,95,-10,5.2,4.5,131947,Postgraduate,Yes,Hostel,Yes,8.47,6,0,7.8
STU101353,20,Male,2,ME,50,4.4,39,29,47,6.8,5.5,220622,None,Yes,Day Scholar,Yes,8.2,7,0,7.04
STU101354,25,Male,5,EEE,52,7.2,95,75,50,5.6,2.9,206094,School,No,Hostel,No,6.72,0,3,8.18
STU101355,22,Female,5,CE,45,7.9,98,95,88,4.4,6.3,51575,Postgraduate,Yes,Day Scholar,Yes,9.15,5,1,9.6
STU101356,20,Female,1,IT,49,3.8,65,88,49,8.8,1.2,267503,Postgraduate,No,Hostel,No,6.64,8,4,7.11
STU101357,20,Female,8,IT,83,6.5,99,62,56,8.3,7.7,82095,Postgraduate,Yes,Hostel,No,5.12,2,0,8.04
STU101358,24,Female,7,CSE,75,2.1,48,35,21,7.6,7.7,16339,Graduate,No,Day Scholar,Yes,8.5,4,3,5.09
STU101359,19,Male,1,IT,50,7.0,67,53,32,8.6,5.5,290238,Postgraduate,No,Hostel,Yes,9.62,4,1,7.78
STU101360,23,Male,1,EEE,47,1.3,83,79,67,6.8,7.1,97265,Graduate,Yes,Hostel,No,9.13,1,3,8.23
STU101361,22,Female,1,CE,91,6.6,67,40,55,6.7,4.9,53975,School,No,Day Scholar,Yes,7.34,4,3,7.9
STU101362,25,Male,5,ECE,83,2.0,96,67,42,8.6,5.0,155631,School,Yes,Hostel,Yes,9.01,8,1,8.44
STU101363,19,Female,7,CSE,90,0.5,65,86,85,5.7,0.6,144399,Graduate,Yes,Hostel,Yes,9.52,4,2,12
STU101364,18,Female,3,ME,52,1.1,36,98,81,4.6,3.0,107974,Postgraduate,Yes,Day Scholar,No,5.85,6,4,7.44
STU101365,18,Male,3,ECE,86,1.8,73,33,51,6.3,5.0,285429,School,Yes,Day Scholar,Yes,7.09,1,2,6.38
STU101366,24,Male,3,ME,60,8.7,100,97,89,6.5,2.2,152652,Postgraduate,Yes,Day Scholar,Yes,8.95,8,1,10
STU101367,18,Male,7,IT,86,9.9,71,74,69,7.5,8.2,106485,Postgraduate,No,Day Scholar,Yes,9.24,1,4,9.1
STU101368,22,Male,5,IT,64,8.6,35,43,74,8.9,7.5,194000,School,Yes,Day Scholar,No,7.93,8,0,8.48
,24,Male,6,EEE,91,1.9,41,97,23,8.9,2.8,64658,Postgraduate,Yes,Hostel,Yes,8.98,7,4,7.25
STU101370,18,Male,7,CE,54,4.2,61,45,54,7.9,2.7,261811,Graduate,Yes,Hostel,Yes,8.03,2,3,7.22
STU101371,24,Male,7,ECE,90,4.3,66,56,38,8.8,5.2,192995,None,No,Hostel,No,5.32,0,1,6.39
STU101372,25,Male,6,ECE,87,7.7,83,79,71,7.9,3.9,259957,Graduate,No,Hostel,Yes,8.93,1,4,9.34
STU101373,20,Female,2,DS,61,5.8,41,60,23,6.2,6.4,260784,Postgraduate,Yes,Hostel,Yes,7.58,8,2,7.13
STU101374,24,Female,8,ME,85,8.0,96,90,35,5.1,7.2,40022,Postgraduate,No,Day Scholar,Yes,7.05,4,4,8.3
STU101375,22,Male,5,CSE,87,1.3,96,45,100,6.7,6.2,198870,School,Yes,Day Scholar,No,8.97,5,1,8.94
STU101376,19,Female,6,EEE,46,4.3,63,47,52,8.2,8.9,56633,None,No,Hostel,Yes,6.38,7,1,6.73
STU101377,23,Male,1,IT,79,0.7,50,50,89,6.3,6.6,162428,Graduate,No,Day Scholar,No,11.5,5,2,7.89
STU101378,25,Male,1,CE,54,7.3,76,56,80,5.9,5.2,86275,Graduate,Yes,Hostel,No,7.16,7,0,8.77
STU101379,23,Male,1,IT,96,9.6,61,66,55,5.8,6.7,72071,Postgraduate,Yes,Hostel,Yes,8.34,5,2,8.38
STU101380,25,Male,3,CE,72,0.3,76,30,49,6.7,8.7,287324,School,Yes,Day Scholar,No,6.01,4,3,5.45
STU101381,18,Female,5,IT,66,8.4,44,67,96,7.1,7.5,217679,None,No,Day Scholar,No,8.37,2,3,8.56
STU101382,24,Male,1,ME,59,0.5,53,51,65,5.7,4.7,266219,Postgraduate,No,Day Scholar,Yes,7.2,7,3,7.21
STU101383,21,Male,5,CSE,90,2.3,86,66,81,8.1,4.6,267169,None,No,Hostel,Yes,5.96,8,3,8.47
STU101384,25,Female,8,CSE,66,8.6,82,35,93,8.4,6.3,47482,None,Yes,Day Scholar,No,6.16,5,0,8.91
STU101385,18,Female,5,IT,66,6.5,35,69,27,6.5,6.5,188527,Postgraduate,Yes,Hostel,Yes,7.91,0,1,6.14
STU101386,18,Female,3,IT,100,7.7,73,57,23,7.0,4.2,292439,School,No,Hostel,Yes,5.74,4,4,7.01
STU101387,19,Male,3,ECE,79,6.4,90,76,65,7.9,4.4,259965,Postgraduate,No,Day Scholar,Yes,7.3,1,0,8.89
STU101388,24,Male,1,ECE,58,2.6,97,67,68,5.4,1.2,111994,Postgraduate,No,Hostel,No,5.12,3,4,7.02
STU101389,22,Male,8,DS,72,4.2,73,20,49,4.2,8.6,264760,None,Yes,Day Scholar,No,9.48,1,2,7.24
STU101390,20,Female,1,DS,56,8.4,91,43,84,6.4,2.9,110688,School,No,Day Scholar,No,7.45,4,3,8.8
STU101391,23,Female,1,ECE,48,6.8,44,51,47,6.6,5.1,61870,Graduate,No,Day Scholar,No,5.64,3,2,5.93
STU101392,21,Male,8,DS,100,7.8,42,74,24,7.6,5.3,41364,Postgraduate,Yes,Hostel,Yes,8.74,8,0,8.9
STU101393,18,Male,8,DS,51,4.2,72,40,94,6.9,2.8,64917,None,No,Hostel,Yes,8.08,-1,1,8.05
STU101394,20,Male,3,IT,85,9.2,46,48,24,8.7,5.8,47792,Graduate,No,Day Scholar,Yes,5.75,3,1,6.85
STU101395,20,Female,7,CSE,77,7.2,86,57,47,4.2,3.1,282625,Postgraduate,Yes,Day Scholar,No,5.68,8,2,8.12
STU101396,22,Male,4,EEE,80,9.0,37,26,85,6.0,8.6,197124,Graduate,Yes,Day Scholar,Yes,5.05,7,0,7.31
STU101397,24,Male,4,IT,82,5.1,84,63,77,6.3,2.2,243750,Graduate,Yes,Hostel,Yes,5.7,7,1,9.12
STU101398,24,Female,1,CE,56,5.9,48,45,67,4.4,1.8,205396,None,No,Hostel,No,6.7,6,1,7.79
STU101399,19,Female,2,CE,65,4.8,87,21,51,6.4,3.6,100651,Postgraduate,No,Day Scholar,No,6.36,3,2,6.44
STU101400,25,Male,7,ECE,92,3.0,87,80,61,4.4,2.5,211373,Graduate,No,Hostel,No,5.79,1,2,7.86
STU101401,25,Female,3,DS,73,2.9,69,78,86,6.6,7.7,250135,School,No,Day Scholar,No,7.56,5,0,8.98
STU101402,21,Female,2,ME,71,1.3,68,70,20,6.8,4.1,152523,None,Yes,Day Scholar,No,8.78,5,4,6.46
STU101403,23,Male,4,ME,68,1.1,72,25,65,8.1,5.4,116913,Postgraduate,Yes,Hostel,Yes,8.33,6,1,7.38
STU101404,19,Male,2,DS,49,2.5,76,42,70,5.7,5.6,294297,None,No,Day Scholar,No,9.12,2,0,7.22
STU101405,25,Female,3,ECE,84,2.3,50,40,53,7.3,7.6,74781,School,Yes,Hostel,Yes,9.17,0,3,6.94
STU101406,23,Female,7,ME,53,2.4,83,94,93,5.2,2.6,95035,None,No,Day Scholar,No,5.07,6,1,9.09
STU101407,25,Male,1,CE,59,5.7,45,81,96,7.7,2.1,298098,School,No,Day Scholar,No,5.19,8,1,9.16
STU101408,20,Female,4,CSE,70,1.5,57,42,33,8.2,6.6,252194,None,No,Day Scholar,Yes,5.03,6,3,5.53
STU101409,20,Female,7,ECE,65,7.8,45,99,45,7.1,7.0,243935,Graduate,Yes,Day Scholar,Yes,5.78,6,0,7.5
STU101410,21,Female,1,CE,75,4.0,95,35,63,5.2,6.6,289990,School,No,Hostel,No,7.04,0,2,7.41
STU101411,21,Male,4,EEE,49,2.0,86,68,55,7.8,3.0,73012,School,Yes,Hostel,Yes,6.59,2,4,6.78
STU101412,24,Female,6,CE,54,4.5,52,81,44,5.6,4.7,106433,Postgraduate,No,Day Scholar,,7.35,1,2,7.21
STU101413,23,Female,4,CSE,78,1.2,53,20,21,7.7,8.9,54677,Postgraduate,Yes,Day Scholar,Yes,5.02,6,4,4.52
STU101414,19,Male,5,DS,73,3.5,70,42,28,4.8,1.1,223005,Graduate,No,Day Scholar,No,7.79,8,1,6.33
STU101415,25,Female,1,ME,78,1.6,46,95,99,4.5,4.4,177331,Graduate,No,Hostel,Yes,8.6,8,4,8.56
STU101416,23,Male,4,ECE,83,0.9,74,42,90,7.2,5.6,251610,Postgraduate,Yes,Day Scholar,No,6.03,2,2,7.02
STU101417,25,Female,4,ECE,84,4.7,44,44,51,6.5,4.1,136828,Postgraduate,No,Day Scholar,No,9.36,8,2,7.39
STU101418,24,Male,3,ECE,56,3.6,43,63,52,6.7,3.7,254398,None,Yes,Day Scholar,No,7.6,6,1,7.29
STU101419,21,Male,5,ECE,97,7.8,71,33,53,6.0,4.6,49944,Postgraduate,Yes,Hostel,Yes,5.55,8,4,8.1
STU101420,24,Male,7,IT,88,0.1,82,96,95,4.9,7.2,299627,None,No,Hostel,Yes,7.56,5,4,8.98
STU101421,23,Female,8,DS,49,5.3,72,100,71,4.9,5.9,162009,None,No,Day Scholar,No,9.57,2,3,8.26
STU101422,25,Male,1,ECE,95,3.0,72,57,94,8.1,7.5,192841,Graduate,Yes,Hostel,No,5.42,2,4,7.63
STU101423,19,Male,4,CSE,59,0.7,58,39,59,7.3,0.6,279186,Graduate,Yes,Day Scholar,No,5.89,3,1,6.63
STU101424,20,Male,3,ECE,57,9.6,60,94,20,8.4,3.0,41129,School,Yes,Day Scholar,No,9.42,4,0,8.09
STU101425,18,Male,8,ECE,84,3.0,98,75,64,8.3,1.1,109373,School,No,Hostel,No,6.75,4,2,8.64
STU101426,23,Male,2,EEE,71,0.2,43,48,52,8.0,7.4,15979,School,Yes,Hostel,No,5.86,2,3,5.49
STU101427,20,Male,3,DS,87,5.8,88,41,61,7.7,6.4,20873,Postgraduate,No,Day Scholar,Yes,5.57,6,3,8.05
STU101428,24,Male,8,DS,91,3.1,79,26,66,7.8,0.5,76309,Postgraduate,Yes,Day Scholar,Yes,6.09,0,4,6.8
STU101429,21,Male,5,EEE,79,9.4,82,68,78,7.8,6.5,192904,School,No,Day Scholar,No,5.58,7,4,9.88
STU101430,21,Female,5,DS,85,5.2,98,79,90,7.3,3.3,103692,None,Yes,Hostel,Yes,5.83,3,0,10
STU101431,20,Male,2,IT,88,9.6,85,57,62,8.1,1.9,43865,Graduate,No,Day Scholar,Yes,8.94,5,0,9.4
STU101432,21,Female,3,CE,100,7.7,38,26,40,7.0,2.4,32334,School,Yes,Day Scholar,Yes,8.73,2,0,7.58
STU101433,21,Male,1,CE,71,8.3,89,81,38,8.0,6.8,161965,School,Yes,Day Scholar,No,7.84,7,4,8.11
STU101434,18,Male,3,DS,45,1.6,90,82,75,7.1,4.0,214244,School,Yes,Hostel,Yes,8.3,3,0,8.49
STU101435,25,Male,6,CSE,83,2.6,83,27,75,6.6,8.0,79970,Graduate,Yes,Hostel,Yes,5.49,5,2,7.74
STU101436,19,Female,7,ME,72,0.9,48,64,37,6.2,8.5,167761,Graduate,No,Hostel,No,7.93,8,0,6.27
STU101437,19,Male,2,EEE,64,2.4,84,32,25,7.1,7.3,103928,Graduate,Yes,Day Scholar,Yes,6.23,8,3,6.79
STU101438,21,Male,3,IT,87,3.3,48,42,40,6.0,4.7,164275,Graduate,Yes,Day Scholar,No,5.28,5,2,6.0
STU101439,20,Female,4,IT,54,1.7,70,53,69,4.1,8.8,113235,None,Yes,Day Scholar,No,8.98,4,0,7.86
STU101440,19,Male,7,EEE,58,0.4,95,100,31,8.7,1.0,149095,None,No,Hostel,No,9.39,3,3,8.2
STU101441,19,Female,5,IT,67,1.5,79,60,34,8.5,7.3,117328,None,Yes,Hostel,Yes,6.68,8,3,7.49
STU101442,22,Male,3,ECE,81,5.3,48,42,39,5.9,1.2,173667,Postgraduate,No,Day Scholar,Yes,6.72,5,2,7.41
STU101443,19,Male,5,ME,89,2.4,94,63,87,8.9,5.3,214789,None,No,Hostel,Yes,6.69,0,3,8.9
STU101444,23,Female,5,DS,56,9.0,99,31,66,4.6,1.4,unknown,School,No,Day Scholar,Yes,8.19,1,4,8.41
STU101445,24,Female,8,EEE,90,3.6,75,66,37,5.3,1.1,74572,Postgraduate,Yes,Hostel,Yes,9.31,4,4,7.23
STU101446,25,Male,6,ECE,93,4.2,35,28,65,6.4,1.6,76002,Postgraduate,No,Day Scholar,No,7.44,3,4,6.99
STU101447,21,Female,1,EEE,91,6.5,98,87,92,5.3,3.9,56706,None,Yes,Hostel,No,6.24,2,1,9.74
STU101448,20,Female,4,CSE,64,3.0,94,23,34,7.4,8.7,186739,None,Yes,Day Scholar,Yes,6.58,5,3,5.82
STU101449,25,Male,2,DS,56,3.2,93,25,33,4.7,9.0,149631,Postgraduate,No,Day Scholar,Yes,8.44,4,1,5.58
STU101450,23,Female,5,CSE,46,6.0,64,71,72,7.7,1.8,25641,Postgraduate,No,Hostel,Yes,6.15,1,0,8.39
STU101451,20,Female,2,CE,80,8.8,94,45,31,5.7,8.8,174839,School,Yes,Hostel,No,6.41,0,4,7.39
STU101452,23,Female,5,ME,57,0.7,64,96,30,4.3,1.9,292296,School,Yes,Hostel,No,8.31,8,1,7.76
STU101453,22,Male,2,DS,100,4.4,42,55,76,4.6,4.3,62675,None,No,Hostel,Yes,7.1,0,0,7.24
STU101454,24,Male,4,DS,88,9.8,61,97,21,4.1,8.6,129104,None,Yes,Hostel,Yes,6.37,2,2,7.57
STU101455,19,Female,5,CE,48,3.9,97,48,30,8.2,0.6,41757,None,No,Hostel,No,7.04,5,1,6.44
STU101456,24,Male,7,CSE,51,3.6,58,42,79,7.9,8.9,192158,Graduate,No,Hostel,No,5.89,0,4,6.89
STU101457,24,Male,2,EEE,57,4.8,57,20,30,8.7,6.1,247948,School,No,Day Scholar,No,7.09,8,0,6.29
STU101458,18,Female,3,AI&ML,62,1.0,81,53,25,7.8,6.6,120412,Graduate,Yes,Day Scholar,No,6.96,3,4,6.02
STU101459,23,Female,7,CE,90,4.1,50,96,29,6.6,4.5,38085,School,No,Day Scholar,Yes,7.38,8,2,7.27
STU101460,18,Male,5,ECE,75,5.3,90,62,94,5.8,4.5,190345,None,Yes,Day Scholar,No,7.28,3,2,8.91
STU101461,23,Male,7,DS,77,3.4,97,85,71,8.8,1.1,146239,Graduate,No,Day Scholar,No,7.48,4,3,8.72
STU101462,25,Male,8,DS,93,2.4,82,67,37,6.6,2.7,294151,Graduate,No,Day Scholar,Yes,7.47,1,2,7.57
STU101463,24,Male,2,ECE,56,3.6,64,61,53,4.1,8.3,119835,Postgraduate,Yes,hostel,No,7.48,5,1,7.19
STU101464,25,Female,1,DS,67,4.3,75,79,95,4.9,4.7,228549,Postgraduate,No,Hostel,Yes,6.14,2,1,8.94
STU101465,21,Male,6,CSE,84,7.0,98,56,44,8.0,7.7,204733,None,No,Hostel,Yes,7.8,1,0,8.47
STU101466,19,Female,8,IT,85,4.2,56,60,42,5.2,7.2,115662,None,No,Hostel,Yes,7.76,1,0,6.43
STU101467,18,Male,8,IT,92,9.3,66,28,60,7.9,5.4,44761,Postgraduate,No,Hostel,No,8.95,7,3,8.81
STU101468,25,Male,8,ME,76,5.9,77,81,69,7.1,2.2,282853,Postgraduate,No,Hostel,Yes,6.57,0,4,8.38
STU101469,20,Female,4,CSE,99,6.7,96,48,31,8.4,2.9,192522,School,No,Day Scholar,No,7.53,7,2,8.43
STU101470,19,Female,3,ECE,75,1.8,49,93,22,4.9,4.9,37174,Postgraduate,No,Hostel,Yes,6.28,1,0,6.91
STU101471,23,Female,7,ECE,79,2.5,61,55,52,8.8,4.9,297216,School,Yes,Hostel,Yes,9.74,3,0,7.51
STU101472,23,Female,3,DS,77,8.8,60,38,41,7.9,5.6,184815,Graduate,Yes,Hostel,No,6.74,0,1,7.01
STU101473,24,Female,5,DS,52,7.4,67,65,86,6.4,6.0,unknown,School,No,Hostel,No,9.05,2,0,9.61
STU101474,22,Female,5,CSE,55,0.7,39,56,83,4.4,2.0,296059,None,Yes,Day Scholar,Yes,8.08,8,4,6.81
STU101475,23,Male,3,ECE,73,6.0,42,58,59,7.6,1.9,44843,Postgraduate,Yes,Day Scholar,Yes,6.7,3,1,7.95
STU101476,20,Male,4,EEE,63,9.7,45,81,100,7.2,1.8,183218,None,No,Day Scholar,No,7.73,2,2,9.99
STU101477,20,Female,7,CSE,49,6.2,37,78,56,8.5,1.0,29415,School,Yes,Hostel,No,8.13,4,4,7.28
STU101478,19,Female,1,ECE,98,1.1,66,86,44,8.6,5.6,140711,None,Yes,Day Scholar,No,6.18,4,0,8.27
STU101479,25,Male,4,ME,84,0.2,36,32,76,6.5,1.6,209270,Graduate,No,Hostel,No,8.13,4,3,6.64
STU101480,19,Male,1,DS,67,9.0,36,49,92,5.0,0.9,149335,Postgraduate,No,Hostel,No,8.71,6,1,8.54
STU101481,19,Male,9,EEE,85,0.3,99,78,85,4.8,2.0,106481,Postgraduate,No,Day Scholar,Yes,7.75,5,1,9.6
STU101482,20,Male,6,CSE,66,5.7,65,26,90,4.2,6.9,138773,Postgraduate,Yes,Day Scholar,Yes,9.02,1,3,7.39
STU101483,21,Male,7,IT,95,6.6,59,68,67,6.2,6.0,164753,School,Yes,Hostel,No,8.31,6,2,9.42
STU101484,24,Female,2,IT,45,7.1,60,150,56,8.2,3.3,184430,None,No,Day Scholar,No,8.97,8,1,9.23
STU101485,22,Male,6,ECE,48,0.8,77,40,72,7.5,7.2,168906,School,No,Hostel,No,7.65,6,3,7.31
STU101486,25,Female,3,IT,80,0.5,51,92,96,6.6,1.9,256822,None,Yes,Day Scholar,No,5.02,4,1,8.19
STU101487,21,Male,8,IT,46,8.9,40,44,29,6.9,7.2,291684,Graduate,No,Hostel,Yes,5.95,7,1,6.89
STU101488,18,Male,2,IT,59,3.4,73,32,54,4.5,4.0,72285,Graduate,No,Day Scholar,Yes,11.5,3,1,6.31
STU101489,24,Female,5,EEE,78,1.5,70,95,76,6.6,8.5,236039,None,No,Day Scholar,No,7.2,5,4,8.19
STU101490,20,Female,6,IT,54,4.9,77,99,100,7.8,2.0,142548,School,No,Day Scholar,Yes,9.12,5,4,10
STU101491,23,Female,3,IT,55,8.9,83,83,34,8.7,6.3,138934,School,Yes,Day Scholar,Yes,5.13,7,4,7.86
STU101492,18,Female,4,CE,57,8.4,93,84,60,5.1,6.0,89087,None,No,Day Scholar,No,8.97,0,2,9.2
STU101493,25,Female,5,CSE,96,7.9,43,97,56,8.5,4.4,259197,Graduate,Yes,Hostel,Yes,6.53,6,0,9.94
STU101494,19,Male,1,ECE,47,9.6,N/A,47,47,4.8,6.1,27735,Graduate,Yes,Hostel,No,5.75,2,4,6.23
STU101495,25,Female,7,DS,51,8.5,86,85,39,4.7,3.6,199837,None,No,Hostel,Yes,7.2,4,1,8.01
STU101496,19,Female,3,DS,100,3.8,72,88,87,7.3,0.9,34722,Graduate,Yes,Day Scholar,No,5.88,3,1,9.38
STU101497,25,Female,5,EEE,68,9.5,40,62,51,4.1,1.6,20833,Graduate,Yes,Hostel,No,7.87,5,2,8.38
STU101498,24,Male,6,CSE,96,1.0,80,27,37,6.1,0.9,161845,School,No,Hostel,Yes,6.08,1,2,6.37
,18,Male,6,ME,87,8.5,64,47,24,6.7,8.6,81758,School,No,Hostel,No,6.46,4,1,6.73
STU101500,19,Male,6,EEE,61,5.9,86,48,85,7.8,4.6,293177,None,Yes,Hostel,Yes,7.17,7,2,9.25
STU101501,20,Female,2,IT,76,4.1,39,46,-10,8.4,5.5,86068,Postgraduate,No,Day Scholar,No,9.15,3,2,6.78
STU101502,19,Female,6,IT,66,3.7,35,79,-10,5.1,2.7,64267,None,Yes,Day Scholar,Yes,7.28,0,1,7.15
STU101503,20,Male,7,CSE,86,3.3,53,29,23,7.4,8.7,251740,Postgraduate,Yes,Hostel,No,5.95,6,4,6.39
STU101504,21,Female,3,DS,67,8.7,46,93,23,8.9,7.9,237976,Postgraduate,No,Hostel,Yes,8.6,1,2,7.35
STU101505,23,Female,8,IT,55,1.6,41,52,25,6.2,8.7,289310,None,Yes,Day Scholar,No,8.31,1,4,5.36
STU101506,20,Female,2,CSE,87,3.7,41,83,22,5.7,5.9,284954,School,Yes,Day Scholar,Yes,8.12,7,2,7.73
STU101507,18,Female,1,DS,77,8.3,53,44,99,8.1,6.8,154576,Graduate,No,Day Scholar,No,9.59,8,3,9.15
STU101508,19,Female,3,ECE,49,0.4,81,41,82,5.1,3.7,68294,School,Yes,Day Scholar,Yes,8.63,5,4,7.21
STU101509,24,Male,3,ECE,93,1.8,68,93,66,4.2,8.1,187958,School,No,Hostel,No,9.37,8,0,9.47
STU101510,22,Male,6,DS,81,6.0,100,38,88,5.7,7.3,203087,Postgraduate,Yes,Hostel,No,8.88,4,4,9.31
STU101511,25,Female,2,CSE,75,4.1,77,46,91,8.2,0.7,265985,None,Yes,Day Scholar,No,6.39,5,3,8.71
STU101512,25,Female,4,ME,50,1.5,68,89,34,6.6,0.8,67016,School,Yes,Hostel,No,9.08,1,4,6.46
STU101513,21,Male,4,IT,98,0.0,71,33,46,8.4,0.7,233844,Graduate,No,Day Scholar,No,7.66,2,1,6.42
STU101514,24,Female,1,CSE,78,3.4,65,21,31,6.0,3.9,101291,Postgraduate,Yes,Hostel,Yes,8.21,5,3,5.88
STU101515,23,Female,5,CSE,95,1.6,78,90,94,7.0,8.4,144886,Graduate,Yes,Day Scholar,Yes,8.81,7,4,8.98
STU101516,23,Male,4,CE,68,4.5,70,55,21,8.0,5.8,148820,School,No,Hostel,No,6.58,7,2,6.13
STU101517,25,Male,8,IT,54,4.9,68,91,58,6.8,5.4,130764,Postgraduate,Yes,Hostel,Yes,5.96,4,0,7.65
STU101518,18,Female,2,IT,55,2.4,94,38,43,8.8,2.3,263142,Postgraduate,No,Hostel,Yes,8.45,3,0,7.72
STU101519,24,Female,8,EEE,58,6.4,64,47,63,8.6,,123903,Postgraduate,No,Hostel,No,7.26,6,4,8.63
STU101520,19,Female,5,CE,96,2.1,100,59,36,4.6,2.3,204959,School,No,Hostel,No,5.37,8,4,6.97
STU101521,23,Female,5,ECE,82,9.2,84,86,30,6.0,6.6,188561,School,Yes,Day Scholar,No,5.11,4,2,7.69
STU101522,24,Male,3,CE,64,9.3,79,25,77,8.2,4.0,58285,Postgraduate,Yes,Hostel,No,9.21,0,2,8.44
STU101523,22,Male,6,DS,100,4.1,69,66,61,5.0,1.4,67386,Postgraduate,Yes,Hostel,Yes,5.38,7,0,8.08
STU101524,18,Male,7,ME,95,5.5,58,57,77,4.8,1.8,172826,None,Yes,Day Scholar,Yes,6.72,8,1,8.84
STU101525,24,Female,2,CE,73,5.2,40,20,66,8.6,6.4,228306,School,Yes,Hostel,Yes,8.46,3,1,6.82
STU101526,24,Female,8,EEE,92,5.4,69,40,49,4.2,3.6,147270,School,Yes,Hostel,No,7.98,8,1,8.57
STU101527,24,Male,3,CSE,81,7.6,40,58,47,4.3,5.4,212896,School,Yes,Hostel,No,9.56,6,0,8.05
STU101528,22,Male,3,DS,69,9.3,94,52,98,8.5,8.2,171366,None,Yes,Hostel,Yes,8.01,3,4,9.93
STU101529,20,Female,5,EEE,69,7.7,58,75,78,4.9,8.4,98706,None,Yes,Day Scholar,No,9.45,1,0,9.27
STU101530,22,Male,1,CE,79,9.3,84,57,29,7.5,7.0,226818,School,No,Day Scholar,No,8.99,2,0,7.87
STU101531,23,Male,7,ME,56,3.4,54,50,95,5.9,2.7,177801,School,Yes,Hostel,No,9.33,8,0,9.17
STU101532,24,Female,5,IT,57,1.7,97,60,58,7.8,3.4,204971,School,No,Day Scholar,Yes,8.85,2,1,7.82
STU101533,24,Male,1,ECE,92,7.3,72,67,42,5.2,1.6,211058,School,No,Day Scholar,No,7.52,7,4,8.05
STU101534,18,Female,8,DS,86,3.3,62,83,97,8.0,2.5,116241,Graduate,Yes,Day Scholar,Yes,8.26,0,4,9.58
STU101535,18,Male,3,ME,99,1.3,79,86,56,5.4,4.0,208927,Postgraduate,No,Hostel,No,8.91,2,3,8.54
STU101536,24,Female,7,IT,72,1.1,39,57,76,8.5,4.3,151254,Graduate,No,Day Scholar,Yes,6.81,3,4,6.84
STU101537,21,Female,2,EEE,93,2.5,72,61,80,5.1,1.4,140838,Postgraduate,No,Hostel,No,8.24,1,0,8.71
STU101538,23,Male,5,CE,91,0.8,54,71,64,7.7,7.4,253456,School,No,Day Scholar,Yes,5.14,8,1,8.24
STU101539,23,Female,6,IT,94,4.9,79,23,26,5.1,6.0,171164,None,No,Hostel,Yes,6.7,0,4,5.99
STU101540,23,Male,4,CSE,100,0.0,83,50,39,4.6,6.4,unknown,School,Yes,Hostel,No,9.04,8,0,7.14
STU101541,21,Female,4,CE,65,4.7,93,50,81,8.7,1.2,242171,Postgraduate,Yes,Hostel,No,6.73,7,1,9.2
STU101542,18,Male,5,EEE,96,2.5,100,67,62,8.9,2.4,150996,None,Yes,Hostel,No,8.47,5,0,9.52
STU101543,21,Male,4,DS,98,3.1,49,64,97,8.4,8.3,158175,None,Yes,Day Scholar,No,7.38,1,4,7.97
STU101544,25,Male,3,ME,86,9.2,70,23,98,6.3,7.3,106701,Graduate,No,Hostel,No,5.49,3,1,9.33
STU101545,23,Female,4,CSE,94,8.7,76,21,97,6.7,5.6,121173,None,No,Day Scholar,No,6.05,7,3,9.43
STU101546,20,Female,8,ME,49,2.9,50,81,31,4.0,5.2,62957,School,Yes,Day Scholar,No,7.6,7,1,6.51
STU101547,22,Female,7,CE,59,3.9,58,28,24,6.5,1.4,138373,Postgraduate,No,Hostel,Yes,6.61,4,1,6.31
STU101548,18,Female,5,DS,47,2.9,55,53,97,4.6,5.4,221820,School,No,Day Scholar,No,9.42,8,3,7.51
STU101549,24,Female,3,ME,99,0.3,96,21,21,8.3,5.9,155278,Graduate,No,Day Scholar,No,9.27,4,3,6.5
STU101550,23,Female,8,DS,48,1.5,93,71,29,5.1,8.9,244183,Postgraduate,Yes,Hostel,No,5.41,0,0,6.06
STU101551,21,Female,7,CE,46,4.7,58,36,51,5.9,2.7,55079,School,Yes,Day Scholar,Yes,8.57,8,3,6.84
STU101552,23,Male,8,IT,47,8.2,59,100,88,4.9,7.0,197873,None,No,Hostel,Yes,8.06,6,1,9.98
STU101553,18,Male,1,AI&ML,88,4.9,61,69,63,4.9,2.2,175413,School,Yes,Hostel,Yes,7.09,4,4,7.86
STU101554,21,Male,5,IT,78,9.1,81,28,57,5.5,0.9,253703,Postgraduate,Yes,Day Scholar,No,8.31,0,3,7.52
STU101555,25,Female,5,ME,66,9.2,43,40,36,5.9,8.5,39488,School,Yes,Day Scholar,Yes,5.87,7,0,6.55
STU101556,18,Female,4,EEE,95,7.8,55,52,55,7.9,4.3,245379,Graduate,No,Hostel,Yes,5.78,1,1,7.77
STU101557,23,Male,5,ME,48,10.0,98,75,25,8.2,0.9,186178,None,No,Hostel,No,6.43,7,0,9.24
STU101558,25,Female,6,ECE,61,1.5,43,54,22,8.2,8.1,259877,School,No,Day Scholar,No,8.12,0,4,4.57
STU101559,23,Male,4,CSE,96,4.1,52,68,55,5.5,3.6,240020,Postgraduate,Yes,Hostel,Yes,6.99,6,2,8.18
STU101560,25,Male,6,ME,89,8.2,75,76,51,6.4,6.2,84259,Postgraduate,No,Hostel,No,5.64,6,3,8.21
STU101561,20,Male,3,IT,84,6.3,74,45,57,4.6,8.6,59730,Postgraduate,Yes,Day Scholar,Yes,8.23,5,4,8.36
STU101562,19,Male,2,DS,83,6.7,N/A,84,58,7.7,2.2,174783,School,Yes,Hostel,Yes,8.82,6,3,8.83
STU101563,20,Female,6,CE,92,3.4,46,73,93,7.7,7.7,278923,Graduate,Yes,Hostel,No,6.36,4,3,8.15
STU101564,25,Male,3,ECE,46,1.8,91,67,54,7.6,8.5,286698,School,No,Hostel,No,9.73,6,1,8.54
STU101565,22,Male,5,ECE,76,4.0,86,34,98,8.4,4.4,253353,Postgraduate,No,Day Scholar,Yes,6.6,1,2,8.05
STU101566,25,Male,6,CSE,75,8.0,47,31,64,6.2,4.0,267420,Postgraduate,No,Day Scholar,Yes,9.58,0,0,8.11
STU101567,19,Female,7,CE,97,0.9,58,64,65,7.4,3.7,203422,None,Yes,Hostel,Yes,6.58,3,4,6.87
,20,Male,2,ECE,71,9.8,93,51,77,7.3,7.2,78522,Postgraduate,Yes,Hostel,Yes,5.07,1,3,8.79
STU101569,18,Female,8,ECE,59,3.6,95,70,79,8.3,8.9,25187,Postgraduate,Yes,Hostel,No,6.27,4,4,8.03
STU101570,23,Male,6,DS,99,2.2,44,46,84,5.4,6.6,206744,None,Yes,Hostel,Yes,7.88,3,1,8.35
STU101571,23,Female,7,ECE,81,3.0,89,97,76,6.1,3.1,141687,Graduate,No,Day Scholar,No,5.19,5,0,8.55
STU101572,23,Female,4,EEE,64,2.3,89,65,72,5.0,0.6,171413,Graduate,Yes,Hostel,Yes,8.84,3,4,7.65
STU101573,25,Female,8,ME,81,9.7,37,72,25,7.7,2.5,208988,None,Yes,Hostel,Yes,9.78,4,3,8.37
STU101574,22,Male,2,ME,58,6.8,54,73,32,7.3,7.2,227564,School,Yes,Day Scholar,No,5.6,3,3,7.14
STU101575,23,Female,5,CSE,60,8.7,40,93,98,4.8,5.0,181904,None,No,Day Scholar,Yes,8.51,7,4,9.45
STU101576,24,Female,1,IT,83,4.6,48,92,32,7.1,1.2,27927,Postgraduate,No,Day Scholar,No,7.83,7,4,7.99
STU101577,20,Female,1,ME,75,5.2,95,65,44,8.9,7.3,244183,School,Yes,Hostel,No,6.36,8,0,8.7
STU101578,22,Female,8,ECE,61,2.8,62,39,49,8.0,3.6,41645,School,No,Day Scholar,No,7.17,3,3,6.82
STU101579,21,Female,7,EEE,85,5.6,95,54,90,7.5,1.7,286527,Graduate,Yes,Day Scholar,Yes,8.3,1,3,9.39
STU101580,18,Male,4,CSE,93,4.0,91,23,43,8.5,0.9,264714,None,Yes,Day Scholar,No,8.43,3,4,7.16
STU101581,20,Female,3,IT,80,3.9,49,24,21,6.3,4.7,182068,School,Yes,Hostel,Yes,7.08,6,3,5.84
STU101582,21,Male,8,DS,57,8.4,99,59,40,7.2,5.2,57754,None,Yes,Day Scholar,Yes,5.31,0,4,7.16
STU101583,21,Female,8,EEE,84,1.3,41,39,91,4.3,2.1,99352,Graduate,Yes,Day Scholar,Yes,8.71,7,0,8.55
STU101584,24,Female,2,ME,68,0.6,36,51,97,5.8,5.0,106888,Postgraduate,Yes,Day Scholar,Yes,6.56,7,4,6.67
STU101585,20,Male,7,EEE,69,6.1,54,28,59,5.0,2.6,73414,Graduate,No,Hostel,No,9.14,3,0,6.75
STU101586,22,Female,5,IT,68,0.4,51,37,87,4.6,5.4,66246,None,No,Day Scholar,Yes,6.66,4,4,5.93
STU101587,23,Male,8,CE,47,8.3,41,66,93,eight,7.3,188081,School,Yes,Hostel,Yes,5.12,0,1,8.22
STU101588,19,Male,4,CSE,98,4.8,66,47,42,6.7,7.5,35671,None,Yes,Hostel,No,6.07,3,1,7.12
STU101589,24,Male,3,ECE,88,1.7,75,75,26,8.0,1.5,118820,School,Yes,Day Scholar,No,6.24,8,4,7.76
STU101590,25,Male,5,CE,69,5.1,50,63,63,4.6,3.9,66031,Graduate,Yes,Day Scholar,Yes,5.85,0,0,7.33
STU101591,25,Male,8,CSE,99,4.0,93,72,86,7.7,7.8,52694,None,No,Hostel,No,5.1,0,0,8.57
STU101592,21,Male,4,CSE,75,7.5,96,33,67,4.1,5.3,81498,School,Yes,Day Scholar,Yes,5.08,1,0,7.59
STU101593,18,Male,6,ECE,76,2.3,44,69,71,4.1,0.9,146312,School,No,Day Scholar,No,7.01,5,4,7.0
STU101594,20,Female,3,CSE,58,1.1,85,72,59,5.3,1.3,76244,School,No,Hostel,Yes,7.44,0,4,7.33
STU101595,19,Female,6,ME,67,0.9,59,71,96,8.0,7.5,256919,School,Yes,Hostel,No,5.36,2,1,7.22
STU101596,25,Male,6,ME,76,3.2,77,23,-10,5.9,1.0,234170,None,Yes,Day Scholar,No,6.91,6,2,6.24
STU101597,20,Male,8,EEE,72,6.7,69,92,80,6.7,9.0,253672,Graduate,Yes,Day Scholar,Yes,5.74,4,0,9.17
STU101598,21,Male,2,DS,72,8.0,56,58,26,8.6,7.9,104427,School,No,Hostel,No,8.53,5,3,7.13
,25,Female,1,ECE,77,7.5,70,38,49,4.5,0.9,114796,School,Yes,Day Scholar,No,7.63,0,3,6.71
STU101600,19,Female,7,DS,100,4.1,39,27,66,7.2,8.1,90779,School,No,Day Scholar,No,9.37,2,2,6.7
STU101601,21,Female,8,ME,77,3.7,65,50,96,8.5,8.1,125534,Graduate,No,Hostel,Yes,8.13,2,1,9.09
STU101602,20,Female,6,ECE,66,2.4,69,88,24,6.1,4.0,79036,Graduate,Yes,Hostel,No,6.61,6,1,6.61
STU101603,25,Female,3,CE,56,5.3,65,60,26,6.4,8.7,98930,School,Yes,Hostel,No,5.16,0,2,5.5
STU101604,23,Female,4,CSE,82,-3,62,33,61,5.7,2.7,165595,Postgraduate,Yes,Hostel,No,8.92,4,0,8.15
STU101605,25,Female,3,ME,70,7.2,53,72,24,4.1,7.2,134220,Postgraduate,No,Hostel,No,8.28,6,0,7.6
STU101606,18,Male,7,CSE,82,1.2,55,60,49,6.1,4.9,263216,Graduate,No,Hostel,Yes,9.68,5,0,7.0
STU101607,25,Female,1,EEE,83,6.6,52,48,82,6.9,7.2,292092,School,No,Day Scholar,No,6.57,4,4,8.09
STU101608,19,Male,2,EEE,70,1.1,55,42,20,6.1,2.6,184070,None,No,Day Scholar,No,8.73,6,3,6.37
STU101609,19,Female,5,ECE,84,5.4,36,90,31,5.7,8.9,214957,Postgraduate,Yes,Day Scholar,No,8.48,1,0,7.31
STU101610,21,Female,3,CSE,66,0.7,39,21,21,7.9,8.6,218208,Graduate,Yes,Day Scholar,Yes,6.95,3,1,5.2
STU101611,25,Male,3,CE,86,5.0,59,28,39,5.1,8.2,163361,Postgraduate,No,Hostel,No,9.79,2,3,6.64
STU101612,21,Male,6,ME,78,0.5,62,28,-10,8.1,2.7,208353,Postgraduate,No,Hostel,No,6.01,7,1,6.82
STU101613,18,Female,1,CE,55,6.5,41,60,45,4.1,8.5,41766,School,Yes,Day Scholar,No,8.41,0,3,5.91
STU101614,19,Male,7,EEE,48,9.1,60,24,29,4.9,8.8,16396,School,Yes,Hostel,No,6.89,6,0,5.96
STU101615,25,Female,6,EEE,77,1.0,91,83,55,4.6,1.6,173008,School,No,Hostel,Yes,8.92,8,1,8.4
STU101616,19,Male,2,ECE,67,7.2,81,46,51,6.4,6.9,100699,Graduate,Yes,Hostel,No,8.2,7,1,8.15
STU101617,24,Female,7,ECE,45,3.4,57,83,83,4.5,7.4,101174,Postgraduate,No,Hostel,Yes,6.67,2,1,6.93
STU101618,19,Male,8,CSE,76,6.0,78,32,99,4.9,8.9,45579,School,Yes,Day Scholar,Yes,5.33,4,1,8.0
STU101619,22,Male,2,EEE,85,7.2,77,66,59,7.6,8.5,295396,School,Yes,Hostel,Yes,7.58,1,0,9.18
STU101620,24,Female,8,DS,81,5.3,72,40,39,6.2,5.9,102453,School,No,Day Scholar,Yes,5.67,8,0,7.18
STU101621,24,Female,2,CSE,86,6.5,67,21,35,7.6,4.5,159148,School,Yes,Hostel,No,8.09,4,0,7.83
STU101622,18,Male,6,CSE,48,6.7,87,86,86,6.8,1.8,120462,Postgraduate,No,Hostel,No,8.3,2,4,9.21
STU101623,20,Male,6,DS,47,6.0,78,88,66,4.0,7.0,79817,None,No,Hostel,No,7.23,2,4,7.95
STU101624,19,Female,4,ECE,70,7.3,73,23,36,4.5,6.7,110177,None,No,Hostel,No,7.77,2,0,6.44
STU101625,25,male,8,ECE,79,4.8,66,73,87,4.9,5.7,236688,School,No,Hostel,Yes,9.03,6,3,9.15
STU101626,21,Male,4,DS,65,5.1,95,56,20,5.5,4.9,283422,Graduate,Yes,Day Scholar,Yes,7.9,4,0,7.23
STU101627,23,Female,5,ME,48,5.9,71,74,20,8.3,8.0,93616,None,No,Hostel,Yes,7.72,4,1,6.7
STU101628,20,Female,6,CSE,99,5.9,75,58,37,eight,7.8,235619,Graduate,Yes,Day Scholar,Yes,5.61,2,3,7.68
STU101629,24,Female,8,EEE,100,4.6,88,23,26,6.0,1.0,81573,Postgraduate,No,Day Scholar,Yes,7.91,3,1,7.27
STU101630,25,Male,2,ME,86,6.2,57,90,37,6.3,4.5,106943,Graduate,Yes,Hostel,No,5.62,8,3,7.25
STU101631,24,Male,8,DS,86,9.2,60,54,46,8.0,8.8,176993,School,No,Day Scholar,Yes,6.45,8,0,8.6
STU101632,20,Female,2,ECE,69,4.4,82,96,23,6.7,7.9,78452,None,No,Day Scholar,No,6.01,5,3,7.84
STU101633,22,Female,3,CSE,95,0.7,84,46,77,6.3,6.8,20538,None,No,Day Scholar,No,9.51,4,?,8.99
STU101634,25,Male,2,ECE,68,8.2,82,49,86,6.0,6.2,191606,Postgraduate,Yes,Hostel,Yes,9.8,5,?,10
STU101635,20,Female,5,ECE,88,5.1,71,73,90,5.3,6.3,202068,None,No,Day Scholar,No,7.54,3,3,9.22
STU101636,22,Male,1,IT,48,7.9,91,80,27,6.0,1.6,36491,Graduate,No,Day Scholar,Yes,9.7,6,1,8.38
STU101637,19,Female,4,CSE,48,2.9,78,22,53,6.8,8.3,249914,Postgraduate,Yes,Day Scholar,Yes,9.76,1,0,7.26
STU101638,19,Male,9,IT,91,7.0,92,79,88,5.3,5.6,188522,None,No,Day Scholar,No,5.61,8,3,9.15
STU101639,18,Male,4,CSE,72,1.7,63,67,38,4.6,7.7,232832,Postgraduate,Yes,Day Scholar,Yes,5.17,3,0,6.4
STU101640,25,Male,3,CE,58,8.2,57,98,64,4.7,4.1,120080,None,Yes,Day Scholar,No,7.9,3,1,9.16
STU101641,20,Male,6,CSE,48,3.2,74,68,79,6.9,3.2,50261,Postgraduate,Yes,Hostel,Yes,6.2,2,2,7.39
STU101642,19,Female,8,ECE,87,3.5,100,89,74,6.0,8.8,126645,None,Yes,Day Scholar,No,9.02,2,0,9.97
STU101643,18,Female,5,EEE,50,3.8,83,80,98,7.5,6.4,60563,Postgraduate,Yes,Day Scholar,Yes,5.23,1,4,8.43
STU101644,22,Female,8,CSE,79,2.4,82,85,35,6.8,5.6,139090,School,No,Hostel,Yes,9.18,0,0,7.34
STU101645,22,Male,6,DS,72,5.8,94,48,78,5.5,2.2,125463,None,Yes,Day Scholar,Yes,7.32,2,4,8.85
STU101646,19,Male,8,ME,68,8.6,45,65,35,7.0,7.2,210886,School,Yes,Day Scholar,No,5.54,4,2,6.86
STU101647,25,Female,2,ME,54,2.0,36,58,27,4.5,,289132,School,Yes,Hostel,Yes,9.05,1,4,5.59
STU101648,20,Male,2,ECE,61,7.8,71,93,56,4.2,2.0,116118,Graduate,Yes,Day Scholar,Yes,7.73,1,2,8.72
STU101649,20,Female,4,IT,70,0.2,65,60,61,7.2,4.6,74753,Graduate,No,Day Scholar,Yes,6.88,8,3,7.85
STU101650,25,Female,5,CE,50,1.8,95,68,33,5.7,8.5,295623,Graduate,Yes,Hostel,Yes,6.32,1,1,6.78
STU101651,20,Male,7,ECE,62,9.6,84,31,63,5.4,8.2,160835,School,No,Day Scholar,No,9.11,8,2,8.6
STU101652,18,Female,7,DS,100,4.6,53,88,57,8.4,7.3,127120,School,Yes,Hostel,No,8.15,4,4,7.92
,25,Male,3,IT,82,4.7,81,86,24,6.5,5.5,271798,Postgraduate,Yes,Hostel,No,6.51,7,1,7.81
STU101654,25,Female,1,ECE,83,6.8,88,81,90,8.0,4.4,274822,None,No,Hostel,No,7.32,8,2,10
STU101655,18,Male,8,ME,51,6.1,54,79,96,6.5,1.3,267046,None,No,Day Scholar,Yes,5.62,5,2,8.17
STU101656,21,Female,1,IT,82,0.4,57,51,42,5.6,7.0,263786,School,Yes,Hostel,No,7.69,3,4,5.48
STU101657,23,Female,5,ECE,90,3.9,81,67,93,5.9,0.7,20534,None,No,Day Scholar,No,6.89,7,2,9.36
STU101658,20,Male,6,ECE,63,9.6,68,93,80,7.6,1.0,204859,School,No,Day Scholar,No,6.71,6,1,9.53
STU101659,22,Male,3,EEE,62,5.0,70,66,70,4.5,6.5,270590,Graduate,No,Day Scholar,Yes,9.33,3,1,7.75
STU101660,22,Male,4,AI&ML,94,7.9,91,39,41,4.0,4.4,235048,School,No,Hostel,Yes,9.07,5,2,8.67
STU101661,20,Male,7,EEE,69,1.3,77,61,69,7.8,1.4,145351,Postgraduate,Yes,Day Scholar,No,9.49,1,1,7.62
STU101662,24,Male,3,ME,57,7.0,65,94,75,7.0,7.1,248097,None,No,Hostel,No,8.58,0,1,9.5
STU101663,20,Female,6,CE,59,4.6,65,66,39,7.3,3.1,28335,School,No,Hostel,Yes,5.76,4,2,7.39
STU101664,19,Male,1,CE,56,7.5,100,68,53,6.4,4.3,266709,None,Yes,Hostel,No,6.85,0,3,7.92
STU101665,18,Female,3,DS,76,8.5,86,63,33,7.3,8.5,271049,Graduate,Yes,Hostel,Yes,7.45,8,4,8.11
STU101666,19,Female,4,DS,89,1.8,95,27,55,6.3,1.7,105864,Graduate,Yes,Hostel,No,5.58,7,0,7.13
STU101667,19,Male,6,IT,97,7.4,62,37,84,7.5,2.6,247924,Graduate,No,Day Scholar,No,8.63,5,2,9.44
STU101668,19,Male,8,EEE,55,10.0,44,59,77,6.5,2.9,34635,Graduate,No,Day Scholar,No,6.3,6,2,8.64
STU101669,25,Male,5,ME,97,2.1,81,22,63,6.6,6.7,117275,None,No,Hostel,Yes,6.87,8,3,7.43
STU101670,23,Male,1,CE,57,5.0,47,48,59,8.7,8.6,121989,Postgraduate,Yes,Day Scholar,Yes,9.22,0,4,7.25
STU101671,23,Male,3,ECE,55,1.6,40,78,63,4.4,4.4,128266,None,Yes,Hostel,Yes,5.83,2,0,5.94
STU101672,24,Male,7,EEE,52,7.1,43,80,25,5.6,4.9,299884,School,No,Hostel,No,7.52,2,0,6.26
STU101673,19,Male,3,IT,70,7.3,92,96,81,4.2,3.9,78552,Graduate,No,Hostel,Yes,6.77,7,2,9.16
STU101674,20,Male,4,ME,74,5.9,50,29,74,4.8,3.3,210630,Postgraduate,No,Day Scholar,Yes,7.1,4,0,7.17
STU101675,24,Male,4,CE,69,2.5,61,81,33,5.6,1.3,unknown,School,No,Hostel,Yes,8.41,2,4,6.87
STU101676,23,Female,1,IT,48,5.3,63,81,37,8.3,8.3,94819,School,Yes,Hostel,No,7.87,6,4,7.82
STU101677,18,Male,6,DS,98,8.7,56,53,25,5.0,6.9,106536,Graduate,Yes,Day Scholar,No,6.33,1,0,7.2
STU101678,21,Male,4,IT,70,1.4,100,94,35,6.0,8.1,296034,Graduate,Yes,Hostel,No,5.28,7,0,7.01
STU101679,22,Female,1,IT,45,1.5,45,43,78,8.2,1.5,234262,School,Yes,Hostel,No,6.07,7,0,6.44
STU101680,19,Female,4,EEE,95,8.1,41,31,34,6.6,3.3,118966,None,Yes,Day Scholar,Yes,6.15,2,1,7.15
STU101681,21,Female,3,CSE,56,0.4,97,72,76,4.3,5.8,65972,Postgraduate,Yes,Hostel,Yes,8.32,2,3,7.07
STU101682,25,Female,5,DS,96,6.8,35,37,-10,5.1,2.4,269705,Graduate,Yes,Hostel,No,8.18,0,2,7.16
STU101683,22,Male,8,ME,75,2.2,96,82,56,6.1,6.8,168380,Graduate,No,Day Scholar,No,5.2,3,1,8.4
STU101684,19,Male,1,ECE,45,7.1,89,85,81,8.3,4.8,295628,Graduate,No,Day Scholar,Yes,8.22,7,2,9.55
STU101685,23,Female,8,CSE,76,3.1,79,84,27,4.9,3.8,268350,Graduate,No,Hostel,Yes,7.97,8,3,7.89
STU101686,23,Female,4,ECE,63,9.0,59,90,22,6.5,5.1,54221,School,Yes,Day Scholar,Yes,8.72,3,0,7.72
STU101687,24,Male,4,IT,,2.8,62,42,97,8.9,7.2,123798,Graduate,No,Hostel,No,6.73,3,4,7.77
STU101688,20,Male,2,IT,100,4.3,75,36,70,8.4,2.6,unknown,None,Yes,Day Scholar,No,6.79,5,3,8.32
STU101689,20,Female,5,EEE,57,9.2,67,61,53,5.6,4.7,41430,Postgraduate,Yes,Hostel,Yes,8.31,5,4,8.35
STU101690,18,Male,5,ME,84,4.5,45,59,85,8.7,8.4,212380,Graduate,Yes,Hostel,No,7.81,8,2,8.78
STU101691,19,Male,3,DS,71,8.4,59,21,99,5.1,5.3,178653,Postgraduate,No,Day Scholar,Yes,9.0,2,4,7.82
STU101692,22,Female,3,EEE,83,3.0,81,34,95,7.3,5.5,91719,Postgraduate,Yes,Day Scholar,Yes,8.48,7,0,8.65
STU101693,18,Female,8,CE,60,6.8,93,58,64,5.4,4.6,71402,School,No,Hostel,No,8.41,4,4,8.22
STU101694,20,Female,4,EEE,64,6.0,89,53,40,7.0,4.8,226296,Graduate,No,Hostel,No,7.32,7,4,7.59
STU101695,24,Male,4,ECE,68,4.0,59,89,53,7.3,5.2,212959,Graduate,No,Day Scholar,Yes,7.02,8,4,7.97
STU101696,18,Male,6,ECE,75,1.9,66,59,76,5.1,5.5,81933,Graduate,Yes,Day Scholar,Yes,8.25,7,2,7.47
STU101697,25,Female,3,CSE,100,5.8,73,26,95,5.0,7.0,118136,Graduate,Yes,Hostel,No,7.6,3,4,8.05
STU101698,22,Female,1,ME,57,8.7,61,24,66,6.2,5.2,236882,Postgraduate,Yes,Hostel,Yes,8.44,8,2,7.39
STU101699,19,Male,5,CSE,87,3.7,98,77,80,7.5,4.4,226077,Postgraduate,No,Day Scholar,No,6.86,7,3,9.66
STU101700,20,Female,3,CE,49,8.1,77,37,86,7.4,3.0,175330,Graduate,No,Day Scholar,Yes,7.19,8,1,8.87
STU101701,24,Male,1,ECE,89,6.9,78,35,60,4.2,8.2,211042,School,Yes,Day Scholar,No,5.57,4,3,7.23
STU101702,24,Female,3,DS,56,4.2,46,84,35,7.7,7.3,201043,Graduate,No,Day Scholar,No,8.06,3,1,6.35
STU101703,23,Female,3,CSE,48,6.6,73,50,37,6.7,3.4,143818,Graduate,No,Hostel,Yes,9.47,7,2,8.25
STU101704,18,Male,3,CE,95,4.8,46,31,78,7.3,,65093,Postgraduate,No,Hostel,Yes,6.52,3,0,8.08
STU101705,19,Male,8,DS,95,1.3,58,20,91,5.6,7.8,75898,None,Yes,Hostel,Yes,8.72,4,1,7.2
STU101706,25,Male,3,IT,74,4.2,86,25,85,5.1,5.7,158389,Graduate,No,Hostel,No,9.63,3,4,7.9
STU101707,23,Female,3,IT,86,9.5,55,92,33,7.6,5.0,268915,School,No,Hostel,Yes,8.85,5,4,8.16
STU101708,21,Female,8,IT,71,4.9,66,58,42,4.3,8.3,20963,Postgraduate,No,Hostel,No,7.21,2,1,6.47
STU101709,24,Female,4,IT,90,5.1,37,50,43,5.9,3.6,194350,Postgraduate,No,Day Scholar,Yes,7.78,2,3,7.05
STU101710,23,Female,6,EEE,77,9.6,71,82,77,5.5,1.6,123251,Graduate,No,Day Scholar,Yes,6.65,6,0,10
STU101711,20,Female,7,ME,69,2.8,41,150,49,4.3,4.0,151404,Graduate,Yes,Day Scholar,No,7.84,3,0,7.06
STU101712,19,Male,8,CSE,83,3.3,51,88,57,4.3,2.6,28546,School,Yes,Hostel,Yes,9.71,1,1,8.01
STU101713,23,Male,4,ME,60,1.4,79,48,69,7.6,3.2,69013,None,No,Day Scholar,Yes,5.1,3,4,6.57
STU101714,24,Female,2,DS,50,6.6,38,35,99,4.3,3.6,173844,Postgraduate,Yes,Day Scholar,No,9.73,6,1,8.17
STU101715,21,Male,6,CSE,78,7.0,65,39,78,8.4,3.2,112992,Graduate,Yes,Day Scholar,Yes,6.51,2,0,9.03
STU101716,24,Female,5,CSE,68,0.6,40,67,85,6.1,2.5,117091,Postgraduate,Yes,Hostel,Yes,5.81,6,4,7.51
STU101717,21,Male,8,ME,87,8.0,87,50,49,7.1,7.9,135022,None,Yes,Hostel,No,7.38,6,0,9.41
STU101718,20,Female,6,CE,67,2.2,43,93,93,5.9,6.3,28947,Graduate,No,Hostel,Yes,5.3,8,1,8.77
STU101719,22,Male,5,AI&ML,69,2.7,83,25,27,8.8,2.7,150816,School,Yes,Hostel,Yes,8.19,2,0,6.62
STU101720,21,Female,8,ME,71,1.8,93,85,74,6.6,1.6,120554,None,No,Hostel,Yes,6.43,6,2,8.16
STU101721,21,Female,8,CE,66,9.3,58,44,71,4.2,6.9,74611,None,No,Day Scholar,Yes,9.54,8,0,8.74
STU101722,21,Male,4,CSE,64,5.4,97,82,21,5.4,0.9,68794,None,Yes,Hostel,No,7.63,7,2,8.03
STU101723,23,Male,4,CE,76,6.9,46,46,22,5.6,2.9,209374,Postgraduate,Yes,Hostel,No,7.87,6,4,6.5
STU101724,24,Male,5,IT,72,8.1,79,81,56,5.1,2.9,22117,None,Yes,Day Scholar,Yes,5.75,6,4,8.05
STU101725,24,Female,8,CSE,74,9.0,84,72,100,4.9,6.8,156719,School,Yes,Day Scholar,No,7.97,3,4,9.97
STU101726,25,Male,2,CE,68,8.5,46,32,68,8.0,3.4,204697,Graduate,Yes,Hostel,No,9.45,6,3,8.02
STU101727,24,Female,1,DS,98,3.8,84,83,92,eight,3.4,146616,School,Yes,Hostel,No,7.11,2,4,10
STU101728,23,Female,5,CE,74,9.4,86,100,47,8.5,2.9,47035,Postgraduate,Yes,Day Scholar,Yes,9.15,8,2,9.92
STU101729,19,Male,8,ECE,60,3.1,76,72,85,5.9,6.3,231172,None,Yes,Hostel,No,11.5,1,4,8.05
STU101730,18,Female,5,EEE,93,5.0,38,42,38,7.3,5.8,77140,Postgraduate,No,Day Scholar,Yes,6.3,6,0,6.93
STU101731,18,Male,3,CSE,49,8.3,77,55,25,8.6,3.9,170942,Graduate,No,Day Scholar,Yes,5.74,6,3,6.99
STU101732,24,Female,5,ME,74,5.6,61,97,44,4.1,8.6,88669,None,Yes,Hostel,No,9.59,1,2,8.33
STU101733,21,Male,2,CSE,58,9.1,79,29,89,7.3,0.6,258696,Graduate,Yes,Hostel,No,5.75,5,2,8.22
STU101734,18,Female,8,CE,55,6.5,58,23,44,6.5,6.7,109822,Graduate,Yes,Hostel,No,5.44,8,1,6.31
STU101735,25,Male,4,CSE,87,8.9,52,99,78,7.1,8.6,82206,School,No,Day Scholar,No,5.75,1,0,9.05
STU101736,24,Male,4,ME,69,1.0,67,43,50,6.1,2.1,27078,School,No,Hostel,No,9.79,0,0,6.58
STU101737,22,Male,4,DS,76,1.3,39,79,37,4.5,7.5,144293,Postgraduate,No,Hostel,No,5.02,2,0,5.38
STU101738,22,Female,2,CE,54,7.3,61,30,36,5.2,3.0,54928,Postgraduate,Yes,Hostel,Yes,7.33,8,0,7.0
STU101739,21,Female,1,IT,90,10.0,42,21,93,4.2,1.8,131661,None,No,Hostel,Yes,5.55,7,4,8.77
STU101740,21,Male,1,DS,74,6.1,84,67,95,7.4,2.4,261995,Postgraduate,Yes,Day Scholar,Yes,9.23,4,3,9.52
STU101741,20,Female,1,CSE,74,4.2,78,86,71,7.4,3.0,254239,Graduate,No,Day Scholar,Yes,8.6,2,2,8.53
STU101742,23,Female,6,DS,65,9.9,85,72,26,6.3,5.3,169606,None,No,Day Scholar,No,5.8,0,4,7.72
STU101743,21,Male,4,ME,99,3.0,46,29,41,eight,1.5,181059,School,No,Hostel,No,5.94,6,1,6.2
STU101744,21,Male,3,IT,,1.4,68,50,83,4.5,5.0,178277,School,No,Day Scholar,Yes,7.97,3,1,7.92
STU101745,18,Male,6,CSE,84,5.7,65,93,26,6.0,5.3,268416,Postgraduate,Yes,Day Scholar,No,9.66,8,1,7.99
STU101746,20,Female,8,ECE,77,0.2,39,76,58,5.1,0.7,221291,School,No,Day Scholar,No,8.0,7,3,7.67
STU101747,19,Female,8,CE,99,3.1,98,70,61,5.0,6.8,264347,None,No,Hostel,Yes,5.33,0,2,8.54
STU101748,19,Male,1,IT,57,5.7,98,73,41,6.6,8.8,260495,Postgraduate,Yes,Hostel,No,8.17,3,1,8.07
STU101749,23,Female,7,EEE,79,8.7,73,92,72,6.1,7.3,170962,Postgraduate,No,Hostel,Yes,5.05,8,2,9.38
STU101750,20,Female,1,EEE,94,7.0,87,90,67,7.3,2.7,163326,School,Yes,Hostel,No,9.21,0,1,9.68
STU101751,23,Female,8,ME,51,1.0,96,50,96,5.7,4.7,231751,Postgraduate,No,Day Scholar,Yes,9.01,4,2,7.86
STU101752,22,Male,4,ECE,69,8.3,39,60,93,6.1,4.4,199882,School,No,Hostel,Yes,5.82,5,0,8.49
STU101753,22,Male,3,EEE,93,3.9,54,97,52,8.4,3.0,43789,None,No,Hostel,Yes,6.22,5,1,8.54
STU101754,20,Female,5,CSE,91,1.0,41,21,88,7.8,5.1,92069,None,Yes,Hostel,No,6.13,6,2,7.48
STU101755,18,Male,6,ME,78,0.6,83,76,27,6.9,8.8,74817,Graduate,No,Day Scholar,Yes,8.41,6,2,7.08
STU101756,20,Female,4,ME,75,7.3,68,91,64,4.9,8.8,57860,School,Yes,Hostel,No,9.68,2,3,8.13
STU101757,24,Female,3,ECE,66,0.7,84,32,84,9.0,1.0,17084,School,No,Hostel,No,5.43,6,2,8.32
STU101758,25,Female,1,ECE,79,4.3,85,63,60,8.3,3.3,40547,Graduate,No,Hostel,Yes,7.54,4,1,7.83
STU101759,25,Female,5,ECE,80,1.2,N/A,49,81,4.3,8.6,272651,School,Yes,Day Scholar,Yes,6.53,1,2,7.09
STU101760,23,Male,3,DS,98,0.9,75,56,96,7.7,1.6,155043,Postgraduate,Yes,Day Scholar,Yes,6.3,5,0,8.73
STU101761,19,Female,6,ME,86,9.1,52,31,82,4.5,6.2,45016,Graduate,No,Day Scholar,No,7.51,0,1,8.36
STU101762,22,Female,2,CE,49,4.1,46,67,64,4.2,4.9,254729,None,No,Day Scholar,Yes,8.64,4,0,7.03
STU101763,21,Male,4,ME,49,7.9,65,67,45,8.0,5.3,56591,Graduate,No,hostel,Yes,5.35,0,1,7.14
STU101764,24,Male,8,ME,59,1.2,61,38,95,7.4,3.0,176095,Graduate,No,Hostel,No,8.68,3,3,7.5
STU101765,21,Female,8,ECE,62,8.2,100,40,63,5.8,4.9,17288,Graduate,Yes,Hostel,Yes,5.22,1,4,8.06
STU101766,20,Male,7,EEE,78,4.7,59,94,87,5.8,8.4,101939,School,No,Hostel,Yes,8.49,5,1,9.28
STU101767,19,Male,6,DS,57,5.7,69,76,38,7.8,8.7,267586,Postgraduate,No,Day Scholar,Yes,7.31,6,4,7.09
STU101768,24,Female,3,IT,85,8.0,53,61,94,7.4,7.6,261375,None,Yes,Day Scholar,Yes,8.9,1,2,8.58
STU101769,20,Female,8,ME,56,1.9,68,84,70,4.9,5.8,188501,None,No,Day Scholar,No,8.12,6,2,8.26
STU101770,23,Male,6,ME,62,5.5,78,76,48,6.6,7.2,82427,None,Yes,Day Scholar,No,5.24,3,4,6.73
STU101771,18,Male,1,ME,95,7.1,88,90,81,4.2,4.3,75830,School,No,Day Scholar,No,8.08,0,2,9.19
STU101772,23,Male,1,CE,93,9.7,75,79,59,5.9,5.3,142108,None,No,Day Scholar,No,8.59,2,4,9.46
STU101773,19,Male,3,ME,69,6.9,96,75,77,6.4,6.5,170775,School,Yes,Day Scholar,No,8.21,1,3,9.83
STU101774,20,Female,3,CE,47,6.0,91,50,48,4.2,2.1,248534,Postgraduate,Yes,Day Scholar,Yes,5.38,4,0,7.03
STU101775,24,Female,7,IT,69,0.1,37,44,80,7.0,0.8,241982,Postgraduate,Yes,Day Scholar,Yes,8.37,0,0,6.91
STU101776,25,Male,2,ECE,55,3.6,44,75,69,8.2,6.4,267380,Postgraduate,Yes,Day Scholar,No,8.0,1,2,7.86
STU101777,21,Male,8,ME,57,6.6,78,72,40,5.9,4.0,90899,School,Yes,Day Scholar,Yes,9.57,6,1,7.68
STU101778,18,Male,7,EEE,63,6.7,57,87,77,6.8,3.2,251130,None,Yes,Hostel,No,5.73,0,0,8.54
STU101779,24,Female,6,CE,61,6.9,49,28,57,8.6,3.3,223768,Postgraduate,Yes,Day Scholar,Yes,6.88,3,2,6.62
STU101780,25,Male,8,ECE,78,5.4,57,70,76,7.5,3.5,221169,Postgraduate,Yes,Day Scholar,No,5.71,0,3,8.6
STU101781,21,Female,7,DS,47,5.0,65,64,20,8.9,2.2,182247,Postgraduate,No,Hostel,Yes,9.29,3,2,7.49
STU101782,22,Male,3,CE,83,6.3,99,60,94,7.2,3.0,126103,School,No,Day Scholar,No,7.71,3,0,10
STU101783,23,Female,4,ECE,86,5.5,47,35,93,7.5,1.3,159912,None,No,Hostel,Yes,5.02,8,2,8.99
STU101784,18,Male,8,ME,95,7.6,70,94,35,6.3,3.3,275070,Graduate,No,Day Scholar,Yes,5.84,-1,3,7.7
STU101785,21,Female,8,CSE,72,3.7,74,68,66,5.2,1.1,288483,School,No,Day Scholar,,6.95,5,3,8.31
STU101786,22,Male,8,ME,48,5.4,77,21,85,4.2,8.3,247661,Postgraduate,No,Hostel,No,6.95,5,1,6.71
STU101787,24,Female,7,CE,95,8.6,61,73,92,7.0,5.8,120726,Graduate,No,Hostel,Yes,8.94,5,2,10
STU101788,19,Male,4,AI&ML,51,8.4,62,57,39,8.1,3.5,174413,None,Yes,Hostel,No,5.28,6,1,8.0
STU101789,21,Male,3,ME,99,2.7,69,74,26,5.7,7.3,297499,None,No,Hostel,No,6.79,8,2,7.46
STU101790,25,Male,3,ME,68,7.3,100,89,71,5.9,5.1,290270,Postgraduate,Yes,Hostel,No,9.33,1,3,9.53
STU101791,21,Male,3,CSE,95,9.3,57,83,23,6.2,4.4,81913,Graduate,Yes,Day Scholar,Yes,9.3,7,3,9.18
STU101792,24,Female,2,EEE,82,4.1,94,78,70,6.1,7.7,78695,Graduate,Yes,Hostel,Yes,7.88,8,4,9.68
STU101793,24,Female,1,ME,93,8.0,80,37,72,8.6,0.6,141127,School,Yes,Day Scholar,Yes,7.88,8,0,9.25
STU101794,23,Male,7,DS,68,7.8,93,67,83,6.4,2.9,64022,School,No,Day Scholar,Yes,6.23,6,0,9.6
STU101795,18,Female,8,ECE,78,9.1,52,100,65,8.7,4.8,196876,Postgraduate,Yes,Day Scholar,No,6.91,2,4,8.59
STU101796,21,Female,2,CSE,56,10.0,82,23,65,8.3,4.5,264697,None,No,Day Scholar,Yes,5.86,8,4,8.35
STU101797,22,Male,3,DS,83,2.3,53,93,79,4.6,2.8,81272,Graduate,No,Hostel,No,8.48,8,0,8.36
STU101798,23,Female,2,IT,88,7.4,96,60,51,5.7,6.5,66207,Graduate,Yes,Hostel,Yes,6.14,5,3,8.82
STU101799,21,Female,4,IT,69,1.7,39,60,55,4.1,7.0,248511,Postgraduate,Yes,Day Scholar,No,11.5,2,3,6.87
STU101800,22,Female,7,ME,73,2.1,45,83,39,7.9,4.1,255475,None,Yes,Day Scholar,Yes,6.51,5,2,6.81
STU101801,18,Female,8,CE,53,6.1,56,38,54,7.5,8.6,153833,None,Yes,Hostel,No,8.2,8,3,7.53
STU101802,22,Male,2,ECE,86,7.4,63,53,35,8.4,8.1,281548,None,No,Day Scholar,No,9.61,4,3,8.39
STU101803,21,Male,2,EEE,71,8.0,82,34,65,6.8,7.0,144107,Postgraduate,Yes,Day Scholar,No,5.37,7,3,8.56
STU101804,25,Male,5,ME,79,5.2,42,25,76,4.1,1.4,170329,None,No,Day Scholar,No,6.69,0,3,6.69
STU101805,25,Male,6,EEE,52,2.0,40,66,99,8.4,4.1,263247,Graduate,Yes,Day Scholar,Yes,7.35,6,4,7.25
STU101806,18,Male,2,IT,78,7.7,47,68,87,7.3,3.2,253276,None,Yes,Day Scholar,Yes,7.84,4,0,9.89
STU101807,22,Female,8,EEE,64,7.8,82,79,98,eight,2.1,230458,Graduate,Yes,Day Scholar,Yes,9.05,2,3,10
STU101808,25,Male,4,CE,48,6.1,91,26,22,4.1,5.9,120145,School,Yes,Hostel,No,5.72,0,2,4.92
STU101809,21,Male,3,CSE,71,5.8,69,69,61,7.5,7.5,285786,Graduate,Yes,Day Scholar,No,6.31,0,2,7.52
STU101810,25,Female,1,CE,65,3.0,58,78,93,7.0,1.1,163956,None,Yes,Hostel,No,6.68,2,4,7.67
STU101811,23,Female,6,DS,72,7.8,69,82,67,5.5,6.6,267812,School,No,Day Scholar,No,9.44,8,2,9.93
STU101812,20,Female,2,CE,94,9.5,70,50,27,eight,7.9,260184,None,Yes,Hostel,No,9.05,5,4,8.16
STU101813,24,Female,3,ECE,66,1.2,80,88,59,4.9,5.4,54874,None,No,Day Scholar,Yes,8.56,7,2,8.26
STU101814,19,Female,5,ME,64,4.6,85,22,82,6.5,5.0,249613,Postgraduate,Yes,Hostel,Yes,8.38,1,2,7.79
STU101815,25,Female,6,EEE,65,9.8,66,82,100,5.6,7.9,299307,Graduate,No,Day Scholar,Yes,5.27,6,1,9.53
STU101816,25,Male,7,CSE,65,4.4,45,39,40,6.0,7.0,111696,Postgraduate,Yes,Day Scholar,Yes,9.41,2,0,6.27
STU101817,23,Female,2,CE,96,8.2,58,31,21,7.3,3.3,135883,Graduate,Yes,Hostel,No,6.59,8,2,6.76
STU101818,22,Male,3,IT,59,6.4,99,71,62,4.7,1.8,141426,None,No,Hostel,Yes,6.62,4,3,8.17
STU101819,18,Male,7,CE,84,1.3,63,20,21,5.8,1.5,111160,School,No,Day Scholar,Yes,8.2,2,1,6.26
STU101820,24,Female,3,CE,55,9.3,72,30,94,7.3,5.3,19344,School,Yes,Hostel,No,5.1,1,1,7.91
STU101821,20,Male,6,DS,59,0.4,46,92,46,8.6,5.3,87904,Postgraduate,Yes,Hostel,No,9.43,4,3,6.42
STU101822,21,Female,6,CE,61,8.6,64,92,31,6.3,3.5,18331,Graduate,Yes,Hostel,No,11.5,0,3,7.49
STU101823,20,Female,3,EEE,72,3.8,91,43,88,7.1,7.6,41688,School,No,Hostel,Yes,7.34,6,0,8.47
STU101824,18,Male,8,ME,72,0.7,82,52,78,6.6,3.5,168268,School,Yes,Day Scholar,No,7.57,8,3,8.04
STU101825,18,Female,6,CE,90,1.5,68,27,57,4.7,7.2,72441,Postgraduate,Yes,Day Scholar,Yes,5.14,6,4,6.94
STU101826,20,Female,3,CE,90,3.6,65,96,73,6.1,1.5,54641,None,No,Day Scholar,No,9.33,5,1,12
STU101827,18,Female,6,ME,98,8.8,42,79,21,4.6,1.5,96401,School,No,Day Scholar,Yes,7.41,1,4,7.32
STU101828,22,Male,1,ME,,4.6,100,73,59,7.6,4.0,88645,Postgraduate,Yes,Hostel,Yes,9.72,3,4,9.26
STU101829,22,Male,6,EEE,64,6.7,N/A,26,92,7.0,1.4,282679,Graduate,Yes,Day Scholar,Yes,9.39,0,0,9.16
STU101830,19,Female,1,DS,92,1.7,93,90,56,6.8,8.1,154669,None,Yes,Day Scholar,No,5.19,0,4,6.97
STU101831,18,Male,2,CSE,89,0.7,64,46,52,8.6,0.7,48318,School,No,Hostel,Yes,9.46,6,4,7.36
STU101832,21,Male,5,CSE,59,2.0,91,35,59,7.9,2.8,280256,Postgraduate,Yes,Day Scholar,Yes,7.07,4,1,7.02
STU101833,18,Male,9,IT,61,6.5,42,23,34,5.2,8.6,110776,Graduate,No,Hostel,Yes,9.08,3,2,6.49
STU101834,25,Female,7,ME,99,7.1,92,46,61,6.4,5.6,90471,Postgraduate,Yes,Hostel,Yes,8.19,7,3,8.8
STU101835,21,Female,6,CE,98,0.3,63,74,34,4.5,1.8,69528,None,No,Day Scholar,No,7.65,3,1,7.42
STU101836,25,Female,3,ECE,95,9.4,90,24,36,8.3,6.1,200948,Postgraduate,No,Day Scholar,Yes,7.27,4,0,7.72
STU101837,23,Male,6,EEE,52,1.8,82,28,21,6.7,3.0,279934,Graduate,Yes,Hostel,Yes,9.62,2,1,6.61
STU101838,21,Male,3,DS,82,8.0,70,83,39,6.1,8.2,176748,School,No,Day Scholar,Yes,6.16,4,1,8.04
STU101839,24,Female,1,ME,90,2.4,48,69,56,5.8,2.7,114635,Graduate,No,Hostel,Yes,5.96,7,0,7.93
STU101840,25,Female,6,IT,51,5.9,84,85,39,8.2,3.3,18756,Graduate,No,Day Scholar,Yes,9.06,3,3,8.35
STU101841,18,Male,7,IT,69,7.6,62,65,52,7.3,8.7,225913,None,No,Hostel,No,5.88,5,4,7.05
STU101842,20,Female,4,CE,49,4.7,41,42,47,4.9,3.0,20857,None,Yes,Hostel,Yes,6.25,5,1,6.67
STU101843,24,Female,1,ECE,92,4.5,77,94,62,5.2,7.0,117203,Graduate,No,Day Scholar,No,5.06,1,3,8.2
STU101844,25,Male,3,ECE,89,6.3,55,74,35,6.3,7.1,69947,None,No,Hostel,Yes,5.98,2,3,6.94
STU101845,18,Male,8,DS,69,2.4,86,50,53,5.7,5.6,195223,None,Yes,Day Scholar,Yes,5.11,7,3,6.74
STU101846,18,Female,5,ME,77,0.5,68,81,46,5.9,6.2,196607,School,Yes,Day Scholar,Yes,8.63,6,2,7.88
STU101847,25,Male,6,ME,97,0.4,47,38,44,4.5,8.5,21690,Graduate,Yes,Day Scholar,Yes,5.48,5,1,6.58
STU101848,25,Male,7,EEE,91,2.8,55,81,34,5.6,7.6,211695,Graduate,No,Day Scholar,No,5.89,2,0,6.96
STU101849,22,Female,1,ME,45,0.8,71,35,77,8.7,7.9,239676,None,No,Day Scholar,Yes,7.83,5,0,7.12
STU101850,20,Female,4,ME,65,9.9,59,82,64,4.9,5.5,157119,None,No,Day Scholar,Yes,5.22,0,1,7.49
STU101851,19,Female,4,IT,93,4.4,37,46,87,6.6,1.8,41368,School,Yes,Day Scholar,No,6.95,6,4,8.48
STU101852,25,Female,6,CE,46,6.0,81,37,87,8.6,5.8,62621,None,No,Hostel,No,8.81,2,4,7.99
STU101853,25,Male,6,ECE,78,4.0,97,28,63,6.7,8.6,99893,Graduate,No,Day Scholar,Yes,9.76,0,0,7.34
STU101854,23,Female,7,ECE,56,3.8,44,70,100,5.7,7.8,296939,School,Yes,Day Scholar,No,8.6,4,2,7.78
STU101855,18,Male,1,ME,98,3.2,76,77,44,5.1,8.9,170602,School,No,Day Scholar,No,8.48,8,0,7.99
STU101856,20,Female,5,DS,71,1.9,76,46,46,6.7,1.1,211634,Postgraduate,No,Day Scholar,Yes,9.24,2,3,7.55
STU101857,20,Male,8,ME,76,2.2,90,45,64,7.0,3.7,18809,None,No,Day Scholar,Yes,5.87,3,0,8.28
STU101858,24,Male,8,DS,80,1.6,73,34,94,6.3,6.0,48702,Graduate,No,hostel,Yes,7.04,8,4,8.14
STU101859,21,Male,4,ME,45,1.9,87,92,69,7.4,,249980,School,Yes,Day Scholar,No,9.74,4,4,7.95
STU101860,23,Male,4,EEE,74,3.2,88,35,26,6.0,2.8,110695,School,Yes,Hostel,Yes,9.13,0,4,6.22
STU101861,19,Male,8,EEE,94,7.8,40,85,40,5.4,3.8,259319,School,No,Day Scholar,Yes,6.85,2,4,6.98
STU101862,24,Female,3,DS,53,4.6,54,88,41,5.5,3.2,180282,Postgraduate,No,Hostel,Yes,9.59,0,1,7.79
STU101863,21,Male,7,IT,64,6.6,68,36,79,6.7,6.3,174557,Graduate,Yes,Hostel,No,7.37,0,3,7.5
STU101864,18,Female,7,EEE,69,8.7,98,54,88,4.5,7.8,168101,Postgraduate,Yes,Hostel,Yes,6.39,5,2,9.15
STU101865,20,Female,3,CSE,72,0.3,57,74,59,5.0,3.6,193529,Graduate,No,Day Scholar,No,7.81,7,1,7.19
STU101866,21,Male,4,CSE,74,5.5,61,34,78,8.7,1.3,278374,Postgraduate,Yes,Hostel,No,8.12,3,0,7.7
STU101867,25,Female,6,CE,88,7.5,37,95,51,6.4,6.1,106794,Graduate,Yes,Hostel,Yes,6.46,2,3,8.05
STU101868,24,Male,6,DS,81,2.3,61,72,60,4.1,3.4,213377,Graduate,Yes,Day Scholar,Yes,5.06,2,0,7.29
STU101869,25,Female,5,EEE,50,5.5,64,42,37,6.2,7.2,239108,None,Yes,Day Scholar,Yes,6.33,5,2,5.93
STU101870,22,Male,4,ME,94,6.0,35,26,27,5.3,1.1,78057,School,No,Hostel,Yes,8.5,1,4,6.22
STU101871,18,Male,2,CE,81,7.4,81,58,77,9.0,3.9,53573,Postgraduate,No,Day Scholar,Yes,6.64,6,1,9.33
STU101872,20,Female,1,DS,69,9.3,44,87,59,8.9,4.3,17251,Postgraduate,No,Day Scholar,No,6.75,7,1,9.49
,22,Male,5,ME,53,0.7,83,76,88,6.7,4.5,248852,Postgraduate,No,Day Scholar,Yes,8.32,5,0,8.02
STU101874,23,Female,7,DS,52,8.9,66,20,98,6.2,5.7,264604,School,Yes,Day Scholar,Yes,9.17,2,3,8.58
STU101875,20,Female,6,ME,66,5.6,100,69,85,4.5,1.2,154374,Graduate,Yes,Day Scholar,Yes,9.78,5,2,10
STU101876,21,Female,7,IT,54,0.1,79,61,21,5.9,2.2,23709,Graduate,No,Day Scholar,Yes,7.77,8,2,6.38
STU101877,23,Male,4,ME,100,3.1,41,74,92,5.4,6.7,255818,Graduate,No,Day Scholar,No,5.46,3,0,7.86
STU101878,24,Male,3,CE,59,7.6,61,90,90,6.6,7.5,110777,None,Yes,Day Scholar,Yes,9.27,3,4,9.12
STU101879,24,Male,3,CE,51,8.0,92,98,30,7.6,7.2,71522,Postgraduate,Yes,Hostel,Yes,5.19,5,4,7.5
STU101880,22,Male,3,IT,96,10.0,63,89,65,5.7,1.5,228189,None,No,Hostel,Yes,6.35,5,3,10
STU101881,22,Male,1,ECE,45,8.7,66,49,52,5.8,5.2,182068,Graduate,Yes,Day Scholar,Yes,11.5,6,4,6.76
STU101882,19,Female,5,CSE,47,8.9,76,80,65,5.6,6.5,257069,Graduate,No,Hostel,Yes,5.95,6,3,7.92
STU101883,22,Male,3,DS,88,5.3,65,35,61,8.6,1.8,63592,Postgraduate,Yes,Day Scholar,No,9.27,7,3,9.02
STU101884,23,Male,5,IT,79,0.5,45,49,70,eight,5.7,105454,Postgraduate,No,Day Scholar,Yes,6.13,1,4,5.73
STU101885,21,Male,6,ME,60,3.4,71,23,75,7.3,2.1,261810,Postgraduate,Yes,Hostel,Yes,8.15,6,2,7.81
STU101886,21,Female,4,CSE,56,0.1,58,87,78,6.8,6.9,72674,Postgraduate,Yes,Hostel,No,6.62,2,4,6.97
STU101887,22,Female,1,CSE,90,2.2,60,87,61,6.1,4.1,161524,School,Yes,Day Scholar,No,5.48,5,3,7.68
STU101888,19,Male,5,ME,56,4.7,51,62,83,6.8,3.7,250308,None,Yes,Hostel,No,5.28,0,0,7.26
STU101889,23,Female,5,CSE,56,9.9,42,21,21,6.1,6.4,221728,Graduate,Yes,Hostel,No,9.27,8,3,7.03
STU101890,21,Male,6,EEE,92,8.6,96,98,70,5.6,4.1,115171,None,Yes,Hostel,No,9.06,2,3,10
STU101891,22,Male,1,EEE,52,3.2,46,63,30,5.1,1.7,137147,School,No,Day Scholar,Yes,9.42,0,4,12
STU101892,22,Female,3,DS,78,4.6,67,76,43,6.3,6.9,37051,Graduate,No,Day Scholar,Yes,7.82,7,0,8.2
STU101893,22,Female,1,ECE,79,0.8,71,75,30,5.6,4.7,287241,School,Yes,Day Scholar,No,8.08,8,3,6.4
STU101894,24,Male,8,EEE,100,3.9,58,20,82,8.0,6.3,108136,Graduate,No,Day Scholar,No,5.94,5,2,7.08
STU101895,18,Female,4,ME,80,8.6,36,74,86,8.8,2.6,124017,Postgraduate,Yes,Day Scholar,Yes,8.15,2,3,9.56
STU101896,21,male,1,CSE,96,7.0,63,35,70,8.0,4.1,84389,Postgraduate,Yes,Day Scholar,Yes,6.75,5,4,8.67
STU101897,18,Male,6,CSE,49,1.4,54,76,91,7.4,5.8,42510,Graduate,No,Hostel,Yes,7.71,3,0,7.36
STU101898,22,Male,1,ME,97,5.6,72,65,89,7.5,1.1,96798,None,Yes,Hostel,Yes,5.81,0,4,8.31
STU101899,24,Female,8,CE,95,4.9,92,69,87,4.6,3.1,95393,None,No,Hostel,Yes,6.93,8,3,9.76
STU101900,23,Male,2,ME,52,6.2,67,76,20,5.7,3.8,212451,School,No,Day Scholar,Yes,9.01,5,2,7.52
STU101901,19,Female,9,IT,91,8.9,85,85,39,8.2,4.5,197579,Postgraduate,Yes,Day Scholar,Yes,5.55,2,3,9.36
STU101902,24,Male,5,ECE,51,8.4,99,23,31,4.8,2.9,190597,Postgraduate,No,Hostel,Yes,7.84,0,3,7.08
STU101903,23,Female,3,CE,59,4.4,50,97,98,7.2,1.8,219333,School,No,Hostel,No,8.68,0,3,8.3
STU101904,18,Female,6,CSE,71,2.7,53,55,75,4.9,5.4,211908,Postgraduate,Yes,Day Scholar,No,6.62,7,0,7.2
STU101905,21,Male,2,IT,80,0.8,65,53,99,5.9,1.9,63768,Postgraduate,No,Day Scholar,Yes,7.18,6,0,8.78
STU101906,20,Male,4,EEE,68,2.3,64,59,96,7.5,5.1,180078,None,No,Hostel,Yes,6.59,2,3,7.82
STU101907,22,Male,4,CSE,77,7.2,79,90,95,4.1,6.6,130175,None,No,Hostel,Yes,9.32,7,2,10
STU101908,20,Male,4,IT,66,3.7,55,69,52,6.6,3.6,144951,Graduate,Y,Day Scholar,Yes,8.65,3,1,7.51
STU101909,23,Male,2,EEE,84,5.7,46,66,72,7.2,5.4,131198,School,Yes,Hostel,Yes,8.7,1,1,8.13
STU101910,24,Male,7,CSE,51,7.4,64,94,88,5.0,5.7,195561,None,Yes,Hostel,No,6.84,6,2,9.22
STU101911,25,Female,6,CSE,70,5.6,55,54,32,5.9,8.6,244494,School,Yes,Day Scholar,Yes,8.74,5,3,7.17
STU101912,21,Female,5,ECE,78,1.8,N/A,29,90,5.1,5.3,155193,School,No,Day Scholar,No,9.76,2,2,7.74
STU101913,20,Male,7,ME,95,0.0,100,56,47,4.9,4.8,264054,School,No,Day Scholar,Yes,5.94,1,4,7.08
STU101914,18,Male,6,CE,99,5.2,57,39,31,6.7,7.7,280622,Postgraduate,No,Day Scholar,Yes,7.44,3,0,6.44
STU101915,21,Male,2,EEE,76,4.0,94,84,49,4.5,3.0,290852,School,Yes,Day Scholar,Yes,8.62,7,1,8.94
STU101916,22,Male,4,DS,93,8.7,60,40,82,4.2,7.7,224822,None,Yes,Day Scholar,No,6.09,6,3,9.08
STU101917,22,Female,6,CSE,46,8.8,92,87,65,6.9,5.3,250786,School,Yes,Day Scholar,No,7.32,3,0,8.57
STU101918,21,Male,4,CE,89,1.6,52,22,58,6.9,6.4,110609,None,Yes,Day Scholar,No,6.71,4,0,5.94
STU101919,20,Female,1,ME,62,1.7,94,32,80,7.1,1.9,269834,Postgraduate,Yes,Hostel,No,8.1,6,3,8.72
STU101920,18,Male,7,ECE,74,1.8,38,28,84,5.3,5.0,41249,Graduate,No,Hostel,No,8.38,4,1,6.59
STU101921,19,Male,6,IT,70,2.1,47,78,38,7.1,3.7,177193,School,Yes,Hostel,Yes,6.74,8,1,7.42
STU101922,22,Male,5,IT,89,3.4,80,30,51,8.3,3.6,105117,Graduate,Yes,Day Scholar,Yes,6.48,6,0,8.35
STU101923,19,Male,4,IT,76,8.8,69,26,48,8.5,8.6,294752,Graduate,Yes,Day Scholar,Yes,6.29,7,2,8.02
STU101924,18,Male,8,CE,51,4.8,69,25,71,5.5,2.1,47311,Postgraduate,Y,Day Scholar,Yes,7.39,5,1,6.86
STU101925,23,Female,1,EEE,92,0.7,72,30,49,5.3,3.6,181644,Postgraduate,No,Day Scholar,No,8.34,4,1,7.09
STU101926,23,Female,4,CE,100,1.1,93,98,62,5.6,8.2,247385,School,Yes,Day Scholar,No,9.15,8,3,9.59
STU101927,24,Male,1,EEE,71,8.7,60,62,73,5.4,8.7,211307,School,No,Hostel,Yes,6.19,7,3,8.49
STU101928,20,Male,8,ME,61,6.6,39,23,27,4.4,8.0,81091,None,No,Day Scholar,Yes,7.96,2,0,6.19
STU101929,21,Male,6,EEE,84,5.1,36,62,29,4.7,8.8,54003,School,No,Day Scholar,No,7.61,3,2,6.52
STU101930,19,Female,6,ME,94,4.9,94,83,31,6.9,7.0,33400,School,Yes,Day Scholar,Yes,9.57,1,4,8.42
STU101931,20,Male,4,ME,99,0.5,81,86,86,4.6,6.0,92440,Postgraduate,Yes,Hostel,No,7.01,5,1,9.16
STU101932,21,Male,8,IT,46,1.9,72,68,47,6.2,6.5,202865,None,No,Hostel,No,6.63,3,1,6.47
STU101933,19,Male,4,CE,79,1.4,74,70,71,8.0,1.3,199134,None,Yes,Day Scholar,Yes,6.37,5,0,8.31
STU101934,18,Female,2,DS,56,4.2,84,70,26,4.5,2.7,35675,School,No,Day Scholar,Yes,6.41,2,2,7.28
STU101935,21,Male,5,ME,67,7.4,71,47,57,5.7,8.6,235613,Postgraduate,Yes,Hostel,No,7.53,5,0,7.58
STU101936,20,Female,2,CE,56,0.1,71,41,34,7.6,5.8,139756,School,Yes,Day Scholar,No,5.38,0,3,4.53
STU101937,22,Female,4,DS,46,4.1,47,66,40,6.4,4.7,257502,Postgraduate,No,Hostel,Yes,5.51,5,4,6.46
STU101938,20,Female,8,EEE,78,8.8,76,77,35,4.4,0.7,27451,None,Yes,Hostel,Yes,8.31,0,4,7.48
STU101939,18,Male,1,CE,53,1.2,55,69,24,6.3,4.4,207676,School,No,Day Scholar,No,9.5,3,0,5.82
STU101940,22,Male,7,ME,97,2.8,83,76,21,5.0,4.0,75355,Postgraduate,Yes,Hostel,Yes,8.39,2,0,7.48
STU101941,21,Male,1,IT,80,5.8,96,75,81,6.9,2.3,33309,School,Yes,Hostel,No,8.53,1,0,10
STU101942,21,Female,7,EEE,75,4.6,39,65,47,4.3,5.7,47297,Graduate,No,Day Scholar,Yes,6.39,5,4,6.55
STU101943,21,Female,4,EEE,52,3.8,89,56,64,4.8,2.2,122450,None,Yes,Day Scholar,Yes,6.7,3,0,7.05
STU101944,21,Female,8,IT,45,4.5,86,87,97,8.3,0.9,159965,None,No,Hostel,Yes,6.14,5,3,8.95
STU101945,18,Male,3,IT,55,7.1,86,58,46,7.8,0.7,212077,None,No,Hostel,No,6.34,6,2,7.46
STU101946,23,Female,2,DS,79,0.1,44,43,25,6.2,5.6,97047,Postgraduate,Yes,Day Scholar,No,8.47,2,4,5.94
STU101947,25,Male,4,IT,65,7.2,55,100,64,4.5,0.7,71257,Postgraduate,No,Day Scholar,Yes,8.64,2,2,8.25
STU101948,25,Female,7,EEE,85,8.6,92,25,40,9.0,5.1,99700,Graduate,No,Hostel,No,9.6,0,2,8.91
STU101949,19,Female,6,EEE,78,5.2,77,81,65,4.5,3.4,185729,None,No,Day Scholar,Yes,5.11,0,4,7.91
STU101950,20,Female,8,ECE,64,8.2,59,37,24,4.3,2.9,226097,Postgraduate,Yes,Day Scholar,Yes,6.58,0,0,6.71
STU101951,21,Female,5,EEE,47,8.6,77,72,92,6.5,8.2,218436,Graduate,No,Day Scholar,Yes,8.8,3,3,9.4
STU101952,22,Female,3,ECE,73,5.2,81,52,22,8.5,1.2,179864,School,Yes,Hostel,No,5.06,3,3,7.25
STU101953,19,Male,8,CE,94,8.6,63,50,71,9.0,8.7,247783,School,No,Hostel,Yes,7.8,1,2,9.5
STU101954,24,Male,5,ME,83,8.1,56,31,28,6.9,5.8,85641,None,No,Day Scholar,Yes,5.07,5,?,6.08
STU101955,19,Male,6,CSE,73,8.2,82,20,30,6.9,7.8,146972,Graduate,No,Day Scholar,No,5.27,0,1,6.82
STU101956,22,Female,1,DS,51,7.7,90,82,23,8.4,1.8,221164,Graduate,Yes,Day Scholar,Yes,8.01,8,3,8.53
STU101957,25,Female,4,CSE,77,3.6,55,36,81,8.0,3.9,69172,School,No,Hostel,No,7.38,3,4,7.79
STU101958,24,Female,7,ME,53,7.8,65,83,60,5.7,6.5,109909,Postgraduate,Yes,Hostel,No,6.97,1,3,7.89
STU101959,18,Female,1,ECE,99,9.6,80,54,56,8.9,2.9,142124,Graduate,No,Day Scholar,No,7.15,6,0,8.94
STU101960,23,Female,7,ECE,77,8.1,82,90,29,8.1,3.8,215905,Postgraduate,No,Day Scholar,Yes,7.11,2,1,8.81
STU101961,20,Female,6,EEE,58,7.4,100,31,62,7.8,7.8,200770,Postgraduate,Yes,Day Scholar,Yes,6.21,1,3,8.28
STU101962,20,Female,1,CE,96,1.5,45,23,23,4.9,1.2,164758,Graduate,Yes,Day Scholar,No,11.5,2,4,4.86
STU101963,20,Female,5,CE,76,5.2,91,20,67,7.0,0.6,76234,Graduate,Yes,Hostel,Yes,6.6,4,1,8.51
STU101964,23,Female,3,EEE,64,5.5,97,89,61,7.0,6.1,31174,School,Yes,Hostel,No,6.46,7,0,8.78
STU101965,20,Male,7,CSE,63,3.0,54,46,47,8.4,2.4,221717,School,Yes,Day Scholar,Yes,7.28,0,4,7.04
STU101966,21,Female,7,CE,87,2.3,75,84,58,8.6,2.2,239200,School,Yes,Hostel,No,7.54,0,0,9.08
STU101967,23,Female,3,IT,77,2.8,100,80,33,4.1,5.3,92478,Postgraduate,Yes,Day Scholar,Yes,8.02,8,1,8.46
STU101968,20,Female,6,IT,86,2.0,92,84,46,6.0,8.4,170682,Postgraduate,Yes,Day Scholar,No,9.22,2,4,7.63
STU101969,23,Female,3,ECE,58,8.0,90,85,69,4.0,1.9,264969,None,No,Day Scholar,Yes,6.39,6,4,9.09
STU101970,18,Male,7,IT,99,2.1,45,77,80,7.5,6.9,130733,Graduate,Yes,Day Scholar,No,8.63,8,2,8.9
STU101971,22,Female,6,ME,90,2.7,81,61,65,6.2,8.7,unknown,Postgraduate,No,Day Scholar,Yes,8.91,8,3,8.98
STU101972,19,Male,6,CSE,51,1.4,N/A,35,100,5.0,1.3,164636,Postgraduate,No,Day Scholar,Yes,8.76,7,0,7.85
STU101973,19,Male,7,ME,45,6.4,50,93,95,8.2,6.2,271414,Graduate,No,Day Scholar,No,8.39,5,1,8.91
STU101974,18,Female,3,CE,76,5.3,43,84,36,7.1,7.3,63912,Postgraduate,No,Day Scholar,No,7.3,8,0,7.02
STU101975,24,Male,2,CSE,72,9.1,60,76,22,7.0,2.6,87154,Postgraduate,No,Day Scholar,Yes,5.01,8,2,7.6
STU101976,19,Male,6,CE,60,6.2,99,97,37,8.8,6.4,161928,None,No,Day Scholar,Yes,8.47,3,3,8.1
STU101977,25,Male,3,IT,66,4.9,64,86,64,5.3,7.1,59744,Graduate,Yes,Day Scholar,No,9.5,4,2,7.86
STU101978,23,Male,3,ME,81,2.6,93,95,80,7.4,4.5,73690,School,Yes,Hostel,No,6.59,8,0,10
STU101979,23,Male,6,ECE,91,5.6,90,63,21,7.9,6.2,78180,School,Yes,Hostel,Yes,5.23,2,3,7.38
STU101980,19,Male,3,DS,72,8.6,95,51,51,5.4,7.3,56771,Postgraduate,Yes,Hostel,Yes,8.65,7,4,8.94
STU101981,24,Female,2,DS,49,7.5,82,55,42,5.3,2.9,264816,School,No,Day Scholar,Yes,5.56,0,0,7.15
STU101982,19,Male,1,CSE,81,4.5,99,28,98,5.4,7.9,187716,None,No,Hostel,Yes,9.73,3,2,9.08
STU101983,25,Male,6,ME,86,0.3,66,78,40,4.1,6.2,183669,Graduate,No,Hostel,Yes,6.36,5,2,6.13
STU101984,20,Male,3,EEE,55,3.7,87,52,77,5.5,4.0,236209,School,Yes,Day Scholar,Yes,5.99,6,1,7.88
STU101985,19,Female,1,CE,60,3.3,55,99,43,6.6,2.9,183785,School,No,hostel,No,9.02,4,1,7.25
STU101986,24,Female,4,IT,77,3.8,87,99,67,5.3,6.6,115005,Graduate,Yes,Hostel,Yes,5.1,2,0,8.03
STU101987,22,Female,5,DS,62,0.9,58,74,55,7.4,0.7,121991,Graduate,No,Hostel,No,9.21,5,1,7.75
STU101988,25,Male,7,DS,84,1.4,49,50,59,6.2,1.1,210222,School,Yes,Hostel,Yes,8.94,3,2,6.93
STU101989,21,Male,6,DS,84,0.9,61,40,92,4.7,2.9,298006,School,Yes,Hostel,Yes,7.1,0,3,7.6
STU101990,19,Male,1,CE,96,7.7,79,23,46,5.8,2.3,229326,Postgraduate,Yes,Hostel,Yes,9.31,6,0,8.93
STU101991,18,Male,8,DS,51,4.6,93,44,44,7.4,3.4,137380,Postgraduate,Yes,Day Scholar,Yes,5.38,4,4,7.33
STU101992,20,Male,1,DS,97,9.2,69,69,42,4.3,7.3,233523,School,Yes,Day Scholar,Yes,9.1,1,3,7.97
STU101993,24,Female,5,CE,72,2.2,53,33,47,4.8,4.8,275577,None,No,Hostel,No,5.27,3,3,6.28
STU101994,25,Male,2,CE,88,5.7,75,79,50,8.8,3.0,44774,Graduate,Yes,Hostel,No,8.49,6,1,8.56
STU101995,21,Female,5,IT,78,6.8,87,36,43,4.0,7.8,52899,None,Yes,Day Scholar,Yes,6.71,2,4,7.04
STU101996,24,Male,8,EEE,96,4.7,85,66,76,6.3,4.4,187615,School,Yes,Hostel,No,9.4,1,4,8.44
STU101997,20,Female,2,DS,74,6.1,95,50,83,6.1,7.7,266587,Postgraduate,No,Day Scholar,Yes,6.54,4,4,8.71
STU101998,23,Female,6,CE,77,1.5,96,78,67,7.2,3.5,23173,Postgraduate,Yes,Hostel,No,6.03,7,2,8.98
STU101999,24,Male,1,ME,97,9.2,39,25,40,5.1,5.4,83583,Postgraduate,Yes,Hostel,No,5.03,8,4,6.57
STU102000,18,Male,1,IT,79,4.7,36,41,83,7.8,2.7,115874,None,No,hostel,No,9.63,8,0,8.55
STU102001,24,Female,7,ECE,79,8.4,35,96,50,4.0,4.6,84658,None,Yes,Hostel,No,8.61,4,1,8.51
STU102002,19,Female,5,IT,90,2.0,92,79,32,5.1,3.4,36509,None,Yes,Day Scholar,No,5.55,5,3,7.73
STU102003,18,Male,4,CSE,80,9.1,86,150,92,8.4,7.5,95798,School,No,Day Scholar,Yes,8.57,5,0,10
STU102004,25,Female,7,DS,86,5.8,63,93,-10,7.2,8.6,105998,None,Yes,Day Scholar,Yes,6.97,4,2,7.4
STU102005,18,Male,5,CE,57,9.2,62,72,79,5.6,4.4,109026,Graduate,Yes,Day Scholar,No,5.67,1,2,8.93
STU102006,19,Female,1,ECE,97,7.6,78,42,61,4.2,8.2,219091,Graduate,Yes,Hostel,No,9.7,0,4,8.3
STU102007,23,Male,5,ME,74,0.6,99,37,95,8.6,1.5,172099,School,Yes,Day Scholar,No,5.93,6,2,8.56
STU102008,21,Female,8,DS,82,8.9,42,61,72,6.2,1.4,76706,Postgraduate,Yes,Day Scholar,Yes,9.35,5,4,8.45
STU102009,24,Female,3,CSE,49,5.4,46,76,88,7.1,2.8,226683,School,No,Hostel,Yes,5.17,3,2,8.38
STU102010,19,Female,1,CE,53,1.7,83,38,51,7.5,1.3,278706,None,No,Hostel,No,9.57,4,4,7.57
STU102011,22,Female,1,ME,94,7.2,63,49,64,4.4,7.9,238073,Postgraduate,Yes,Day Scholar,Yes,9.41,7,3,8.45
STU102012,21,Male,6,CSE,85,6.2,57,58,65,6.6,7.7,287872,Graduate,Yes,Day Scholar,No,8.06,7,1,8.35
STU102013,22,Male,7,EEE,74,-3,89,58,28,7.6,8.3,245449,Graduate,Yes,Day Scholar,Yes,9.1,0,0,7.54
STU102014,19,Male,1,CE,61,2.7,66,61,44,6.9,3.2,54272,Graduate,No,Hostel,No,8.97,3,3,7.69
STU102015,20,Female,3,ECE,85,8.1,88,88,67,5.3,6.1,121439,Graduate,No,Hostel,No,7.09,2,4,8.74
STU102016,20,Male,7,CSE,57,5.1,68,79,72,7.0,6.1,130989,School,No,Hostel,No,9.11,4,4,7.8
STU102017,22,Female,4,CSE,57,4.2,76,46,98,4.6,5.1,263248,Graduate,No,Day Scholar,No,7.71,3,2,8.44
STU102018,20,Female,3,ECE,90,1.8,74,40,56,5.5,1.1,28089,None,Yes,Day Scholar,Yes,5.33,7,1,7.39
STU102019,20,Female,2,ECE,76,4.5,86,97,29,4.6,7.3,78658,Postgraduate,No,Hostel,No,6.72,0,2,7.95
STU102020,23,Male,4,IT,64,2.9,94,81,51,5.0,3.0,265084,Postgraduate,No,Day Scholar,No,8.01,7,1,8.74
STU102021,21,Male,1,CE,73,9.6,83,54,57,6.4,3.2,46174,None,Yes,Day Scholar,No,5.26,6,2,9.21
STU102022,22,Male,5,CSE,91,4.7,86,26,22,4.5,6.1,69541,None,Yes,Day Scholar,No,7.91,4,4,6.52
STU102023,25,Male,8,CE,73,7.6,97,87,33,4.8,7.1,146294,None,Yes,Day Scholar,No,8.25,6,1,9.0
STU102024,24,Male,6,DS,48,2.0,38,27,79,5.6,4.6,179361,None,Yes,Day Scholar,No,9.35,8,3,6.05
STU102025,18,Male,7,EEE,76,3.1,91,85,62,4.9,3.9,286642,None,Yes,Day Scholar,No,7.45,5,0,8.19
STU102026,20,Female,4,EEE,71,8.1,50,54,91,7.3,6.9,235330,School,No,Hostel,Yes,9.58,1,1,9.02
STU102027,21,Female,3,DS,71,4.7,100,23,66,5.7,8.4,108342,Postgraduate,No,Hostel,Yes,6.01,8,2,7.78
STU102028,18,Female,1,DS,62,0.3,74,47,57,4.6,7.9,189150,Graduate,Yes,Hostel,Yes,6.33,3,0,6.22
STU102029,24,Female,2,CSE,100,5.9,45,28,53,8.0,2.4,34621,Postgraduate,Yes,Hostel,,6.09,4,4,6.55
STU102030,19,Female,5,ME,47,3.5,46,49,64,8.8,6.6,257647,Graduate,Yes,Day Scholar,Yes,8.25,5,2,7.17
STU102031,24,Male,6,EEE,53,7.4,91,48,60,8.1,4.9,169220,School,No,Hostel,No,5.49,2,4,7.43
STU102032,20,Female,4,IT,47,8.2,60,56,43,5.2,3.0,230348,Graduate,No,Day Scholar,Yes,6.81,8,2,6.8
STU102033,21,Female,7,ME,98,3.8,46,35,61,5.2,2.0,56851,Postgraduate,Yes,Day Scholar,No,8.0,4,4,7.43
STU102034,20,male,8,ECE,90,1.9,76,34,74,4.3,1.9,217957,Graduate,No,Day Scholar,Yes,7.02,2,4,7.2
STU102035,19,Male,1,CE,78,4.6,94,44,52,8.5,7.4,89941,Graduate,Yes,Day Scholar,Yes,6.26,7,3,8.56
STU102036,23,Male,1,DS,67,1.9,100,26,86,6.6,1.5,unknown,None,Yes,Day Scholar,Yes,5.46,4,3,7.94
STU102037,18,Male,4,CE,93,2.0,79,92,37,8.3,2.9,165798,Postgraduate,No,Hostel,Yes,6.58,0,3,7.89
STU102038,20,Female,6,CSE,65,4.1,35,96,95,7.0,2.1,263987,Postgraduate,No,Day Scholar,No,6.51,3,4,8.05
STU102039,22,Female,2,IT,87,2.3,61,90,24,4.7,2.2,52567,Postgraduate,No,Hostel,No,8.73,0,1,7.63
STU102040,18,Male,1,DS,74,4.6,83,80,22,4.7,5.4,32284,Postgraduate,Yes,Day Scholar,No,9.5,1,1,7.63
STU102041,20,Male,7,DS,73,5.6,68,44,60,5.0,6.3,25453,School,Yes,Hostel,No,6.19,5,4,7.82
STU102042,19,Male,7,EEE,81,7.6,93,100,68,4.7,5.4,256024,Postgraduate,No,Hostel,Yes,8.82,8,2,10
STU102043,19,Male,8,EEE,82,4.2,63,92,67,4.1,2.0,199402,Postgraduate,Yes,Hostel,Yes,8.76,2,0,8.64
STU102044,24,Male,1,ECE,46,1.2,56,58,59,8.5,5.9,269121,None,No,Hostel,Yes,5.89,3,3,6.19
STU102045,24,Male,6,CSE,82,1.5,55,63,74,6.6,0.7,255375,Graduate,Yes,Day Scholar,No,5.17,1,2,7.28
STU102046,19,Male,6,CSE,56,8.7,90,32,65,7.3,7.5,92284,Postgraduate,Yes,Hostel,Yes,8.97,7,2,9.29
STU102047,20,Female,4,DS,87,4.6,83,96,39,8.9,2.7,82382,Postgraduate,No,Hostel,No,8.12,8,0,8.95
STU102048,20,Male,3,EEE,47,4.5,55,86,42,4.8,7.6,167319,None,Yes,Day Scholar,No,6.0,6,2,6.09
STU102049,18,Female,6,ME,77,1.9,90,80,33,8.0,2.0,239736,Postgraduate,No,Hostel,No,5.78,7,0,8.13
STU102050,20,Male,6,ME,57,8.1,37,44,58,8.6,8.5,197262,None,Yes,Day Scholar,Yes,7.91,4,3,7.97
STU102051,23,Female,8,DS,68,9.6,64,72,32,7.9,6.2,202329,School,No,Hostel,Yes,7.05,0,0,8.24
STU102052,21,Female,7,ME,68,4.4,95,78,86,4.2,6.0,151326,Graduate,No,Day Scholar,,6.4,2,4,8.82
STU102053,22,Female,6,EEE,51,1.0,60,87,56,6.5,5.5,31844,None,No,Day Scholar,Yes,7.25,8,2,7.38
STU102054,22,Female,6,IT,49,5.7,95,73,55,9.0,3.1,75863,School,No,Hostel,Yes,7.87,3,4,7.76
STU102055,25,Female,4,CE,76,1.5,51,94,45,8.3,6.4,290969,School,No,Hostel,Yes,8.83,1,0,7.5
STU102056,23,Female,4,ME,95,5.7,37,62,91,8.5,4.9,127104,School,Yes,Day Scholar,No,6.3,3,3,8.36
STU102057,23,Male,3,CSE,58,5.5,92,99,91,8.9,3.5,160888,Graduate,No,Hostel,Yes,7.78,3,1,10
STU102058,19,Female,5,IT,84,2.3,79,37,98,5.9,8.2,70340,Postgraduate,Yes,Hostel,No,9.43,3,1,9.03
STU102059,19,Male,6,DS,73,0.9,77,87,68,6.5,7.9,207854,Graduate,No,Hostel,Yes,7.41,1,2,7.22
STU102060,24,Male,4,IT,84,9.1,86,26,66,6.8,3.8,47675,Postgraduate,Yes,Hostel,Yes,8.9,5,2,8.4
STU102061,24,Female,2,ME,88,1.0,90,27,26,4.2,7.8,47943,Graduate,No,Day Scholar,Yes,8.08,2,1,5.95
STU102062,22,Male,1,EEE,91,2.8,35,73,27,7.4,8.3,191245,None,No,Hostel,No,8.1,3,3,7.14
STU102063,24,Female,3,CSE,62,10.0,46,94,57,8.8,8.2,21810,Graduate,Yes,Hostel,No,6.63,3,2,8.65
STU102064,24,Female,4,ME,60,-3,81,64,77,6.9,6.6,275090,Graduate,No,Hostel,Yes,5.81,2,0,8.07
STU102065,25,Female,4,IT,75,0.8,73,93,36,4.1,6.9,29597,School,No,Day Scholar,No,5.34,3,2,6.88
STU102066,18,Male,8,CE,49,7.0,83,95,81,8.2,5.4,57864,Graduate,No,Hostel,Yes,11.5,8,4,10
STU102067,20,Male,5,CSE,53,8.0,73,51,23,8.9,4.2,128343,Grad,Yes,Day Scholar,Yes,7.15,0,0,6.78
STU102068,19,Male,8,CSE,75,4.4,76,27,61,6.1,8.6,253947,None,No,Hostel,Yes,7.23,2,2,7.63
STU102069,25,Male,4,CSE,86,9.0,46,82,35,6.0,2.4,223451,None,No,Day Scholar,No,8.53,4,3,8.08
STU102070,23,Female,8,ECE,82,0.4,100,87,30,8.8,4.0,70249,School,Yes,Hostel,No,7.81,8,4,7.34
STU102071,20,Female,1,CE,100,7.1,64,42,78,8.8,1.0,53735,Postgraduate,No,Day Scholar,No,7.24,5,2,9.85
STU102072,24,Female,3,CSE,94,6.1,68,66,76,8.3,1.7,100802,School,Yes,Hostel,Yes,6.37,5,0,9.71
STU102073,23,Male,3,ME,84,5.8,79,51,42,6.8,7.2,178484,School,Yes,Hostel,Yes,9.45,3,1,8.29
STU102074,23,Male,6,CSE,83,0.3,76,43,33,eight,7.7,273597,School,Yes,Day Scholar,Yes,7.61,4,0,7.0
STU102075,22,Female,2,ECE,69,7.3,43,95,57,6.5,2.2,263500,School,No,Day Scholar,No,7.52,6,1,8.01
STU102076,23,Male,2,CSE,60,7.9,66,61,32,6.7,2.6,180716,School,No,Hostel,No,6.02,1,1,6.6
STU102077,23,Male,4,CE,48,2.1,38,63,26,6.0,0.6,169395,None,Yes,Day Scholar,No,8.48,2,1,5.65
STU102078,18,Male,3,CE,80,9.9,75,62,21,7.4,4.0,81149,School,Yes,Hostel,Yes,6.24,5,0,8.34
STU102079,20,Female,4,EEE,71,0.4,48,22,47,4.7,5.6,25580,Postgraduate,Yes,Day Scholar,No,7.5,2,2,5.72
STU102080,18,Male,7,IT,74,9.5,49,92,37,5.8,1.2,172050,School,No,Hostel,No,6.91,7,2,7.73
STU102081,25,Female,6,EEE,84,7.8,47,49,27,7.1,,212288,Graduate,Yes,Day Scholar,No,8.72,4,2,7.84
STU102082,19,Female,5,CSE,93,2.7,39,66,62,6.0,6.5,223624,Postgraduate,No,Day Scholar,Yes,9.74,6,1,7.86
STU102083,21,Female,3,EEE,82,1.3,54,96,84,7.9,1.5,33465,Graduate,No,Day Scholar,Yes,5.56,1,2,7.83
STU102084,19,Female,8,CSE,85,2.7,49,97,47,4.1,0.6,233942,Postgraduate,Yes,Day Scholar,Yes,7.96,8,2,7.84
STU102085,18,Female,1,CE,50,9.6,40,44,32,4.5,4.7,67151,None,No,Hostel,Yes,7.77,0,2,5.92
STU102086,25,Male,3,CSE,96,2.1,52,83,53,4.6,2.8,196134,Graduate,No,Hostel,No,8.59,6,3,7.3
STU102087,20,Male,1,EEE,96,9.4,95,85,71,7.7,3.8,144185,Postgraduate,No,Hostel,Yes,5.57,0,2,10
STU102088,22,Male,4,CE,46,8.7,99,63,53,4.6,4.2,17047,Graduate,No,Hostel,Yes,7.71,3,2,8.25
STU102089,18,Male,7,DS,85,0.8,60,77,22,6.5,3.0,245938,None,Yes,Day Scholar,Yes,9.04,7,4,7.11
STU102090,19,Male,6,IT,64,8.2,79,92,60,5.7,5.5,68802,None,Yes,Hostel,Yes,5.25,8,1,9.47
STU102091,19,Male,7,DS,72,6.0,54,83,79,5.2,5.7,290121,School,Yes,Hostel,Yes,8.45,0,0,8.76
STU102092,23,Female,7,EEE,70,3.5,50,85,88,8.5,4.2,255931,Graduate,No,Day Scholar,Yes,9.46,0,3,9.09
STU102093,22,Female,1,EEE,75,5.3,92,41,76,7.0,1.4,287037,School,Yes,Hostel,No,5.01,2,4,7.68
STU102094,21,Male,9,ECE,81,2.7,60,79,31,8.7,6.8,163053,Graduate,Yes,Day Scholar,No,6.53,5,2,7.65
STU102095,20,Female,4,ME,91,5.2,66,89,74,7.8,7.3,90342,School,No,Day Scholar,No,8.07,3,1,9.52
STU102096,19,Male,5,CE,66,8.1,57,26,70,8.7,5.7,28622,None,No,Hostel,Yes,8.94,1,1,8.33
STU102097,21,Male,1,IT,52,1.7,41,47,22,7.2,0.8,36851,Graduate,No,Hostel,Yes,6.19,2,0,5.9
STU102098,20,Male,4,EEE,65,1.7,85,82,100,4.5,5.7,76236,Graduate,Yes,Day Scholar,No,7.27,0,1,8.73
STU102099,22,Female,2,DS,58,5.1,62,44,93,8.7,1.5,165457,None,No,Hostel,No,8.48,7,4,8.88
STU102100,25,Female,5,CE,65,1.4,80,96,98,4.1,3.0,69051,Graduate,Yes,Hostel,No,8.33,7,1,9.32
STU102101,19,Female,2,CE,80,9.1,89,53,77,6.3,8.7,275852,None,No,Hostel,Yes,5.88,1,4,8.32
STU102102,18,Female,4,EEE,61,0.9,57,53,21,7.0,3.9,289716,Graduate,Yes,Hostel,No,5.19,5,0,5.29
STU102103,25,Female,7,CSE,97,2.5,45,31,43,8.7,2.2,156993,Postgraduate,Yes,Hostel,No,6.9,6,3,6.34
STU102104,23,Female,7,CE,91,7.8,97,100,82,5.9,5.8,234658,Postgraduate,Yes,Day Scholar,No,6.72,2,1,10
STU102105,24,Male,1,IT,47,1.6,62,98,58,7.4,5.6,229721,Graduate,No,Hostel,No,6.58,3,1,7.77
STU102106,18,Female,4,DS,57,4.3,55,91,81,6.2,8.1,77188,None,Yes,Day Scholar,No,5.11,7,1,7.93
STU102107,24,Male,1,EEE,66,8.8,37,48,52,8.2,2.2,266510,Postgraduate,No,Day Scholar,Yes,8.59,7,3,8.43
STU102108,19,Female,7,IT,76,5.7,100,100,84,4.9,6.3,169297,Graduate,No,Day Scholar,Yes,8.55,7,2,10
STU102109,21,Male,7,CSE,54,6.8,40,28,86,6.1,6.4,57745,School,Yes,Hostel,Yes,9.25,7,2,7.56
STU102110,21,Male,3,IT,76,3.7,88,49,81,6.6,7.2,59802,Graduate,Yes,Day Scholar,No,9.02,6,3,8.04
STU102111,23,Female,5,ECE,89,1.1,75,83,48,8.5,4.4,28075,Graduate,Yes,Hostel,No,8.37,4,4,8.55
STU102112,20,Male,1,CSE,59,5.3,57,32,60,6.1,7.3,241806,School,No,Hostel,Yes,6.73,5,4,7.05
STU102113,23,Male,2,CE,54,1.9,84,23,96,7.0,5.8,229201,Graduate,Yes,Hostel,No,9.52,7,0,8.7
STU102114,21,Male,2,IT,100,5.3,36,80,100,4.5,4.6,41653,School,No,Day Scholar,Yes,6.85,5,0,9.92
STU102115,20,Female,8,ECE,71,5.5,100,44,78,6.6,7.3,274772,School,No,Day Scholar,No,7.32,1,2,8.79
STU102116,18,Female,2,CE,56,5.6,89,26,96,8.4,4.8,229172,School,Yes,Day Scholar,No,8.58,0,4,7.83
STU102117,21,Female,2,IT,98,8.5,83,51,70,5.6,3.4,51944,Graduate,No,Day Scholar,No,8.65,7,1,9.04
STU102118,21,Female,2,CE,74,2.2,69,74,40,5.1,2.9,216488,Postgraduate,Yes,Hostel,Yes,5.08,4,3,7.32
STU102119,21,Female,8,ECE,100,2.8,89,150,37,6.5,2.5,263178,Postgraduate,No,Day Scholar,No,6.98,3,4,8.01
STU102120,22,Female,5,DS,65,1.5,81,42,34,4.4,8.2,283899,Postgraduate,No,Day Scholar,No,8.36,4,0,5.76
STU102121,21,Female,2,EEE,47,0.8,46,68,52,7.3,8.2,261767,Postgraduate,Yes,Day Scholar,Yes,8.67,0,0,5.76
STU102122,20,Male,7,EEE,76,9.8,53,72,95,7.2,1.6,136072,None,Yes,Hostel,Yes,8.98,5,3,9.67
STU102123,19,Male,1,EEE,88,4.5,48,49,49,8.9,0.7,222940,None,No,Day Scholar,No,8.69,1,2,8.25
STU102124,21,Female,8,AI&ML,91,6.1,72,21,97,6.6,8.1,191940,Postgraduate,Yes,Day Scholar,No,9.11,8,4,9.21
STU102125,25,Female,7,AI&ML,83,9.9,75,40,71,8.9,3.8,287956,Postgraduate,No,Hostel,No,5.25,7,2,9.2
STU102126,20,Female,1,CSE,53,3.1,70,59,31,8.4,6.5,163234,School,No,Day Scholar,No,6.34,7,0,6.11
STU102127,22,Male,2,CSE,79,9.4,41,36,31,5.7,6.0,47678,Postgraduate,Y,Hostel,Yes,8.24,1,2,6.2
STU102128,25,Female,7,ECE,76,8.8,88,65,76,4.3,6.9,201094,School,Yes,Hostel,Yes,8.27,6,1,9.75
STU102129,24,Female,4,ECE,83,0.1,72,36,25,6.4,7.3,126637,None,Yes,Hostel,No,6.45,1,1,5.15
STU102130,24,Male,3,CE,46,0.8,99,77,88,4.0,4.6,47051,Postgraduate,Yes,Day Scholar,Yes,7.03,0,4,8.17
STU102131,20,Male,8,IT,71,5.1,50,41,53,4.5,4.4,288389,Postgraduate,No,Day Scholar,Yes,5.4,7,3,5.95
STU102132,20,Female,6,IT,50,4.8,44,88,73,7.9,6.6,88919,School,No,Hostel,Yes,8.77,1,1,7.86
STU102133,24,Female,7,EEE,56,9.4,50,33,91,4.1,6.2,196803,School,No,Day Scholar,No,8.53,3,1,8.78
STU102134,22,Male,4,ME,97,1.6,54,87,56,6.5,5.5,260970,Postgraduate,Yes,Hostel,Yes,8.53,8,2,8.61
STU102135,20,male,1,CSE,75,1.3,49,55,41,4.6,2.3,175030,Postgraduate,Yes,Hostel,Yes,5.46,2,1,5.34
STU102136,21,Female,4,ECE,68,1.7,39,91,45,6.1,2.5,147519,School,Yes,Day Scholar,No,5.01,2,2,5.84
STU102137,24,Female,6,ECE,49,0.4,59,25,97,4.7,3.5,271875,School,Yes,Hostel,Yes,6.8,0,2,6.9
STU102138,23,Female,1,CE,52,7.3,86,97,28,4.1,3.5,184073,School,No,Hostel,No,5.92,6,3,7.69
STU102139,25,Female,5,EEE,75,2.3,35,81,65,5.4,5.4,61529,Graduate,No,Day Scholar,Yes,5.96,4,0,7.13
STU102140,23,Female,7,IT,99,-3,53,60,79,7.4,4.6,299980,Postgraduate,Yes,Day Scholar,Yes,5.93,1,4,6.91
STU102141,25,Female,8,ME,60,0.1,97,62,24,4.1,3.5,64350,None,Yes,Day Scholar,No,7.16,4,1,6.6
STU102142,22,Male,1,CE,83,6.4,63,73,69,6.9,6.0,242448,Postgraduate,Yes,Hostel,No,5.31,0,3,7.8
STU102143,20,Female,2,CE,72,2.7,89,37,99,7.2,5.8,260031,Graduate,Yes,Day Scholar,No,6.05,0,0,7.62
STU102144,19,Female,3,CE,48,2.8,60,24,28,8.2,6.8,131020,School,No,Day Scholar,No,5.31,3,0,4.96
STU102145,23,Male,8,DS,77,4.1,97,28,47,6.5,1.1,150610,None,Yes,Hostel,,7.88,1,3,7.63
STU102146,20,Female,3,IT,77,6.7,54,48,83,eight,5.7,221243,Graduate,Yes,Hostel,No,6.39,5,3,8.44
STU102147,23,Female,3,ME,89,7.9,99,84,23,4.1,2.1,49913,Graduate,Yes,Day Scholar,No,6.86,3,3,8.0
STU102148,18,Male,2,CE,82,8.7,67,73,73,6.7,1.7,229930,School,Yes,Hostel,No,6.02,6,4,8.84
STU102149,22,Male,7,CSE,84,8.2,80,92,57,4.8,2.7,49812,School,Yes,Day Scholar,No,5.84,1,4,8.45
STU102150,24,Male,7,DS,96,3.6,95,90,30,8.8,4.5,43549,Graduate,No,Day Scholar,No,6.23,7,0,9.29
STU102151,22,Male,2,ECE,76,4.0,86,62,52,8.7,4.3,21522,None,Yes,Day Scholar,Yes,7.64,0,3,7.56
STU102152,21,Female,4,CSE,60,8.5,44,64,91,7.8,8.4,20677,School,Yes,Day Scholar,Yes,8.45,8,0,8.99
STU102153,21,Female,4,DS,60,3.8,63,94,38,8.9,8.9,unknown,School,Yes,Hostel,Yes,7.54,5,4,8.01
STU102154,21,Female,5,CSE,94,0.9,74,21,38,4.6,4.0,118589,None,No,Day Scholar,No,7.98,3,3,6.92
STU102155,24,Male,3,DS,54,6.5,85,32,55,4.0,1.8,226957,None,No,Day Scholar,Yes,5.93,5,2,7.08
STU102156,23,Female,5,IT,56,1.9,79,39,56,4.3,8.9,215413,Graduate,No,Day Scholar,No,8.38,3,0,5.94
STU102157,23,Female,1,CSE,54,8.5,59,150,65,7.1,7.9,172589,None,No,Hostel,Yes,8.53,5,4,8.52
STU102158,21,Male,5,ME,63,4.0,57,72,25,7.1,6.4,97440,None,Yes,Hostel,No,8.16,5,1,7.02
STU102159,23,Male,7,IT,89,3.6,96,60,78,7.7,4.2,227938,Postgraduate,Yes,Day Scholar,No,8.39,0,2,8.73
STU102160,22,Female,5,CSE,71,0.9,88,65,58,8.1,6.0,195567,Graduate,Yes,Hostel,Yes,9.08,1,0,7.59
STU102161,25,Male,9,CE,55,2.6,71,76,27,5.2,1.5,186684,Graduate,No,Hostel,Yes,5.6,0,3,6.35
STU102162,20,Male,5,EEE,81,7.6,83,97,44,4.6,0.8,161956,Graduate,Yes,Hostel,No,9.46,7,3,9.17
STU102163,24,Male,2,DS,98,4.3,64,39,71,6.4,1.4,57397,Graduate,Yes,Hostel,No,5.7,5,3,8.61
STU102164,23,Female,7,ECE,50,1.9,78,95,79,6.6,0.8,63655,None,No,Hostel,No,6.31,7,2,8.23
STU102165,21,Male,2,CSE,94,1.6,59,150,48,6.2,0.6,248424,School,Yes,Day Scholar,Yes,9.16,0,0,7.27
STU102166,25,Female,7,DS,68,1.6,59,35,28,6.5,5.4,65842,Postgraduate,Yes,Hostel,Yes,7.3,7,0,6.01
STU102167,19,Female,8,ME,98,8.5,N/A,55,57,7.3,1.8,32280,Postgraduate,Yes,Hostel,Yes,9.28,1,3,9.24
STU102168,23,Male,4,CE,73,7.6,68,65,42,7.2,5.7,169754,None,No,Hostel,Yes,7.47,5,2,7.99
STU102169,23,Male,7,AI&ML,46,8.7,84,76,41,9.0,3.7,253735,Graduate,Yes,Hostel,Yes,6.25,0,4,7.7
STU102170,25,Female,2,CE,95,8.7,50,61,26,6.3,5.7,261262,None,No,Day Scholar,Yes,6.82,4,2,7.73
STU102171,18,Female,4,CSE,89,4.2,51,80,74,5.0,5.5,168557,Postgraduate,Yes,Hostel,Yes,5.66,4,4,7.2
STU102172,24,Male,8,CE,47,1.9,98,30,81,8.0,4.2,66134,None,Yes,Hostel,No,5.18,1,4,6.5
STU102173,19,Female,4,CSE,85,3.5,85,60,92,4.5,5.8,208199,School,No,Day Scholar,Yes,9.17,4,0,8.54
STU102174,18,Female,7,CSE,59,7.2,52,32,82,8.8,3.2,74099,None,Yes,Hostel,No,7.75,1,3,7.29
STU102175,23,Female,7,IT,67,2.1,41,63,100,7.3,6.3,81016,Postgraduate,Yes,Hostel,No,6.69,2,3,7.49
STU102176,21,Male,3,ME,91,8.7,46,27,83,5.2,1.8,22766,None,Y,Hostel,No,9.52,6,3,9.47
STU102177,23,Female,2,DS,57,2.7,59,71,47,7.8,8.6,225031,Graduate,Yes,Day Scholar,No,6.24,6,4,6.64
STU102178,24,Female,6,ME,71,0.9,79,37,81,4.8,0.7,218845,None,No,Hostel,No,7.57,4,2,7.52
STU102179,25,Male,6,CSE,94,3.0,74,52,43,8.6,3.1,131593,Graduate,Yes,Hostel,No,6.93,4,3,7.1
STU102180,21,Female,7,IT,57,3.9,55,92,85,5.1,3.9,264591,School,No,Hostel,No,9.3,7,1,8.77
STU102181,18,Female,2,EEE,61,7.3,70,73,33,5.0,0.8,195342,Graduate,Yes,Day Scholar,Yes,7.73,2,1,8.23
STU102182,22,Female,7,CSE,45,3.1,36,54,82,5.7,7.7,223311,Postgraduate,No,Hostel,Yes,7.39,4,4,6.55
STU102183,25,Male,8,ECE,63,8.7,57,20,34,6.7,8.8,142213,Graduate,Yes,Day Scholar,No,6.54,2,2,6.52
STU102184,19,Male,8,ME,88,6.9,64,97,50,7.6,1.7,217090,Graduate,No,Hostel,No,6.1,4,2,9.29
STU102185,24,Female,8,DS,57,4.5,36,66,95,8.8,4.3,32786,Graduate,No,Day Scholar,No,6.41,2,3,8.48
STU102186,23,Female,7,IT,59,7.7,77,61,73,6.5,7.9,150023,Postgraduate,No,Hostel,Yes,8.89,7,4,9.4
STU102187,19,Female,7,ECE,96,3.3,71,28,51,7.8,7.6,171388,Postgraduate,Yes,Hostel,Yes,6.2,3,1,6.75
STU102188,23,Male,4,IT,84,3.5,56,87,58,9.0,1.2,54160,Graduate,No,Day Scholar,No,9.75,3,1,8.83
STU102189,23,Female,1,DS,65,1.0,60,99,63,8.1,1.7,17027,School,No,Hostel,No,8.69,6,2,7.74
STU102190,20,Male,6,EEE,87,3.6,62,32,29,6.5,6.6,223415,Postgraduate,Yes,Hostel,No,6.18,7,1,6.62
STU102191,18,Female,2,DS,74,4.8,70,64,32,8.6,7.4,161043,Graduate,Yes,Day Scholar,Yes,5.67,7,4,7.65
STU102192,18,Female,5,DS,48,6.4,37,41,91,5.2,3.3,278988,Graduate,No,Hostel,No,6.33,3,2,6.77
STU102193,22,Male,8,CE,56,8.0,82,45,72,7.0,0.9,149800,School,No,Day Scholar,No,7.55,0,4,8.18
STU102194,20,Female,7,ECE,85,4.9,51,61,59,6.6,3.8,195996,None,No,Hostel,Yes,5.34,0,2,6.66
STU102195,19,Male,1,CE,83,0.9,74,50,39,6.3,8.0,200257,Graduate,Yes,Hostel,No,11.5,5,3,6.59
STU102196,23,Male,4,ME,71,4.8,80,43,100,6.1,2.2,150651,Postgraduate,No,Day Scholar,Yes,9.29,1,4,8.69
STU102197,19,Male,2,EEE,67,7.0,99,87,57,7.8,1.4,286877,School,No,Day Scholar,Yes,8.06,0,1,8.96
STU102198,18,Female,3,DS,82,2.7,66,47,51,4.7,5.1,219653,Postgraduate,Yes,Day Scholar,Yes,9.0,8,2,7.89
STU102199,23,Female,5,CE,89,5.5,60,89,34,4.6,8.5,273959,Postgraduate,Yes,Hostel,No,5.37,4,1,6.97
STU102200,24,Male,1,DS,57,8.3,56,79,64,5.4,0.8,214319,Postgraduate,Yes,Day Scholar,Yes,6.69,4,1,8.1
STU102201,23,Male,5,IT,,9.1,72,48,68,8.5,8.4,228067,None,No,Day Scholar,No,8.07,8,2,8.81
STU102202,22,Female,5,CE,87,1.0,36,58,21,7.4,6.4,267959,School,No,Hostel,Yes,6.09,-1,1,6.38
STU102203,25,Female,6,IT,50,7.4,67,88,94,8.2,8.3,188470,Graduate,Yes,Day Scholar,No,6.94,1,3,9.1
STU102204,18,Male,6,EEE,73,5.4,91,61,96,6.5,3.0,221712,Grad,Yes,Hostel,Yes,6.57,4,4,9.58
STU102205,22,Male,8,EEE,78,6.7,44,22,87,4.4,3.9,160373,School,No,Day Scholar,Yes,8.9,8,3,8.3
STU102206,24,Male,8,ME,94,2.8,98,55,91,6.7,2.5,148679,School,No,Day Scholar,No,6.78,1,2,9.14
STU102207,24,Male,2,CE,86,9.4,70,29,90,7.9,8.8,172804,School,No,Hostel,Yes,5.25,4,3,8.67
STU102208,21,Female,4,EEE,76,1.5,46,76,77,7.2,5.4,89834,School,No,Hostel,Yes,9.51,6,3,8.89
STU102209,19,Male,6,ECE,76,4.7,66,20,50,5.9,3.5,84752,School,Yes,Hostel,Yes,7.53,7,4,6.31
STU102210,20,Female,1,ECE,65,5.3,74,25,69,6.4,2.7,215949,Graduate,Yes,Hostel,Yes,6.63,8,1,7.57
STU102211,18,Female,5,CE,100,2.8,89,31,78,6.5,8.8,169970,Graduate,Yes,Day Scholar,Yes,5.49,6,1,8.54
STU102212,24,Female,6,ECE,92,5.3,N/A,82,66,4.7,3.3,253918,None,Yes,Day Scholar,Yes,8.88,0,3,9.32
STU102213,22,Male,2,DS,52,1.5,67,20,99,8.1,3.7,299105,Graduate,No,Day Scholar,Yes,9.26,6,2,7.74
STU102214,22,Male,4,ME,72,1.9,43,62,55,6.3,8.9,141349,Graduate,No,Hostel,Yes,5.31,0,4,5.15
STU102215,18,Male,2,EEE,59,8.4,87,66,28,5.0,2.1,196344,Postgraduate,No,Hostel,Yes,6.43,7,2,7.2
STU102216,24,Male,1,CSE,78,9.9,97,85,20,5.8,8.2,unknown,School,No,Hostel,Yes,5.25,5,1,7.61
STU102217,22,Male,7,IT,,8.5,85,91,99,4.7,4.4,254824,School,Yes,Day Scholar,Yes,8.2,5,4,9.82
STU102218,21,Female,4,EEE,45,9.3,68,59,99,6.2,4.2,162039,Postgraduate,No,Hostel,Yes,6.98,6,0,8.67
STU102219,19,Female,4,ME,58,3.6,86,76,29,4.3,6.0,295640,Postgraduate,No,Hostel,Yes,6.73,2,2,6.59
STU102220,21,Male,6,CE,88,10.0,68,71,99,7.7,7.5,247723,None,Yes,Day Scholar,No,8.76,6,1,10
STU102221,23,Male,5,DS,66,7.2,40,42,49,6.7,6.9,184309,Postgraduate,Yes,Day Scholar,No,8.09,4,1,6.58
STU102222,21,Male,7,EEE,81,2.9,78,94,52,4.3,3.7,133072,Postgraduate,No,Day Scholar,Yes,9.3,4,4,8.45
STU102223,22,Female,7,CSE,60,0.7,43,66,62,6.7,0.7,257307,Graduate,No,Hostel,Yes,7.41,6,1,6.85
STU102224,18,Male,7,ME,50,1.6,83,81,56,7.7,8.1,189816,Postgraduate,Yes,Day Scholar,No,9.38,7,3,7.65
STU102225,20,Female,2,ECE,78,2.0,100,58,44,5.9,4.2,160392,Graduate,No,Day Scholar,No,8.82,1,0,7.3
STU102226,25,Male,6,DS,62,4.1,54,50,31,7.4,1.1,285412,Postgraduate,Yes,Day Scholar,Yes,5.71,8,2,5.88
STU102227,22,Male,4,CSE,65,4.8,82,68,71,8.5,4.4,221138,Graduate,Yes,Day Scholar,Yes,6.74,2,4,7.69
STU102228,21,Female,2,IT,90,3.6,61,40,39,7.0,0.6,208698,Graduate,No,Day Scholar,,5.8,8,0,7.72
STU102229,20,Female,7,ECE,46,4.9,50,43,69,7.7,7.4,25443,Graduate,Yes,Hostel,Yes,8.99,4,3,6.68
STU102230,23,Female,8,CSE,94,7.0,72,74,90,7.8,2.8,119466,None,No,Day Scholar,No,5.97,3,4,8.81
STU102231,22,Male,7,ME,90,1.8,72,68,76,6.7,0.7,101367,Postgraduate,No,Day Scholar,Yes,9.57,7,3,8.68
STU102232,18,Female,2,DS,60,5.8,77,42,95,8.1,7.3,86080,School,No,Hostel,No,6.87,6,3,8.82
STU102233,24,Male,7,EEE,57,9.3,38,70,48,5.8,3.3,141245,Graduate,No,Day Scholar,Yes,5.4,7,1,8.02
STU102234,18,Male,4,CSE,63,9.6,82,43,62,6.5,4.6,108554,None,No,Day Scholar,Yes,5.41,4,2,8.5
STU102235,23,Male,4,ME,96,5.9,44,26,81,8.3,0.7,269114,Postgraduate,Yes,Hostel,Yes,8.29,3,0,8.14
STU102236,21,Male,2,CSE,89,9.2,92,58,45,7.5,1.1,119219,None,Yes,Day Scholar,No,8.88,6,3,9.18
STU102237,18,Male,7,DS,99,9.7,70,39,89,7.5,1.1,292973,School,No,Day Scholar,No,7.66,6,1,10
STU102238,23,Male,4,CE,48,0.4,49,44,93,4.2,2.1,113371,Postgraduate,No,Day Scholar,Yes,8.93,0,3,7.35
STU102239,22,Male,8,CSE,100,4.6,87,76,91,8.6,3.4,179013,Graduate,Yes,Hostel,Yes,7.73,7,0,10
STU102240,22,Male,5,ECE,100,4.2,74,41,63,5.2,7.7,240455,Postgraduate,No,Hostel,Yes,5.53,5,0,8.11
STU102241,22,Female,1,DS,57,7.6,94,69,93,8.2,8.2,54167,None,No,Day Scholar,No,6.04,1,2,9.52
STU102242,24,Female,2,IT,82,0.5,82,67,44,8.2,5.1,286871,Postgraduate,No,Hostel,No,5.73,7,3,7.42
STU102243,20,Female,2,CSE,74,7.1,80,28,56,5.5,7.4,118791,Postgraduate,Yes,Hostel,No,5.59,7,2,7.05
STU102244,18,Male,5,IT,96,1.6,73,43,35,7.3,8.6,278465,Postgraduate,Yes,Hostel,No,8.9,4,1,7.06
STU102245,18,Female,8,CSE,88,4.6,67,24,27,4.5,3.5,154105,School,Yes,Hostel,Yes,8.04,6,4,6.74
STU102246,22,Male,3,CE,88,4.5,61,61,74,7.9,5.9,292229,Postgraduate,No,Day Scholar,Yes,5.69,7,2,8.59
STU102247,21,Female,2,DS,56,7.0,69,96,54,8.6,8.9,216494,School,No,Day Scholar,No,6.78,3,2,8.71
STU102248,22,Male,5,CE,96,3.4,99,45,47,4.8,6.7,80123,Postgraduate,Yes,Hostel,No,6.01,2,3,7.01
STU102249,22,Female,4,EEE,92,4.5,91,50,57,7.9,8.4,233314,School,Yes,Hostel,No,7.26,7,1,9.08
STU102250,20,Male,7,DS,63,8.4,60,85,51,7.9,3.0,130562,Graduate,No,Day Scholar,Yes,8.31,4,0,8.45
STU102251,20,Female,7,DS,48,0.3,72,53,66,4.4,3.2,204041,Postgraduate,No,Hostel,No,7.79,3,3,7.27
STU102252,22,Female,6,CSE,70,8.1,73,85,44,7.5,2.6,232269,None,Yes,Day Scholar,Yes,9.4,5,3,9.34
STU102253,20,Female,7,CSE,64,5.1,43,48,99,8.8,2.4,203646,None,No,Day Scholar,Yes,7.7,1,3,8.45
STU102254,25,Male,5,ME,97,0.2,68,24,89,5.1,6.7,219560,None,Yes,Hostel,Yes,7.98,1,3,7.14
STU102255,21,Female,4,CSE,71,9.4,82,66,65,5.0,4.9,102563,Postgraduate,Yes,Hostel,Yes,8.95,0,0,8.35
STU102256,21,Male,3,ME,48,3.3,53,28,30,5.3,2.1,250753,Graduate,Yes,Day Scholar,Yes,7.92,4,3,5.45
STU102257,21,Male,8,DS,61,6.1,57,41,83,6.5,5.2,63888,Graduate,No,Day Scholar,Yes,6.78,6,3,7.97
STU102258,23,Male,5,EEE,88,2.8,76,28,40,5.4,2.7,149686,Graduate,Yes,Day Scholar,No,9.44,3,3,6.38
STU102259,20,Male,4,EEE,76,3.3,95,89,38,8.8,7.3,47732,School,No,Hostel,Yes,8.44,7,0,9.35
STU102260,20,Male,5,EEE,59,1.4,56,95,48,8.1,2.8,30687,Graduate,No,Hostel,Yes,5.96,5,2,6.6
STU102261,24,Male,6,ME,49,3.6,90,34,58,6.5,2.0,82052,School,No,Day Scholar,Yes,7.32,8,3,7.58
STU102262,22,Male,7,CE,63,7.6,50,40,35,5.7,2.4,30687,None,No,Day Scholar,Yes,7.5,4,0,6.51
STU102263,25,Male,3,CSE,58,9.7,65,69,24,8.3,2.7,239398,School,Yes,Hostel,No,7.09,7,1,7.58
STU102264,23,Male,2,CE,94,9.7,90,85,94,7.2,4.4,126901,None,Yes,Day Scholar,No,7.68,5,3,10
STU102265,21,Female,6,DS,71,6.4,60,30,75,8.2,3.3,237797,None,No,Hostel,No,6.1,8,3,7.71
STU102266,23,Female,1,CE,98,7.3,47,88,77,4.5,2.7,60801,School,Yes,Hostel,Yes,6.35,0,1,8.1
STU102267,18,Female,5,IT,46,9.0,87,65,50,6.0,0.9,228831,Graduate,Yes,Day Scholar,No,7.23,0,2,8.67
STU102268,18,Male,3,CE,91,2.6,94,32,93,6.5,1.4,264274,School,Yes,Day Scholar,No,5.24,6,0,8.62
STU102269,20,Female,8,CSE,91,2.4,38,94,86,7.4,2.2,232150,None,No,hostel,Yes,5.23,7,1,8.27
STU102270,18,Female,4,ME,82,1.2,53,46,37,7.5,3.3,202703,School,No,Day Scholar,No,6.11,0,0,6.2
STU102271,21,Female,4,ME,87,1.6,88,72,84,4.9,4.2,45791,None,No,hostel,Yes,5.43,0,4,7.56
STU102272,25,Female,5,DS,100,1.3,59,92,43,6.3,4.3,240042,Postgraduate,No,Day Scholar,No,6.75,0,2,7.52
STU102273,24,Male,6,DS,95,6.2,51,29,47,5.5,6.1,285392,Postgraduate,Yes,Hostel,No,8.97,5,4,6.88
STU102274,25,Male,4,ME,89,8.2,75,90,23,8.7,3.6,60439,Graduate,Yes,Day Scholar,No,6.95,2,0,7.85
STU102275,24,Male,2,IT,69,3.1,49,78,23,4.8,7.6,269590,Postgraduate,Yes,Hostel,Yes,7.22,0,3,6.37
STU102276,23,Female,5,DS,100,3.3,86,52,50,4.7,2.2,52748,Graduate,No,Hostel,Yes,5.18,1,1,7.56
STU102277,18,male,1,DS,70,3.5,36,64,20,9.0,8.5,35926,Graduate,No,Day Scholar,Yes,9.57,5,2,6.7
STU102278,19,Male,6,ECE,50,9.1,57,71,46,5.4,8.3,241388,None,No,Hostel,No,5.48,7,0,7.8
STU102279,20,Male,1,ME,91,6.1,100,26,79,6.9,5.6,210393,School,Yes,Hostel,Yes,9.77,8,2,9.25
STU102280,25,Male,1,DS,95,4.0,52,55,69,4.9,5.0,98779,School,Yes,Hostel,No,6.37,5,1,7.99
STU102281,23,Male,4,EEE,96,4.3,100,26,32,6.4,7.9,292610,Postgraduate,No,Hostel,No,8.29,-1,2,6.41
STU102282,20,Female,3,ECE,50,9.7,50,46,62,4.3,1.8,42071,Graduate,Yes,Day Scholar,No,5.59,7,4,7.76
STU102283,23,Female,4,ECE,95,4.6,68,47,91,5.1,2.1,24682,Graduate,Yes,Day Scholar,Yes,5.26,8,0,8.88
STU102284,25,Female,2,CE,97,8.9,73,40,81,6.9,5.9,26607,Graduate,No,Day Scholar,No,9.78,8,3,9.76
STU102285,19,Female,5,CSE,74,1.5,47,34,71,4.5,3.2,32495,Grad,No,Hostel,No,8.82,5,4,7.21
STU102286,20,Male,4,IT,48,0.4,78,92,34,7.0,2.3,218773,Graduate,Yes,Hostel,No,8.78,5,1,7.64
STU102287,20,male,1,CE,74,5.7,36,34,75,5.0,2.8,228699,None,Yes,Hostel,No,6.81,8,3,7.68
STU102288,20,Female,6,ME,62,3.5,45,90,42,6.0,3.6,196309,School,No,Day Scholar,No,8.33,3,1,6.84
STU102289,25,Male,8,AI&ML,83,7.5,94,83,50,4.3,3.7,31289,None,Yes,Day Scholar,No,6.78,1,2,8.53
STU102290,21,Male,1,CSE,79,4.4,38,20,51,7.2,3.4,187194,None,Yes,Hostel,No,8.94,8,2,6.75
STU102291,24,Male,7,IT,77,9.5,60,100,61,5.8,7.3,235093,None,No,Hostel,No,5.79,-1,4,8.75
STU102292,21,Male,7,CE,55,8.5,44,100,59,5.3,8.3,177902,School,No,Hostel,Yes,6.38,4,4,8.19
STU102293,20,Female,8,CE,74,1.6,47,58,29,8.6,0.6,246276,None,No,Hostel,Yes,5.75,3,3,6.36
STU102294,18,Female,2,CE,73,7.7,82,87,80,8.3,3.2,68555,None,No,Hostel,No,7.15,3,4,9.07
STU102295,24,Male,2,IT,70,4.2,86,89,96,5.3,4.6,27418,School,No,Hostel,Yes,5.09,7,2,9.65
STU102296,22,Female,2,CE,67,5.1,79,72,78,8.1,6.3,143858,Postgraduate,Yes,Hostel,Yes,8.94,5,2,9.22
STU102297,22,Male,3,IT,74,3.5,72,48,28,4.3,8.2,139751,None,Yes,Hostel,Yes,9.67,3,1,7.31
STU102298,23,Male,8,EEE,63,1.1,73,44,61,5.6,5.4,76212,Postgraduate,No,Day Scholar,No,5.37,4,0,6.59
STU102299,24,Female,3,CE,61,5.3,86,50,45,8.4,6.4,93958,None,Yes,Hostel,Yes,8.4,8,4,7.55
STU102300,19,Female,5,ECE,77,6.1,70,65,27,6.8,6.4,223396,School,No,Hostel,No,6.99,4,3,7.17
STU102301,20,Male,4,CSE,92,0.2,70,52,59,8.9,8.3,96471,Graduate,No,Hostel,No,9.22,7,4,7.41
STU102302,25,Male,8,EEE,50,0.1,35,66,29,4.8,3.2,262385,None,No,Day Scholar,Yes,9.1,2,0,5.8
STU102303,20,Male,6,IT,62,4.3,56,30,95,8.0,7.6,161206,Postgraduate,Yes,Hostel,No,7.33,6,3,7.68
STU102304,24,Female,4,IT,73,1.7,84,87,71,7.6,8.1,286292,None,No,Day Scholar,Yes,8.5,1,3,8.01
STU102305,18,Male,5,CSE,74,9.8,46,60,83,4.9,4.6,177429,School,No,Hostel,No,8.27,0,0,9.09
STU102306,22,Female,3,DS,68,7.7,74,62,26,7.3,6.8,272954,School,Yes,Hostel,Yes,7.15,6,2,7.65
STU102307,23,Female,6,DS,88,4.4,83,72,39,6.2,6.0,150416,Postgraduate,No,Hostel,Yes,5.97,2,0,7.4
STU102308,20,Female,3,EEE,56,5.2,50,40,86,8.4,8.2,211091,Graduate,Yes,Hostel,No,9.36,4,3,7.34
STU102309,23,Female,3,CSE,63,6.8,96,54,59,7.5,6.8,218340,Postgraduate,Yes,Day Scholar,Yes,9.66,3,3,8.36
STU102310,19,Male,6,EEE,95,5.9,35,70,21,6.1,8.7,88450,School,No,hostel,No,6.57,0,0,6.57
STU102311,19,Female,7,CE,59,1.1,59,65,63,7.0,0.9,174012,None,No,Hostel,Yes,6.66,4,3,6.79
STU102312,21,Male,8,DS,68,3.6,52,53,70,8.1,5.3,206516,Postgraduate,Yes,Hostel,Yes,8.33,8,3,7.87
STU102313,20,Female,5,EEE,94,5.7,35,35,62,4.6,8.1,66028,None,No,Hostel,No,6.61,0,2,6.37
STU102314,18,Male,7,ME,68,7.0,82,40,44,6.6,4.8,184275,None,No,Day Scholar,Yes,8.82,6,1,8.59
STU102315,23,Male,7,ME,89,4.3,74,71,60,8.5,7.8,38602,None,Yes,Hostel,Yes,9.62,6,0,9.76
STU102316,22,Female,8,ME,81,9.9,36,21,89,6.9,4.7,168071,None,No,Day Scholar,Yes,9.4,7,2,9.57
STU102317,21,Male,5,DS,61,9.2,65,53,66,6.1,5.0,199024,School,Yes,Day Scholar,No,7.13,7,3,7.73
STU102318,20,Female,7,CE,84,8.6,42,68,98,8.5,7.8,132770,None,Yes,Day Scholar,Yes,8.65,1,2,9.02
STU102319,18,Male,3,IT,77,6.6,40,40,89,8.7,2.8,144543,School,No,Day Scholar,Yes,7.25,6,0,8.99
STU102320,19,Male,8,CE,78,3.6,63,98,82,4.1,0.6,232838,School,Yes,Hostel,Yes,7.4,5,0,9.04
STU102321,19,Male,3,IT,74,9.3,55,23,28,8.8,1.6,26779,School,Yes,Hostel,Yes,5.58,6,0,6.5
STU102322,23,Male,1,ME,70,5.8,49,81,51,4.6,1.6,188050,Graduate,Yes,Hostel,Yes,9.73,3,0,8.7
STU102323,25,Male,1,CE,67,6.6,65,92,87,7.9,7.6,81860,None,Yes,Hostel,Yes,8.76,3,3,9.34
STU102324,18,Female,1,ME,75,7.6,55,82,61,6.1,4.4,281929,School,Yes,Hostel,No,8.46,3,0,8.97
STU102325,24,Male,2,DS,74,2.6,42,86,57,7.7,1.3,55581,Graduate,No,Day Scholar,Yes,8.5,2,0,7.17
STU102326,21,Female,1,ME,66,3.9,36,22,34,4.7,5.8,295209,Postgraduate,Yes,Hostel,Yes,8.09,8,0,5.22
STU102327,20,Female,6,IT,58,6.7,87,73,58,5.6,6.7,233614,School,Yes,Day Scholar,Yes,6.46,6,1,8.14
STU102328,18,Male,6,ECE,77,8.3,N/A,52,45,6.4,1.9,25858,School,No,Day Scholar,No,8.76,4,4,7.49
STU102329,22,Male,2,IT,50,6.0,76,20,92,4.4,3.2,196981,School,Yes,Hostel,No,7.0,6,2,8.04
STU102330,20,Male,1,ME,76,2.3,81,27,38,6.5,6.5,143450,None,Yes,Hostel,Yes,7.05,1,2,6.54
STU102331,18,Male,5,ECE,59,9.2,48,93,20,8.7,3.7,54492,None,No,Hostel,No,7.88,5,2,8.23
STU102332,25,Male,3,CSE,93,7.5,73,74,53,4.9,2.2,114590,Graduate,No,Hostel,No,6.24,-1,3,8.17
STU102333,21,Female,6,ME,51,9.7,90,54,27,5.1,8.0,203204,Postgraduate,Yes,Day Scholar,No,5.87,7,2,7.54
STU102334,25,Male,3,EEE,79,2.3,81,85,40,8.2,3.4,238700,Postgraduate,No,Day Scholar,Yes,6.22,7,4,8.31
STU102335,19,Female,3,EEE,97,8.0,73,63,67,7.3,2.1,34019,School,Yes,Day Scholar,Yes,7.27,6,1,9.75
STU102336,24,Male,2,CSE,61,4.0,51,37,95,6.7,1.4,57695,None,No,Day Scholar,Yes,8.09,1,4,7.76
STU102337,19,Female,4,ECE,100,5.3,73,30,63,5.0,8.7,182551,None,Yes,Hostel,No,8.21,1,3,7.05
STU102338,24,Male,1,IT,85,4.7,87,76,100,8.7,6.2,45188,School,Yes,Day Scholar,Yes,9.78,0,2,9.42
STU102339,22,Male,8,IT,47,1.3,70,74,30,6.0,1.5,266914,None,Yes,Day Scholar,Yes,9.15,7,1,7.47
STU102340,18,Female,1,IT,55,7.0,83,70,98,7.3,1.2,122119,Postgraduate,Yes,hostel,No,7.64,7,3,9.06
STU102341,25,Female,3,CE,88,7.9,60,71,91,6.3,2.7,296764,Graduate,Yes,Hostel,No,7.64,4,4,9.24
STU102342,22,Female,2,CE,49,4.7,58,50,72,4.5,6.8,52016,Postgraduate,Yes,Day Scholar,No,7.79,4,0,7.22
STU102343,22,Female,3,DS,67,4.2,41,59,82,6.0,6.7,120623,Graduate,Yes,Day Scholar,No,6.97,6,0,8.48
STU102344,25,Female,2,DS,89,3.7,71,45,67,5.8,4.0,223209,Graduate,No,Day Scholar,No,9.69,7,2,9.03
STU102345,24,Male,5,CSE,64,0.8,36,50,29,6.1,2.6,200127,Postgraduate,Yes,Day Scholar,No,7.66,6,0,5.73
STU102346,21,Female,7,DS,96,2.3,45,33,63,5.3,0.7,16874,Graduate,Yes,Hostel,Yes,7.43,3,2,7.07
STU102347,19,Female,6,CE,82,5.7,93,59,62,8.5,6.4,36336,Postgraduate,No,Hostel,Yes,6.79,0,4,7.88
STU102348,19,Female,3,ME,75,4.6,99,59,98,8.8,3.2,145969,Postgraduate,No,Day Scholar,Yes,8.66,2,2,9.93
STU102349,22,Female,4,ME,52,5.2,48,67,21,4.3,8.3,219556,Graduate,No,Day Scholar,Yes,6.2,3,1,5.31
STU102350,21,Male,6,EEE,90,4.1,77,47,100,8.8,2.1,138769,Graduate,No,Hostel,Yes,8.73,4,0,9.89
STU102351,21,Male,2,EEE,94,9.5,62,80,45,7.3,6.4,226483,School,Yes,Day Scholar,Yes,8.81,2,1,9.43
STU102352,25,Female,3,DS,60,0.7,63,67,97,6.9,2.5,36530,None,No,Day Scholar,No,8.03,4,3,8.23
STU102353,20,Female,2,IT,72,8.7,76,92,73,4.2,5.5,218328,School,No,Day Scholar,No,6.02,2,2,9.18
STU102354,22,Female,7,IT,49,9.4,40,22,90,8.2,8.3,107106,Postgraduate,No,Hostel,No,6.44,5,3,12
STU102355,20,Female,3,AI&ML,60,8.0,76,75,100,4.1,7.6,68215,School,No,Hostel,No,7.01,4,3,9.24
STU102356,19,Male,4,ECE,54,8.6,77,73,39,7.9,5.1,62982,School,No,Hostel,Yes,9.5,8,3,9.22
STU102357,24,Female,6,ECE,51,0.4,56,43,84,8.0,5.1,165715,Graduate,Yes,Hostel,No,9.71,4,4,7.56
STU102358,18,Male,4,DS,56,9.5,55,37,80,7.8,1.8,203216,None,Yes,Hostel,Yes,5.27,5,0,8.81
STU102359,24,Female,4,CSE,58,9.3,87,95,36,6.1,2.6,197036,School,Yes,Hostel,No,5.72,-1,1,8.59
STU102360,22,Female,6,DS,84,0.6,95,27,49,8.0,3.9,244406,None,No,Hostel,Yes,9.31,3,0,7.78
STU102361,22,Female,8,IT,51,7.4,37,67,62,4.0,2.5,136197,Graduate,No,Hostel,No,7.3,6,0,7.2
STU102362,25,Female,5,ME,76,3.8,42,56,61,8.8,7.8,254775,Postgraduate,No,Hostel,No,5.69,6,4,6.98
STU102363,21,Male,7,CE,90,1.5,54,73,99,5.5,2.6,61437,Graduate,No,Hostel,Yes,5.9,5,2,9.15
STU102364,25,Male,2,ME,89,9.8,52,25,79,5.2,8.4,173674,None,No,Day Scholar,Yes,8.43,0,1,8.86
STU102365,25,Female,2,ECE,91,4.7,96,51,45,5.6,7.4,275840,Postgraduate,No,Day Scholar,Yes,5.46,7,4,6.96
STU102366,25,Male,4,IT,96,4.0,74,27,40,5.1,8.0,95724,None,Yes,Day Scholar,Yes,8.19,0,3,7.03
STU102367,25,Female,5,IT,78,0.0,93,81,32,6.2,6.8,181811,School,Yes,Hostel,Yes,8.66,3,3,6.49
STU102368,19,Female,2,CSE,92,3.2,35,63,61,6.9,3.5,98727,None,Yes,Day Scholar,Yes,8.95,0,1,7.1
STU102369,24,Female,5,ME,88,6.8,69,56,67,7.8,2.4,50759,School,Yes,Hostel,No,9.7,2,4,8.91
STU102370,23,Female,1,ECE,71,7.3,61,99,44,7.0,2.0,126043,School,Yes,Hostel,Yes,9.29,7,1,9.01
STU102371,22,Male,4,CSE,62,1.5,89,28,86,8.6,7.1,180295,School,Yes,Day Scholar,Yes,7.95,0,2,8.1
STU102372,22,Female,8,ECE,74,1.2,66,99,65,7.9,6.9,263508,Graduate,Yes,Hostel,No,9.65,8,3,9.0
STU102373,18,Female,3,AI&ML,81,0.0,61,62,57,4.1,3.4,249392,School,Yes,Hostel,Yes,7.98,2,2,7.07
STU102374,20,Female,2,DS,83,10.0,39,55,90,6.6,2.1,261704,Graduate,Yes,Hostel,No,9.42,3,4,9.93
STU102375,22,Male,3,DS,60,6.0,76,89,69,4.9,1.7,290833,Graduate,Yes,Day Scholar,Yes,5.04,7,3,8.25
STU102376,25,Female,7,CE,91,2.9,59,52,94,eight,0.6,21442,None,No,Day Scholar,No,7.15,2,4,8.62
STU102377,18,Male,5,ECE,49,9.8,48,84,22,6.6,2.0,248033,School,Yes,Day Scholar,Yes,8.33,3,3,7.7
STU102378,22,Female,1,CE,96,5.2,83,56,49,4.7,4.3,55625,None,No,Hostel,Yes,5.8,1,2,7.68
STU102379,21,Female,1,IT,83,10.0,83,85,92,5.1,3.3,283179,Graduate,Yes,Hostel,Yes,5.33,4,2,10
STU102380,19,Female,4,ECE,70,2.6,67,89,75,4.0,5.4,94111,None,No,Hostel,Yes,5.78,8,4,8.02
STU102381,25,Male,2,CSE,98,7.2,64,24,82,4.4,4.6,86359,Postgraduate,No,Hostel,Yes,5.87,0,2,7.88
STU102382,25,Female,6,DS,69,7.3,69,98,99,8.0,4.3,174024,None,Yes,Hostel,Yes,5.76,2,0,9.74
STU102383,23,Female,6,CSE,97,1.8,88,69,68,6.0,5.6,unknown,None,No,Hostel,No,9.15,3,4,8.68
STU102384,19,Female,8,ME,76,2.2,43,93,60,7.0,6.5,41006,School,No,Day Scholar,No,6.45,6,3,7.37
STU102385,21,Female,1,IT,72,9.5,52,90,83,5.2,2.8,79528,Graduate,No,Hostel,No,9.55,7,3,9.95
STU102386,22,Male,1,EEE,82,2.8,98,47,29,5.1,5.9,238825,None,No,Day Scholar,No,5.39,6,4,5.93
STU102387,24,Female,4,ECE,67,7.8,60,27,28,8.0,1.6,98880,Postgraduate,No,Day Scholar,No,9.71,8,4,6.72
STU102388,23,Female,4,CE,79,8.5,61,56,79,6.8,7.7,220294,Graduate,No,Day Scholar,Yes,5.54,6,4,8.35
STU102389,18,Female,7,IT,56,2.2,47,39,35,4.6,3.2,215956,School,No,Hostel,No,8.51,6,0,5.51
STU102390,24,Female,4,IT,71,8.0,93,85,52,5.3,5.6,93049,None,Yes,Day Scholar,Yes,5.4,1,4,8.77
STU102391,18,Female,8,EEE,97,9.3,46,25,98,6.9,1.9,117481,Postgraduate,Yes,Hostel,Yes,7.78,2,4,8.97
STU102392,22,Male,7,EEE,78,0.8,96,37,81,5.5,4.7,196468,None,No,Day Scholar,Yes,5.45,5,1,7.14
STU102393,20,Male,3,ECE,84,8.6,74,55,25,8.7,5.5,261988,None,No,Hostel,Yes,9.58,2,1,8.21
STU102394,20,Male,8,IT,91,2.2,76,53,32,6.4,3.4,151243,Graduate,Yes,Hostel,Yes,7.13,1,4,6.61
STU102395,20,Female,2,EEE,59,0.2,56,38,48,4.7,4.7,175157,Graduate,No,Day Scholar,No,6.22,7,2,5.04
STU102396,20,Female,6,DS,55,2.4,86,77,54,6.3,2.2,269800,School,No,Day Scholar,Yes,6.62,1,2,7.96
STU102397,23,Female,8,CSE,79,9.3,89,63,58,8.4,4.5,27166,Graduate,Yes,Day Scholar,Yes,6.18,7,0,9.58
STU102398,24,Male,3,IT,85,5.0,84,85,60,5.7,2.9,191190,Postgraduate,Yes,Day Scholar,No,6.55,6,4,8.58
STU102399,23,Female,3,ECE,45,8.3,96,79,21,6.0,5.7,246412,Graduate,No,Day Scholar,No,6.44,6,0,7.38
STU102400,25,Male,8,IT,74,5.0,49,91,20,7.1,4.6,148986,Graduate,Y,Day Scholar,Yes,6.75,4,4,6.33
,25,Female,8,ECE,61,5.6,52,52,43,4.9,3.7,37786,School,No,Hostel,Yes,5.92,7,2,7.43
STU102402,23,Male,8,DS,79,8.8,47,70,43,6.4,1.1,285172,None,Yes,Hostel,No,9.52,7,0,8.55
STU102403,20,Male,1,ME,57,0.3,67,30,91,7.2,5.4,288110,School,No,Day Scholar,No,9.31,6,2,6.9
STU102404,20,Male,5,ME,68,5.4,92,32,61,7.2,7.4,124736,School,Yes,Hostel,No,9.09,8,1,8.22
STU102405,20,Male,3,IT,89,0.4,82,58,62,5.2,5.5,57842,Graduate,No,Hostel,No,7.28,8,3,8.0
STU102406,19,Male,5,IT,77,2.0,50,69,56,5.7,8.6,143128,Postgraduate,No,Day Scholar,No,8.85,7,2,7.8
STU102407,21,Female,7,CE,74,0.0,72,78,54,6.0,7.6,89289,Postgraduate,Yes,Day Scholar,No,9.47,7,4,7.68
STU102408,25,Male,6,ME,52,8.4,91,61,75,8.3,3.8,193309,Postgraduate,Yes,Day Scholar,No,5.68,0,3,9.02
STU102409,18,Male,1,CSE,62,4.6,49,88,73,5.4,1.7,63183,Postgraduate,No,Hostel,Yes,7.47,3,0,8.89
STU102410,24,Female,3,CE,92,7.8,95,30,30,7.4,3.2,179769,Graduate,No,Hostel,No,9.35,3,1,7.67
STU102411,20,Male,3,EEE,67,5.0,37,33,46,6.6,6.6,230686,Postgraduate,Yes,Hostel,Yes,8.81,0,1,6.79
STU102412,22,Female,5,DS,62,6.6,92,48,99,4.6,2.2,128874,School,No,Hostel,Yes,9.23,0,4,8.29
STU102413,19,Female,7,EEE,71,3.3,90,55,93,5.9,3.5,223182,Graduate,No,Day Scholar,No,8.1,8,1,8.81
STU102414,19,Female,1,IT,59,9.9,54,66,94,7.7,5.0,78851,Postgraduate,No,Hostel,No,8.99,8,0,10
STU102415,19,Male,5,EEE,59,7.0,82,34,52,5.5,4.9,87898,Graduate,Yes,Hostel,No,7.35,2,2,7.12
STU102416,24,Female,2,CSE,65,7.4,47,59,30,7.9,7.3,185701,None,Yes,Day Scholar,Yes,9.02,0,0,7.04
STU102417,18,Female,4,ME,83,0.7,36,97,52,8.0,4.1,167631,None,No,Hostel,Yes,8.64,4,3,7.4
STU102418,21,Female,3,ME,74,2.5,35,92,53,8.8,5.5,170679,Graduate,No,Day Scholar,No,5.07,4,1,6.79
STU102419,21,Female,4,IT,62,1.1,88,97,100,8.0,5.5,106490,None,Yes,Day Scholar,Yes,5.37,8,4,9.36
STU102420,18,Female,4,DS,79,7.2,54,30,81,7.2,2.2,62180,Postgraduate,Yes,Hostel,Yes,8.1,1,4,7.44
STU102421,19,Female,2,ECE,87,2.9,89,64,83,6.0,5.6,unknown,Postgraduate,No,Day Scholar,No,6.37,1,3,8.34
STU102422,19,Male,3,CE,82,5.4,50,84,32,8.9,0.7,284895,School,No,Day Scholar,No,7.59,6,3,7.55
STU102423,20,Female,6,ME,70,1.2,41,61,21,7.5,5.4,224450,Postgraduate,No,Day Scholar,No,5.26,7,1,5.49
STU102424,20,Male,1,DS,56,2.7,68,79,85,8.4,0.9,33041,Graduate,No,Day Scholar,Yes,8.18,4,4,8.09
STU102425,23,Female,5,CSE,62,4.3,88,99,37,7.9,8.6,104944,None,Yes,Hostel,No,5.33,4,4,7.89
STU102426,19,Female,2,EEE,66,5.8,88,38,28,7.9,3.5,142491,Postgraduate,No,Hostel,Yes,8.01,1,1,7.55
STU102427,23,Male,2,DS,100,9.2,89,51,23,7.8,5.1,222254,None,No,Day Scholar,Yes,9.8,7,0,9.0
STU102428,23,Female,1,ECE,63,7.8,62,86,58,7.9,3.8,221743,School,Yes,Day Scholar,No,5.12,7,3,8.63
STU102429,22,Female,5,ECE,56,8.7,40,21,43,5.0,4.8,16490,School,No,Hostel,No,8.55,5,3,6.49
STU102430,20,Female,6,EEE,68,3.6,98,56,22,7.9,6.2,251877,Graduate,No,Hostel,Yes,9.46,6,4,7.5
STU102431,25,Female,8,EEE,92,7.4,78,100,74,8.3,4.3,147439,Graduate,No,Hostel,No,5.23,7,0,9.72
STU102432,20,Male,6,ECE,74,0.4,69,47,26,5.8,1.3,231596,None,No,Hostel,No,7.89,2,2,6.15
STU102433,23,Female,2,IT,89,9.1,48,49,78,4.0,2.2,45026,School,Yes,Hostel,Yes,9.76,0,3,8.19
STU102434,25,Female,4,CSE,57,1.9,56,22,55,5.5,6.7,93957,Graduate,No,Hostel,Yes,8.17,8,0,6.0
STU102435,19,Female,4,EEE,95,7.1,79,76,76,5.3,4.6,213090,Postgraduate,Yes,Hostel,Yes,6.95,0,1,9.62
STU102436,25,Female,7,IT,65,0.0,40,92,44,6.5,5.4,106346,Postgraduate,No,Day Scholar,No,9.25,4,1,6.26
STU102437,19,Female,1,IT,52,3.8,76,22,82,6.7,4.1,139493,Postgraduate,Yes,Hostel,No,7.21,4,2,7.57
STU102438,25,Female,1,CE,92,3.0,78,31,37,8.1,3.7,233997,Postgraduate,No,Day Scholar,No,5.2,5,2,7.35
STU102439,21,Male,2,ECE,94,4.6,48,74,74,8.3,5.1,261641,None,No,Hostel,Yes,8.44,2,4,8.63
STU102440,21,Male,5,ME,64,6.9,78,78,83,4.9,3.6,281244,School,Yes,Day Scholar,No,8.58,4,2,9.67
STU102441,19,Female,8,IT,75,7.8,86,76,100,7.4,1.0,173140,School,Yes,Day Scholar,Yes,7.49,2,0,9.93
STU102442,19,Female,3,IT,55,7.5,79,87,61,7.5,1.9,24245,None,No,Day Scholar,Yes,8.95,3,3,12
STU102443,24,Male,5,ME,97,2.3,100,50,99,8.5,1.5,191506,School,No,Hostel,No,7.33,5,0,9.37
STU102444,19,Female,5,DS,78,0.9,61,42,53,7.9,1.4,21311,Graduate,Yes,Day Scholar,Yes,9.22,5,4,7.83
STU102445,21,Female,1,ME,98,1.0,62,89,60,7.5,7.4,51969,School,Yes,Day Scholar,Yes,6.71,0,1,8.36
STU102446,22,Male,4,ME,92,0.2,38,98,69,5.4,2.7,104228,Graduate,Yes,Hostel,Yes,9.3,5,0,7.93
STU102447,21,Female,3,IT,79,4.8,38,69,70,8.5,2.2,234708,School,Yes,Hostel,Yes,5.5,3,0,7.18
STU102448,24,Male,6,ME,59,3.3,42,25,58,6.3,5.4,152958,School,Yes,Hostel,No,9.27,4,1,6.1
STU102449,25,Female,7,DS,74,0.1,68,49,44,5.1,5.0,195447,Graduate,Yes,Hostel,No,7.18,1,3,6.55
STU102450,24,Female,3,DS,62,1.1,87,92,100,7.5,1.8,64981,Postgraduate,No,Day Scholar,Yes,7.05,0,1,9.58
STU102451,24,Male,8,CSE,87,2.6,66,32,64,5.4,3.8,153313,None,Yes,Hostel,Yes,7.51,2,1,7.08
STU102452,24,Female,5,CSE,83,3.1,42,64,91,4.2,7.2,88178,None,No,Hostel,No,5.12,8,4,8.23
STU102453,23,Female,6,ME,81,3.3,95,31,44,8.4,4.6,254673,Graduate,Yes,Day Scholar,Yes,9.27,4,0,7.66
STU102454,23,Female,8,CE,62,2.9,80,96,29,7.0,5.8,231886,Graduate,Yes,Day Scholar,Yes,8.36,0,1,7.89
STU102455,24,male,1,CE,100,0.8,53,40,71,5.4,6.5,192352,Postgraduate,No,Day Scholar,No,7.21,8,4,7.96
STU102456,22,Female,1,CE,88,3.8,77,68,36,4.5,6.2,94594,Postgraduate,No,Hostel,No,6.29,-1,0,6.84
STU102457,21,Female,5,ECE,45,5.5,54,35,28,4.8,5.3,119272,Graduate,No,Hostel,No,6.14,5,2,6.22
STU102458,21,Male,4,ME,97,9.7,95,24,85,4.1,5.9,274780,School,No,Day Scholar,No,7.26,6,3,9.26
STU102459,22,Male,3,ECE,95,6.3,55,88,49,8.9,8.9,245292,School,Yes,Day Scholar,No,8.31,4,0,9.41
STU102460,19,Male,7,CE,78,7.0,91,68,39,4.0,8.6,224341,Postgraduate,Yes,Hostel,No,8.35,-1,4,7.41
STU102461,25,Female,6,ME,90,6.0,53,49,54,6.9,4.0,32861,School,Yes,Day Scholar,Yes,8.96,7,4,8.01
STU102462,20,Male,2,CE,52,3.0,86,69,73,8.6,4.9,73118,None,Yes,Hostel,Yes,8.08,1,3,8.38
STU102463,22,Female,6,IT,51,2.9,52,32,91,4.5,6.7,290966,Graduate,No,Day Scholar,Yes,9.2,4,0,8.02
STU102464,19,Male,8,DS,95,3.4,47,74,20,5.9,8.7,98201,School,Yes,Day Scholar,Yes,7.38,3,1,6.13
STU102465,25,Female,2,IT,64,4.0,76,67,74,5.6,2.2,157320,Postgraduate,No,Hostel,No,9.51,0,1,9.01
STU102466,25,Female,1,IT,68,3.6,45,53,87,6.8,7.5,196607,Postgraduate,No,Hostel,No,6.84,5,4,8.14
STU102467,24,Female,6,DS,96,5.5,63,34,75,7.3,4.6,210509,Graduate,Yes,Hostel,No,9.04,3,2,8.27
STU102468,20,Female,2,CE,55,8.2,83,86,90,7.4,3.3,93425,School,Yes,Hostel,No,8.17,3,2,10
STU102469,22,Female,3,IT,45,0.6,81,73,41,7.9,3.8,279377,Graduate,Yes,Day Scholar,Yes,7.29,2,1,6.49
STU102470,22,Male,8,ME,47,5.8,70,59,67,8.4,3.2,110498,Graduate,No,Day Scholar,Yes,8.38,5,1,8.61
STU102471,22,Male,3,EEE,93,3.6,55,36,76,6.2,3.8,63102,Graduate,No,Hostel,Yes,6.65,7,4,8.0
STU102472,18,Male,8,EEE,54,8.2,58,27,56,8.2,7.9,151364,None,Yes,Hostel,Yes,7.52,0,4,6.12
STU102473,18,Female,4,CE,74,3.7,84,54,39,4.3,5.6,190311,School,Yes,Hostel,No,8.27,8,1,7.32
STU102474,23,male,1,DS,60,5.6,61,57,41,6.3,5.7,227339,None,Yes,Hostel,Yes,9.54,2,4,6.99
STU102475,22,Male,7,DS,75,8.7,88,31,39,6.7,2.6,282988,Postgraduate,Yes,Hostel,No,9.38,8,4,7.75
STU102476,25,Male,6,DS,67,9.3,75,67,69,7.5,4.4,69149,None,No,Day Scholar,Yes,9.43,0,3,8.61
STU102477,23,Female,4,CSE,49,5.8,49,26,60,5.6,6.2,282658,School,No,Hostel,No,8.4,1,0,6.15
STU102478,20,Male,2,IT,69,6.8,80,81,74,8.3,8.3,139343,Graduate,No,Hostel,Yes,5.01,6,2,9.24
STU102479,24,Male,5,EEE,56,1.5,63,64,45,4.3,5.2,217072,None,Yes,Day Scholar,No,8.12,1,2,5.9
STU102480,21,Male,5,DS,68,7.4,35,43,84,6.4,6.1,275874,School,No,Hostel,No,8.0,3,1,8.36
STU102481,25,Female,3,EEE,88,3.5,N/A,56,99,7.4,8.0,46503,None,Yes,Hostel,No,5.43,2,0,9.23
STU102482,19,Female,3,ECE,48,3.5,66,44,95,4.6,5.9,81431,Graduate,Yes,Day Scholar,No,6.78,7,2,7.12
STU102483,18,Female,1,IT,52,4.0,64,70,89,5.4,4.4,95796,None,Yes,Day Scholar,No,8.94,1,1,7.83
STU102484,22,Male,5,CE,75,2.0,65,71,97,5.9,1.2,121086,School,Yes,Hostel,Yes,5.79,6,4,8.57
STU102485,20,Female,1,CSE,58,1.9,53,79,21,8.4,2.4,149181,Postgraduate,No,Hostel,No,6.2,3,0,5.83
STU102486,24,Female,1,ECE,48,8.5,99,50,20,6.6,8.4,111389,Postgraduate,Yes,Hostel,Yes,5.24,4,3,6.7
STU102487,18,Male,4,ECE,50,0.7,84,90,48,4.7,5.7,266026,Postgraduate,No,Hostel,Yes,5.6,5,0,6.28
STU102488,18,Male,1,CE,97,0.6,78,98,52,8.2,7.2,79857,Postgraduate,No,Day Scholar,Yes,9.18,1,1,9.05
STU102489,22,Female,4,CE,89,7.3,65,93,76,8.2,6.5,136814,None,Yes,Hostel,Yes,7.2,7,4,10
STU102490,24,Male,1,ECE,70,1.3,52,85,24,4.6,4.9,100346,Postgraduate,Yes,Hostel,Yes,6.39,8,4,6.49
STU102491,20,Male,3,EEE,47,5.5,46,34,92,4.3,6.2,114671,Postgraduate,Yes,Hostel,No,9.58,4,3,7.94
STU102492,23,Male,7,CE,98,2.3,40,29,85,8.3,3.1,250087,Postgraduate,No,Day Scholar,Yes,8.56,1,0,8.29
STU102493,20,Female,6,CSE,97,2.0,N/A,75,62,4.2,1.4,82250,None,Yes,Day Scholar,No,6.9,7,2,7.98
STU102494,23,Male,1,CE,89,8.9,95,32,30,7.3,7.7,177274,Postgraduate,No,hostel,Yes,9.77,3,4,8.17
STU102495,21,Female,7,EEE,64,0.3,79,97,22,4.4,7.3,47458,Postgraduate,Yes,Hostel,No,6.92,6,0,6.0
STU102496,24,Male,1,IT,89,7.5,90,64,39,7.8,3.2,26828,Postgraduate,Yes,Hostel,No,8.65,7,2,9.45
STU102497,19,Female,5,ECE,99,0.7,72,69,74,7.2,7.1,299468,School,Yes,Day Scholar,Yes,5.91,4,3,7.46
STU102498,22,Female,8,CE,49,4.7,91,72,43,7.0,7.2,128988,Postgraduate,Yes,Day Scholar,Yes,6.48,0,0,7.48
STU102499,20,Male,4,EEE,70,8.2,44,58,80,5.2,5.6,56418,Graduate,No,hostel,No,7.82,4,0,9.04
STU102500,25,Male,4,IT,76,0.3,77,49,90,8.2,8.8,200374,Graduate,No,Hostel,Yes,6.57,5,4,7.47
STU102501,24,Female,6,EEE,50,2.1,93,40,75,4.9,0.6,219856,Postgraduate,Yes,Hostel,No,7.42,1,0,7.46
STU102502,24,Female,2,ME,77,9.4,64,79,36,6.8,0.7,87698,Graduate,No,Day Scholar,No,9.39,8,3,9.65
STU102503,25,Male,8,DS,49,4.9,68,42,26,8.5,4.5,299391,Postgraduate,Yes,Day Scholar,Yes,5.49,5,3,5.63
STU102504,19,Male,8,EEE,82,2.0,68,60,49,6.6,8.4,269418,Postgraduate,Yes,Day Scholar,No,7.13,0,1,6.7
STU102505,21,Male,3,CE,60,4.3,80,66,22,7.0,4.3,248112,School,No,Hostel,No,8.42,0,1,7.23
STU102506,24,Female,3,DS,77,9.9,75,65,27,7.3,6.2,145419,Graduate,No,Hostel,No,6.04,0,3,7.9
STU102507,23,Male,5,CE,56,5.1,69,86,20,4.3,7.1,76503,Graduate,No,Day Scholar,No,9.55,2,3,6.14
STU102508,25,Male,5,DS,56,1.6,99,93,94,4.3,0.8,273192,Graduate,No,Day Scholar,No,9.77,5,2,10
STU102509,21,Male,7,CE,99,4.3,89,95,60,5.5,5.1,74904,Postgraduate,No,Day Scholar,No,8.02,5,3,9.53
STU102510,18,Female,8,DS,64,8.2,49,69,63,6.2,4.3,203333,None,No,Hostel,No,5.45,8,0,8.59
STU102511,18,Female,8,DS,86,8.6,93,97,68,6.2,7.3,99684,None,Yes,Hostel,No,6.25,7,1,9.4
STU102512,25,Female,6,ME,99,1.6,50,28,31,5.7,5.6,45930,School,No,Day Scholar,No,8.55,5,3,6.83
STU102513,19,Male,2,DS,89,5.7,40,54,43,5.2,5.7,39642,School,Yes,Hostel,No,8.09,3,3,7.41
STU102514,18,Female,2,ECE,87,3.0,99,38,47,6.3,6.5,172130,None,Yes,Day Scholar,Yes,6.99,6,0,8.46
STU102515,21,Female,4,ECE,67,7.0,89,47,53,6.2,6.9,125207,Postgraduate,No,Hostel,No,8.75,7,2,8.73
STU102516,24,Female,6,ECE,90,2.9,59,20,87,6.2,2.1,224379,Graduate,Yes,Day Scholar,Yes,8.7,4,3,7.49
STU102517,18,Male,3,CE,64,8.2,72,29,69,5.3,1.2,281132,Graduate,Yes,Hostel,Yes,9.72,7,0,9.07
STU102518,19,Male,1,ME,76,0.8,98,69,27,8.1,4.3,43109,School,No,Hostel,Yes,8.68,7,3,7.55
STU102519,25,Female,3,ME,45,7.0,92,45,77,6.0,6.4,131833,Postgraduate,Yes,Day Scholar,Yes,8.6,5,3,8.88
STU102520,24,Female,7,ME,83,7.7,62,73,67,4.2,3.6,24967,Graduate,Yes,Day Scholar,No,8.65,8,3,8.93
STU102521,18,Male,1,IT,90,1.6,61,42,66,7.3,1.0,17971,None,Yes,Day Scholar,Yes,6.5,7,2,7.29
STU102522,22,Male,5,CE,99,0.6,76,94,20,7.7,1.1,228620,School,No,Day Scholar,Yes,9.3,3,?,8.22
STU102523,23,Male,6,CSE,97,1.3,68,80,93,5.5,3.2,215507,School,Yes,Hostel,No,9.0,2,4,9.62
STU102524,19,Male,1,ME,85,9.5,61,21,59,8.9,1.0,130536,Graduate,No,Hostel,No,5.41,7,3,8.32
STU102525,22,Male,2,EEE,65,6.9,65,45,28,8.8,3.1,254998,None,No,Hostel,No,6.74,4,0,7.11
STU102526,20,Male,2,IT,74,3.9,100,72,73,7.5,6.2,160147,School,No,Hostel,No,6.06,6,0,9.47
STU102527,22,Male,2,CE,92,4.8,76,24,67,4.6,6.0,135521,Graduate,Yes,Hostel,No,7.11,2,1,8.22
STU102528,19,Female,8,CSE,50,3.9,58,69,25,7.0,7.4,109598,Postgraduate,No,Hostel,No,5.82,5,?,5.67
STU102529,20,Female,6,ME,47,0.7,91,47,65,8.7,3.6,114002,Postgraduate,Yes,Day Scholar,No,9.17,0,4,7.3
STU102530,20,Male,5,IT,86,2.5,72,76,80,4.3,6.9,267763,Graduate,Yes,Hostel,Yes,6.8,6,2,8.11
STU102531,25,Female,5,CE,89,4.2,56,90,44,7.2,5.0,112948,School,No,Day Scholar,No,8.87,5,0,8.86
STU102532,25,Male,6,CE,54,9.4,62,42,33,7.8,8.3,135523,Graduate,Yes,Hostel,Yes,5.56,2,4,6.93
STU102533,24,Female,3,CE,99,0.5,52,87,74,7.9,7.0,26194,Graduate,Yes,Day Scholar,Yes,6.7,7,0,8.72
STU102534,20,Female,5,ME,86,8.9,90,22,37,7.2,3.9,38622,None,No,Day Scholar,Yes,5.98,6,2,8.17
STU102535,23,Female,1,CSE,76,0.9,53,32,97,8.0,2.9,298988,School,No,Day Scholar,Yes,8.69,1,1,8.31
STU102536,21,Female,4,IT,65,2.0,72,82,41,8.2,8.0,127718,Graduate,Yes,Day Scholar,No,8.55,2,1,12
STU102537,19,Male,7,CE,64,6.8,N/A,32,26,6.7,8.9,15433,None,Yes,Day Scholar,No,8.05,0,0,6.28
STU102538,25,Female,3,CSE,80,7.4,72,62,65,4.4,4.7,116460,Graduate,Yes,Day Scholar,No,8.06,6,2,8.37
STU102539,18,Female,1,ME,53,5.8,58,52,65,6.7,7.6,143855,School,Yes,Day Scholar,No,8.42,2,1,6.81
STU102540,21,Female,4,ME,78,2.1,77,91,86,7.8,0.8,114654,Graduate,Yes,Hostel,Yes,7.42,4,4,9.07
STU102541,25,Male,1,ME,53,9.6,77,69,78,7.2,0.8,237177,None,No,Hostel,Yes,5.38,3,2,9.4
STU102542,24,Female,5,EEE,69,7.4,65,32,87,8.1,4.6,83280,School,Yes,Day Scholar,No,8.16,8,1,8.63
STU102543,25,Female,3,CSE,96,3.3,91,60,38,7.6,1.0,127181,Graduate,Yes,Hostel,Yes,6.88,4,4,8.02
STU102544,20,Male,1,ME,95,5.8,48,96,34,9.0,3.2,271489,None,Yes,Hostel,Yes,6.34,4,4,7.47
STU102545,18,Female,7,IT,73,0.1,89,24,85,7.0,3.1,299605,Postgraduate,No,Day Scholar,Yes,6.51,7,3,6.95
STU102546,20,Female,3,CE,49,3.0,98,40,21,8.3,3.7,36952,Postgraduate,Yes,Day Scholar,No,7.97,0,2,6.94
STU102547,23,Female,5,IT,69,0.1,87,57,54,8.9,6.9,280653,School,Yes,Hostel,No,5.95,0,0,6.17
STU102548,22,Male,3,DS,96,6.6,40,48,48,4.2,3.0,236861,Graduate,No,Hostel,No,7.7,7,1,7.96
STU102549,25,Female,3,ECE,95,2.1,68,60,88,6.7,3.0,215039,Graduate,No,Hostel,Yes,7.23,6,1,8.27
STU102550,18,Male,7,DS,71,3.2,36,45,53,4.8,4.8,151962,Graduate,No,Hostel,No,6.73,5,1,6.03
STU102551,23,Female,7,CE,85,1.4,94,47,37,4.1,1.7,21705,None,No,Day Scholar,Yes,6.12,4,2,6.83
STU102552,18,Male,7,ME,51,3.5,95,58,32,5.1,1.1,287435,Postgraduate,Yes,Hostel,Yes,7.07,6,2,6.62
STU102553,20,Male,2,IT,80,6.6,35,44,31,7.2,8.2,90869,Postgraduate,No,Day Scholar,Yes,6.65,1,1,6.13
STU102554,25,Female,1,DS,70,7.5,98,21,100,5.5,3.0,293961,Grad,No,Hostel,No,5.2,3,3,8.92
STU102555,21,Female,1,CE,88,4.9,89,65,59,4.6,1.4,213151,School,No,Hostel,No,5.43,1,3,12
STU102556,18,male,2,ECE,66,9.7,76,46,91,5.2,5.3,18085,Postgraduate,No,Hostel,Yes,7.25,3,0,8.58
STU102557,18,Male,7,ECE,80,1.2,82,92,95,4.4,4.5,75925,Postgraduate,Yes,Hostel,Yes,7.24,4,2,9.22
STU102558,22,Male,5,DS,67,2.0,39,33,35,7.7,5.4,269300,Postgraduate,Yes,Hostel,Yes,5.6,6,4,4.66
STU102559,23,Male,6,ECE,58,7.2,46,79,33,8.2,5.2,152407,School,No,Hostel,No,6.35,6,2,7.4
STU102560,20,Male,4,ME,90,9.6,40,93,57,8.7,5.0,174259,Postgraduate,No,Day Scholar,Yes,8.4,1,3,9.16
STU102561,18,Female,7,ME,59,0.6,81,94,65,7.1,1.9,28975,None,Yes,Hostel,No,8.12,1,0,7.97
STU102562,20,Male,2,DS,87,4.7,41,77,86,7.8,7.3,294772,None,Yes,Hostel,Yes,9.08,2,0,9.22
STU102563,18,Male,2,EEE,74,3.1,74,90,64,5.5,1.7,27574,Postgraduate,Yes,Hostel,No,8.74,5,1,8.49
STU102564,25,Male,8,ME,73,8.6,82,46,29,7.6,4.0,297975,None,Yes,Hostel,No,7.02,6,2,8.56
STU102565,18,Male,6,ECE,62,7.1,92,67,49,5.3,2.9,290901,None,Yes,Hostel,No,7.32,6,3,8.34
STU102566,21,Female,3,DS,49,3.7,69,98,73,7.1,4.3,237347,Postgraduate,No,Day Scholar,No,8.67,6,3,8.89
STU102567,23,Female,1,IT,53,4.5,38,55,63,7.8,6.5,195507,None,Yes,Hostel,Yes,6.28,8,0,7.12
STU102568,22,Female,7,IT,71,0.7,39,67,66,6.8,7.3,164480,School,Yes,Hostel,Yes,8.76,0,0,6.6
STU102569,18,Male,6,DS,98,0.3,67,96,28,6.8,3.5,74980,None,No,Hostel,No,9.0,4,0,7.27
STU102570,24,Male,5,EEE,51,1.9,90,24,85,7.0,3.5,252691,School,No,Day Scholar,Yes,7.61,0,4,6.44
STU102571,19,Female,8,CSE,59,5.3,N/A,81,23,6.2,8.4,184237,Graduate,Yes,Day Scholar,Yes,6.2,7,1,6.33
STU102572,25,Female,3,ME,82,4.8,56,59,88,4.9,1.8,176128,Graduate,No,Day Scholar,Yes,7.0,1,3,8.85
STU102573,23,Male,6,ECE,79,4.8,91,27,34,5.1,3.2,272391,None,No,Day Scholar,Yes,5.16,7,3,6.76
STU102574,18,Female,4,EEE,59,1.3,N/A,67,44,5.0,5.5,52165,School,No,Hostel,Yes,7.72,7,2,6.96
STU102575,19,Female,5,CSE,91,0.3,86,59,61,4.8,6.7,224252,Graduate,Yes,Day Scholar,Yes,7.52,3,0,8.12
STU102576,21,Female,4,IT,63,0.5,51,21,40,8.5,6.7,249708,Postgraduate,Yes,Day Scholar,Yes,6.99,8,2,5.58
STU102577,18,Male,1,CSE,69,9.9,67,48,55,4.2,5.1,295454,Graduate,Yes,Day Scholar,Yes,6.82,0,3,7.52
STU102578,24,Female,4,IT,79,2.8,37,35,35,4.4,0.9,186544,School,Yes,Hostel,Yes,6.03,1,4,4.57
STU102579,18,Female,6,CE,83,7.9,70,95,96,4.6,5.1,142011,None,Yes,Day Scholar,No,6.5,5,4,10
STU102580,23,Female,1,CE,90,8.0,83,91,68,4.1,1.3,195450,None,Yes,Hostel,No,8.02,4,4,8.9
STU102581,20,Female,2,CE,69,5.1,76,90,94,4.0,4.5,263437,Graduate,Yes,Hostel,Yes,8.18,8,4,9.12
STU102582,22,Female,3,CSE,46,8.0,63,95,53,5.6,4.1,125504,Graduate,No,Day Scholar,No,6.75,8,0,7.92
STU102583,18,Male,4,DS,62,3.4,66,82,59,7.4,1.3,63054,School,Yes,Hostel,No,8.0,1,4,8.12
STU102584,20,Female,7,ME,53,3.5,35,29,89,7.3,2.9,155628,School,Yes,Hostel,Yes,5.58,2,0,7.13
STU102585,24,Male,5,EEE,59,9.6,56,23,38,8.7,4.4,224119,Postgraduate,Yes,Day Scholar,No,5.16,1,3,6.98
STU102586,23,Male,5,ME,85,8.4,91,28,67,8.5,5.6,217915,School,Yes,Hostel,Yes,5.52,1,1,8.37
STU102587,20,Female,5,ECE,89,4.9,95,23,63,5.1,8.6,133268,School,Yes,Hostel,Yes,9.63,0,0,8.08
STU102588,23,Male,4,CSE,73,4.2,66,90,29,6.6,2.0,70660,Graduate,No,Day Scholar,No,7.68,3,4,7.36
STU102589,19,Male,5,IT,51,3.4,44,40,99,5.1,5.3,unknown,Graduate,No,Hostel,No,7.27,3,2,6.68
STU102590,24,Female,2,ME,96,-3,71,74,81,5.9,1.4,251320,School,Yes,Hostel,No,8.83,7,3,10
STU102591,21,Female,8,ECE,45,8.1,74,80,59,6.6,6.0,283543,None,Yes,Hostel,No,5.11,0,3,8.24
STU102592,19,Female,4,EEE,93,0.5,51,66,83,5.0,3.1,43706,School,Yes,Day Scholar,Yes,6.83,3,1,7.6
STU102593,21,Male,4,ECE,52,8.4,76,43,74,7.0,4.7,288423,Postgraduate,Yes,Day Scholar,Yes,7.22,3,4,8.32
STU102594,18,Female,5,CSE,89,2.6,54,98,94,9.0,8.1,50896,Graduate,Yes,Day Scholar,Yes,9.59,6,3,9.3
STU102595,24,Male,1,CE,75,5.4,96,26,77,7.5,8.0,133046,Graduate,No,Day Scholar,Yes,9.73,6,0,9.08
STU102596,22,Male,8,DS,68,4.9,87,65,41,4.2,4.0,210189,None,No,Hostel,Yes,6.63,3,2,7.47
STU102597,19,Female,1,EEE,59,7.9,56,85,80,5.7,3.8,227202,None,Yes,Hostel,No,5.94,1,4,7.86
STU102598,20,Female,5,IT,47,4.4,88,44,38,5.1,1.9,278445,Graduate,No,Hostel,No,7.75,1,1,7.1
STU102599,21,Male,2,ECE,50,3.0,83,24,97,6.8,1.1,23225,Graduate,Yes,Day Scholar,No,9.21,4,1,8.48
STU102600,22,Male,6,ME,78,2.2,77,93,62,4.5,3.5,263755,Postgraduate,No,Hostel,Yes,9.28,6,2,8.39
STU102601,18,Female,5,IT,45,1.4,89,90,86,7.4,8.6,160410,None,Yes,Day Scholar,No,6.0,2,1,8.7
STU102602,19,Female,1,ME,66,2.7,35,75,27,4.6,7.7,59064,None,Yes,Hostel,Yes,6.92,5,1,6.1
STU102603,18,Female,7,CE,85,5.9,55,59,62,6.2,5.4,224535,School,Yes,Hostel,No,9.69,4,1,8.75
STU102604,18,Female,1,ME,79,2.0,82,74,70,6.0,2.9,230506,Graduate,Yes,Day Scholar,Yes,8.9,8,1,8.52
STU102605,25,Female,1,CE,74,2.7,95,77,90,8.9,8.4,232480,None,No,Hostel,No,7.0,0,0,9.61
STU102606,20,Female,6,CSE,70,2.1,85,51,69,6.5,7.9,34971,Postgraduate,No,Hostel,No,6.05,3,3,7.26
STU102607,20,Female,1,ME,69,1.5,92,81,64,5.1,5.3,65307,Postgraduate,No,Hostel,Yes,8.17,0,4,7.05
STU102608,22,Male,5,CSE,96,7.2,97,78,38,8.8,1.7,30069,None,Yes,Day Scholar,No,9.56,1,4,9.33
STU102609,22,Male,4,CSE,59,3.3,67,99,98,6.8,6.5,261392,Postgraduate,Yes,Hostel,Yes,6.24,8,2,8.48
STU102610,23,Male,5,CSE,96,3.6,96,79,45,4.2,1.8,unknown,School,No,Hostel,Yes,9.21,5,3,8.96
STU102611,25,Female,9,CE,60,7.2,88,59,21,6.4,1.7,287785,None,No,Day Scholar,No,8.01,0,3,7.17
STU102612,22,Female,3,EEE,52,9.2,56,47,40,6.3,5.1,176926,None,No,Day Scholar,Yes,6.99,4,2,7.22
STU102613,21,Male,6,CE,84,8.6,43,77,79,4.5,5.5,59727,School,No,Hostel,No,9.43,5,0,9.77
STU102614,23,Female,1,EEE,79,3.0,91,49,79,5.7,8.2,281771,Postgraduate,Yes,Day Scholar,Yes,7.28,6,2,8.31
STU102615,25,Male,2,IT,95,1.3,71,32,52,5.8,3.1,145171,Postgraduate,Yes,Day Scholar,No,9.55,6,1,8.01
STU102616,18,Female,2,IT,82,5.8,35,61,77,7.5,1.5,187751,School,Yes,Hostel,No,5.32,2,1,7.61
STU102617,20,Male,2,IT,45,3.4,40,92,27,4.1,0.9,44729,Graduate,No,Hostel,Yes,6.79,6,0,6.28
STU102618,22,Female,5,EEE,45,1.8,62,24,44,5.8,8.1,284594,Graduate,No,Day Scholar,No,7.72,1,3,5.77
STU102619,23,Male,7,ECE,55,1.4,42,93,62,4.5,5.7,102059,Graduate,No,Day Scholar,Yes,9.66,7,0,7.25
STU102620,25,Female,7,EEE,62,4.6,35,97,21,5.6,1.2,32670,Graduate,Yes,Day Scholar,No,7.54,5,4,7.31
STU102621,19,Female,7,CSE,69,4.9,63,91,24,5.6,5.4,175707,Postgraduate,No,Hostel,No,9.07,1,2,6.51
STU102622,25,Female,6,CSE,82,5.0,67,94,57,5.1,7.6,106758,Graduate,No,Day Scholar,No,6.12,7,0,7.91
STU102623,25,Male,7,DS,97,5.3,71,40,83,7.7,3.2,81950,None,No,Day Scholar,No,8.7,3,0,8.61
STU102624,23,Male,1,ME,58,1.1,48,66,55,4.3,5.7,83234,Graduate,Yes,Hostel,Yes,9.63,1,2,6.39
STU102625,21,Male,3,CE,98,4.8,65,53,31,7.3,4.8,129824,Graduate,No,Hostel,No,7.07,2,1,7.15
STU102626,18,Male,4,EEE,93,6.9,76,33,48,4.2,4.3,84134,None,Yes,Hostel,No,6.56,4,3,8.18
STU102627,21,Female,7,ME,85,0.0,36,36,46,5.9,1.3,211186,None,No,Hostel,No,5.92,1,3,5.91
STU102628,25,Female,2,IT,56,0.5,91,81,52,5.3,4.8,277397,School,Yes,Day Scholar,Yes,6.99,6,0,7.17
STU102629,21,Female,3,DS,91,1.4,74,28,92,4.8,5.0,109710,School,Yes,Hostel,No,8.66,0,0,8.12
STU102630,21,Female,1,DS,66,7.6,99,45,76,4.0,4.8,24801,Graduate,No,Day Scholar,Yes,8.1,0,0,8.56
STU102631,21,Male,5,ME,59,0.6,86,87,25,4.9,6.6,214677,Postgraduate,No,Hostel,No,8.04,1,1,6.68
STU102632,24,Female,7,CSE,87,7.7,57,35,100,8.5,1.8,120116,None,Yes,Hostel,No,6.92,6,2,9.85
STU102633,20,Female,4,CE,48,9.1,66,22,69,7.3,2.5,252809,Postgraduate,Yes,Day Scholar,Yes,5.53,4,0,8.14
STU102634,21,Female,7,CE,61,1.0,36,59,53,6.1,1.0,42090,School,No,Day Scholar,Yes,6.06,3,4,5.98
STU102635,21,Male,7,ME,52,0.9,93,99,86,6.9,1.6,44940,None,No,Hostel,Yes,6.91,7,1,9.73
STU102636,21,Female,1,CSE,100,5.9,90,47,87,4.9,0.9,144921,None,Yes,Day Scholar,Yes,6.4,6,4,9.79
STU102637,18,Male,1,CE,78,1.5,56,60,40,7.6,4.5,59350,None,Yes,Hostel,Yes,6.49,0,4,5.67
STU102638,24,Male,5,IT,50,3.6,48,65,47,5.6,6.3,279205,School,No,Hostel,No,5.35,8,3,5.78
STU102639,24,Male,2,DS,99,7.9,96,79,70,4.6,8.0,32920,Postgraduate,Yes,Day Scholar,Yes,6.86,0,0,9.05
STU102640,23,Female,5,ME,96,3.5,98,95,95,5.0,2.6,211374,School,No,Day Scholar,No,7.2,2,3,10
STU102641,19,Male,5,DS,61,8.4,90,84,52,4.6,1.2,257776,School,No,Hostel,No,9.49,8,3,9.65
STU102642,22,Female,4,CE,62,1.1,82,22,88,8.8,7.2,213752,Graduate,No,Hostel,Yes,9.25,3,2,7.78
STU102643,25,Female,1,CE,81,0.1,69,54,57,7.5,5.8,68488,None,No,Hostel,Yes,8.97,1,0,7.78
STU102644,23,Male,5,EEE,82,5.1,92,85,51,7.6,4.4,103825,School,No,Hostel,Yes,5.03,2,2,9.0
STU102645,24,Female,8,EEE,62,2.9,78,95,32,5.6,6.8,250736,School,No,Day Scholar,No,7.41,1,4,6.47
STU102646,18,Female,4,DS,73,5.5,39,20,39,5.2,7.5,16820,Graduate,No,Day Scholar,No,6.55,5,3,6.13
STU102647,24,Male,8,IT,86,6.1,79,26,65,5.1,8.9,261596,None,Yes,Hostel,No,8.1,4,2,7.79
STU102648,21,Male,1,DS,78,4.4,52,59,87,6.6,2.8,99354,School,No,Day Scholar,No,8.39,7,2,9.02
STU102649,23,Male,8,CE,48,3.4,88,40,59,5.3,1.3,276156,Postgraduate,No,Hostel,Yes,8.91,4,3,8.05
STU102650,18,Male,2,CE,49,1.2,56,20,57,7.5,6.3,210025,Postgraduate,No,Day Scholar,No,7.69,8,1,6.78
STU102651,25,Male,1,CSE,,3.5,99,75,68,8.4,6.4,265959,School,No,Day Scholar,Yes,6.34,0,1,8.75
STU102652,23,Female,4,ME,61,2.7,77,47,82,8.0,6.1,133513,Graduate,No,Day Scholar,No,5.49,8,2,7.18
STU102653,21,Female,5,IT,,9.9,67,37,91,8.3,8.1,214079,None,No,Hostel,Yes,8.72,4,1,9.26
STU102654,23,Male,4,DS,91,4.6,62,32,73,6.5,8.1,96374,None,Yes,Hostel,No,7.55,1,0,8.38
STU102655,18,Female,3,EEE,79,9.9,97,90,55,5.9,2.4,91408,School,Yes,Day Scholar,Yes,5.43,3,1,9.62
STU102656,18,Male,1,ECE,52,4.2,76,58,85,6.8,1.5,278177,Postgraduate,No,Hostel,No,8.78,6,4,9.22
STU102657,25,Male,7,IT,50,2.3,66,30,84,4.7,9.0,224427,None,Yes,Hostel,No,5.38,0,3,5.76
STU102658,18,Female,2,CSE,91,1.0,61,53,56,7.0,5.4,211617,None,Yes,Hostel,No,6.64,5,1,6.69
STU102659,18,Male,4,CSE,57,5.8,35,33,49,5.1,0.9,82714,School,Yes,Day Scholar,Yes,5.44,8,4,6.25
STU102660,25,Female,8,DS,96,3.3,55,44,29,5.8,1.3,110150,Graduate,Yes,Day Scholar,Yes,5.34,3,2,6.38
STU102661,19,Female,3,CSE,75,3.3,96,70,51,4.5,6.0,82730,School,Yes,Hostel,No,5.78,4,0,8.01
STU102662,21,Male,5,ME,81,7.6,70,63,84,6.1,6.6,205484,Postgraduate,No,Day Scholar,Yes,9.67,7,3,9.68
STU102663,24,Female,6,ECE,46,2.0,61,81,62,5.0,0.9,63276,None,No,Day Scholar,Yes,9.71,1,0,6.88
STU102664,25,Male,5,IT,70,6.1,48,86,53,7.8,1.5,229647,None,Yes,Day Scholar,No,5.15,0,0,6.93
STU102665,24,Female,2,ME,87,7.1,68,58,65,5.5,2.0,207718,School,Yes,Hostel,No,5.48,2,2,8.02
STU102666,23,Female,2,CE,80,5.5,49,88,90,4.1,2.1,297449,Graduate,Yes,Hostel,No,5.81,8,0,9.05
STU102667,19,Female,6,IT,67,7.5,42,87,76,4.1,4.3,171983,Postgraduate,No,Hostel,Yes,5.35,2,3,8.36
STU102668,21,Male,7,DS,99,0.3,55,67,56,8.7,,283505,Postgraduate,Yes,Day Scholar,Yes,9.19,0,0,7.16
STU102669,19,Male,3,ECE,63,8.4,51,73,94,4.2,6.7,186214,None,Yes,Day Scholar,No,5.38,7,3,8.24
STU102670,19,Female,3,EEE,54,6.6,41,68,73,7.5,0.5,158343,None,No,Day Scholar,No,9.67,6,3,8.0
,18,Male,6,DS,78,9.8,39,53,70,5.0,1.4,93919,School,No,Day Scholar,Yes,5.21,2,1,7.91
,25,Female,4,CSE,81,7.4,50,87,86,5.7,3.4,222702,Graduate,Yes,Day Scholar,Yes,6.29,7,1,8.99
STU102673,23,Female,7,ECE,95,8.6,64,98,80,5.6,8.4,284312,Graduate,Yes,Day Scholar,No,5.84,6,0,10
STU102674,23,Female,5,CE,60,9.8,43,62,54,5.8,6.6,98599,School,Yes,Hostel,No,5.17,4,0,8.0
STU102675,25,Male,3,IT,69,7.7,39,38,59,6.5,4.3,93355,Postgraduate,No,Hostel,Yes,9.47,0,2,8.04
STU102676,25,Female,2,ECE,53,8.5,98,97,25,6.7,3.4,116829,Postgraduate,Yes,Day Scholar,Yes,7.73,7,2,9.34
STU102677,19,Male,1,CE,84,3.9,76,85,88,7.7,7.6,98684,None,No,Day Scholar,No,5.82,4,0,8.83
STU102678,19,Male,7,EEE,58,8.3,39,31,58,6.4,6.5,245273,None,No,Hostel,No,7.43,0,4,6.76
STU102679,23,Male,7,ECE,73,4.3,68,93,90,4.0,0.6,265305,Graduate,No,Hostel,Yes,5.09,3,2,8.46
,18,Female,5,ECE,87,1.9,72,51,77,8.6,6.4,295377,None,Yes,Hostel,Yes,7.95,5,1,7.95
STU102681,20,Male,1,EEE,87,8.9,96,87,59,6.6,6.0,261564,None,No,Day Scholar,No,8.85,0,2,9.07
STU102682,24,Female,1,DS,48,7.9,71,32,30,7.1,0.9,288906,School,No,Hostel,Yes,8.07,7,4,6.91
STU102683,21,Female,2,EEE,47,1.9,88,28,35,7.5,2.2,126415,Graduate,No,Day Scholar,No,8.53,5,1,6.75
STU102684,19,Male,7,CSE,47,7.4,42,23,61,8.3,0.7,65966,School,Yes,Day Scholar,Yes,5.05,2,1,6.77
STU102685,18,Female,3,IT,91,1.9,69,35,55,4.1,7.4,230859,None,No,Day Scholar,Yes,8.2,8,2,7.74
STU102686,25,Female,7,DS,52,5.3,39,34,64,7.9,6.4,134538,School,No,Day Scholar,No,8.33,2,1,6.26
STU102687,22,Female,1,CE,54,7.3,72,52,21,4.2,8.0,178031,None,Yes,Day Scholar,Yes,6.33,8,3,7.17
STU102688,22,Female,5,ECE,85,8.4,60,65,58,6.1,7.3,68119,Graduate,Yes,Hostel,Yes,5.12,6,1,8.18
STU102689,18,Female,3,CE,59,7.2,53,40,88,4.9,5.4,224348,Postgraduate,Yes,Day Scholar,No,6.62,2,4,7.85
STU102690,20,Male,3,IT,45,1.5,77,42,33,4.3,3.6,275552,Graduate,Yes,Day Scholar,No,9.41,7,3,6.92
STU102691,23,Male,4,CSE,78,7.4,48,83,68,6.5,4.3,259546,Graduate,No,Day Scholar,Yes,5.91,1,2,7.54
STU102692,20,Male,3,DS,50,8.5,48,76,26,6.7,1.4,136567,Graduate,No,Day Scholar,Yes,7.09,0,3,7.37
STU102693,21,Female,3,ME,81,6.3,99,24,21,5.7,6.3,194330,Graduate,No,Hostel,No,9.37,0,0,7.02
STU102694,21,Female,5,EEE,51,2.4,60,63,75,6.6,4.5,201454,None,Yes,Day Scholar,No,7.89,1,2,7.65
,23,Male,5,ECE,79,9.5,60,75,62,7.4,3.5,219308,School,No,Hostel,Yes,5.26,7,0,9.35
STU102696,21,Female,2,CSE,86,6.1,68,48,83,4.1,5.6,166333,Graduate,No,Day Scholar,Yes,8.37,5,3,8.07
STU102697,19,Female,8,DS,87,4.0,75,26,26,4.5,4.4,261817,Postgraduate,No,Day Scholar,Yes,7.8,8,1,6.59
STU102698,20,Male,5,EEE,61,7.7,94,39,93,6.1,1.8,279407,None,No,Day Scholar,No,9.29,2,0,9.29
STU102699,20,Female,8,ME,47,2.3,77,53,63,7.9,7.2,262340,Graduate,Yes,Hostel,No,9.12,0,0,7.67
STU102700,24,Female,4,ME,60,8.3,86,60,27,7.5,5.1,116978,None,No,Day Scholar,Yes,9.5,8,1,9.08
STU102701,21,male,8,ECE,58,3.5,89,31,24,7.9,3.1,68038,Graduate,No,Hostel,Yes,9.71,3,0,6.35
STU102702,19,Male,4,IT,89,3.9,79,95,85,8.0,3.4,191818,Graduate,No,Hostel,No,8.64,7,1,9.86
STU102703,21,Male,6,ME,48,9.6,75,50,79,6.6,3.0,178788,Postgraduate,Yes,Day Scholar,Yes,7.85,1,0,9.14
STU102704,19,Male,2,DS,91,7.1,64,30,87,8.1,2.5,242774,School,Yes,Day Scholar,No,9.0,2,3,8.34
STU102705,20,Male,8,ME,60,5.9,59,31,66,8.1,9.0,116589,Graduate,No,Hostel,Yes,6.4,7,4,6.65
STU102706,19,Female,5,ECE,53,4.0,41,71,43,7.1,3.5,278332,Postgraduate,No,Hostel,No,7.1,7,2,6.28
STU102707,21,Female,4,CSE,55,4.2,73,90,37,5.7,6.4,93446,None,Yes,Day Scholar,Yes,5.98,3,0,6.66
STU102708,25,Female,8,IT,95,5.4,71,52,71,5.0,4.8,283121,Postgraduate,No,Day Scholar,No,8.96,6,1,9.21
STU102709,24,Female,2,EEE,74,8.7,67,89,28,4.4,0.7,287672,None,Yes,Hostel,Yes,7.54,2,4,7.68
STU102710,25,Female,6,IT,72,7.7,76,66,49,6.5,5.3,177458,School,No,Day Scholar,No,5.05,4,2,8.18
STU102711,19,Male,6,ECE,83,9.2,85,60,24,8.7,5.3,282952,None,No,Hostel,Yes,6.84,6,1,8.66
STU102712,20,Male,3,DS,57,1.2,89,98,30,5.8,3.8,168647,School,No,Hostel,Yes,6.71,4,1,6.64
STU102713,18,Female,8,DS,80,8.0,97,76,77,7.7,7.2,232691,None,No,Day Scholar,Yes,5.47,7,0,10
STU102714,23,Female,7,ME,97,8.4,80,64,93,4.1,8.4,224192,Postgraduate,No,Day Scholar,No,7.9,8,1,10
STU102715,22,Female,1,DS,95,0.4,87,59,70,7.5,1.1,220776,Postgraduate,Yes,Hostel,Yes,9.23,2,1,8.79
STU102716,24,Female,2,AI&ML,83,8.7,59,62,84,7.5,7.6,164339,School,Yes,Day Scholar,No,5.57,8,4,9.56
STU102717,22,Male,5,IT,96,2.7,79,36,61,5.6,4.3,125666,Postgraduate,No,Day Scholar,No,9.51,8,1,8.94
STU102718,22,male,3,EEE,75,7.7,99,90,49,5.9,3.1,207359,None,No,Hostel,Yes,9.63,1,0,9.57
STU102719,25,Female,2,IT,71,0.6,93,98,88,6.6,7.2,294175,Graduate,Yes,Hostel,Yes,8.21,2,2,8.25
STU102720,18,Female,1,ECE,90,9.1,74,39,49,8.1,7.4,207644,Postgraduate,No,Day Scholar,No,5.61,3,3,7.24
STU102721,18,Female,4,CSE,91,2.2,70,51,47,4.0,3.9,21538,Postgraduate,No,Day Scholar,No,5.95,2,1,7.01
STU102722,25,Female,3,CE,83,5.6,76,61,42,6.3,1.3,293521,School,Yes,Day Scholar,No,5.57,0,1,7.09
STU102723,24,Female,1,ECE,69,7.1,35,88,79,4.2,4.8,298179,Graduate,Yes,Hostel,Yes,6.42,8,0,8.94
STU102724,25,Male,7,DS,74,9.0,85,87,98,eight,0.7,213657,Graduate,Yes,Day Scholar,No,8.27,0,1,10
STU102725,22,Male,4,EEE,93,3.8,35,93,81,6.2,0.5,51162,School,No,Hostel,No,7.92,6,1,9.43
STU102726,22,Female,3,EEE,100,2.7,78,42,28,5.8,6.2,269575,Graduate,No,Day Scholar,No,8.09,1,2,6.06
STU102727,25,Female,2,CE,61,9.4,61,54,100,4.6,7.7,261019,Graduate,No,Day Scholar,Yes,9.79,8,3,9.73
STU102728,22,Female,4,ME,61,4.9,81,32,93,6.8,5.5,211803,Graduate,Yes,Hostel,Yes,9.59,5,0,9.56
STU102729,22,Male,3,EEE,81,9.3,70,45,46,5.4,6.4,63437,Graduate,No,Hostel,Yes,8.99,1,2,8.6
STU102730,19,Female,4,CE,58,4.5,45,91,71,5.7,0.6,134410,None,No,Day Scholar,Yes,7.54,8,4,8.57
STU102731,25,Male,2,CSE,90,0.4,88,46,24,4.1,3.4,40213,None,No,Day Scholar,No,7.46,2,2,5.55
STU102732,22,Female,1,DS,54,0.8,86,97,25,9.0,4.2,36820,School,Yes,Hostel,Yes,6.64,1,1,7.03
STU102733,25,Female,4,ECE,51,0.2,97,91,95,8.5,4.0,267678,School,No,Hostel,No,5.56,3,1,7.94
STU102734,18,Male,8,CE,58,8.6,80,91,80,5.0,1.7,40460,None,Yes,Day Scholar,No,9.79,5,3,9.4
STU102735,18,Male,2,DS,49,7.7,70,58,51,7.1,1.7,224154,Graduate,No,Hostel,Yes,8.05,6,3,8.38
STU102736,19,Male,2,CSE,45,3.9,76,68,69,4.6,4.9,41892,School,Yes,Hostel,Yes,7.68,3,1,7.33
STU102737,19,Male,2,CE,76,3.2,52,32,27,4.5,1.7,90345,Postgraduate,Yes,Hostel,Yes,9.34,4,2,5.68
STU102738,24,Female,6,IT,52,6.4,91,38,98,7.7,5.5,242437,Postgraduate,Yes,Day Scholar,Yes,5.05,4,3,8.92
STU102739,18,Female,6,ECE,92,1.8,44,76,66,8.0,5.8,34386,Postgraduate,Yes,Day Scholar,Yes,8.91,8,3,8.29
STU102740,21,Male,3,ME,78,7.1,57,32,71,6.1,8.1,213277,School,No,Hostel,No,7.03,2,1,8.01
STU102741,18,Male,8,CE,50,5.0,78,68,93,6.6,2.1,83186,Graduate,Yes,Hostel,No,8.5,5,4,8.64
STU102742,21,Male,2,ECE,90,0.4,40,44,85,4.5,3.7,215882,Postgraduate,No,Hostel,No,7.87,5,0,6.91
STU102743,18,Female,4,EEE,74,7.0,46,44,64,4.5,7.2,46097,None,No,Hostel,No,9.73,3,2,8.06
STU102744,23,Male,4,DS,61,0.9,44,28,43,5.5,3.2,146147,None,Yes,Day Scholar,No,7.96,1,2,5.33
STU102745,20,Male,1,ME,79,4.0,49,89,25,6.0,6.1,127810,Postgraduate,No,Hostel,Yes,6.66,4,4,7.05
STU102746,23,Female,3,IT,84,1.6,81,39,90,8.7,3.6,73923,Graduate,No,Hostel,Yes,8.09,2,4,8.92
STU102747,18,Female,8,IT,45,6.3,91,71,30,5.1,2.0,259380,School,No,Hostel,No,7.02,7,4,7.73
STU102748,23,Male,6,EEE,50,9.6,100,26,23,eight,3.4,73150,Postgraduate,No,Hostel,No,8.17,1,2,6.55
STU102749,18,Female,7,DS,48,1.7,92,94,88,8.1,3.1,19271,Graduate,No,Hostel,No,6.03,0,2,7.92
STU102750,18,Male,6,DS,94,5.5,95,72,28,6.5,4.8,83639,None,No,Hostel,No,9.78,1,2,7.7
STU102751,23,Male,1,ME,57,0.6,39,66,66,7.7,6.3,130584,Graduate,Yes,Day Scholar,No,8.47,0,0,6.91
STU102752,24,Female,6,ME,73,5.0,59,99,73,5.7,5.6,209775,None,No,Day Scholar,Yes,9.72,0,0,8.24
STU102753,25,Female,3,CSE,55,7.8,36,73,46,4.9,8.9,208690,Graduate,Yes,Day Scholar,Yes,7.22,8,0,6.8
STU102754,25,Female,1,ME,66,1.0,62,22,28,7.7,2.5,237066,School,Yes,Day Scholar,Yes,5.72,0,1,4.6
STU102755,21,Female,4,ME,86,1.4,54,39,89,7.0,4.1,58106,Postgraduate,Yes,Hostel,No,6.49,0,4,6.57
STU102756,21,Female,8,CSE,82,0.8,40,36,33,4.0,3.0,216870,Postgraduate,Yes,Hostel,No,7.59,3,0,5.68
STU102757,20,Male,3,DS,71,1.5,52,68,58,7.9,3.1,122645,School,No,Hostel,Yes,6.24,5,2,6.84
STU102758,19,Female,7,DS,72,3.0,42,29,47,6.4,2.7,289932,School,Yes,Day Scholar,No,9.62,8,1,7.25
STU102759,21,Male,4,ME,56,0.2,58,87,86,6.4,1.2,91726,Postgraduate,No,Hostel,Yes,5.84,2,0,7.12
STU102760,21,Male,3,CE,66,5.3,53,33,85,4.9,5.7,139952,Graduate,No,Hostel,No,7.91,5,1,7.58
STU102761,22,Female,6,ME,67,4.5,69,46,64,7.5,4.8,144827,None,No,Hostel,No,8.16,3,3,7.32
STU102762,25,Female,3,EEE,85,0.8,60,74,50,7.4,5.2,134203,School,No,Day Scholar,No,8.27,4,1,7.57
STU102763,20,Male,1,IT,89,8.3,62,39,63,5.2,1.9,194852,School,No,Day Scholar,Yes,7.44,0,3,7.72
STU102764,18,Male,1,ME,76,0.3,51,29,20,4.2,2.0,281452,Graduate,Yes,Hostel,Yes,9.03,0,3,4.4
STU102765,23,Female,8,IT,81,8.0,46,22,71,7.1,8.4,204164,School,No,Day Scholar,Yes,8.48,3,4,7.5
STU102766,19,Female,5,ECE,100,5.8,64,78,55,8.4,3.1,26391,Graduate,Yes,Hostel,Yes,5.19,7,0,8.75
STU102767,21,Female,2,CSE,51,6.6,84,45,-10,4.8,7.2,235702,School,No,Day Scholar,Yes,5.98,2,2,6.7
STU102768,21,Female,5,CSE,89,3.9,80,20,49,8.5,8.5,120233,Graduate,Yes,Day Scholar,Yes,7.98,3,0,8.04
STU102769,18,Female,8,EEE,74,7.9,N/A,96,98,5.6,8.4,124950,None,No,Hostel,Yes,7.22,3,3,9.71
STU102770,25,Female,5,EEE,56,0.8,81,63,88,8.8,2.4,59442,Graduate,No,Hostel,No,9.34,3,2,7.99
STU102771,23,Male,5,ECE,77,5.8,69,99,52,4.6,1.0,90911,School,Yes,Day Scholar,No,7.79,8,4,8.15
STU102772,19,Female,1,ME,80,4.6,69,63,61,6.0,6.2,91363,School,No,Hostel,Yes,7.97,6,4,8.44
STU102773,24,Male,5,DS,76,8.5,78,70,57,8.5,4.6,249804,Graduate,No,Hostel,Yes,7.13,1,2,8.74
STU102774,22,Male,8,ECE,96,9.7,98,88,94,8.7,6.9,136210,School,Yes,Day Scholar,No,7.22,5,2,10
STU102775,22,Female,2,DS,60,1.5,66,65,45,5.5,5.4,76067,Postgraduate,No,Day Scholar,No,7.05,2,0,6.54
STU102776,25,Male,2,DS,92,0.3,99,80,93,8.1,2.2,57774,None,Yes,Day Scholar,Yes,9.42,5,0,10
STU102777,21,Male,8,DS,61,9.0,81,47,23,7.7,3.6,113799,Postgraduate,Yes,Hostel,Yes,9.07,4,2,8.31
STU102778,23,Female,2,CE,55,7.8,42,43,40,5.3,8.0,52717,None,No,Hostel,No,8.87,3,3,6.64
STU102779,22,Male,9,ME,73,5.3,85,81,25,5.2,2.4,88086,School,Yes,Day Scholar,Yes,5.21,6,4,7.33
STU102780,23,Male,5,IT,55,4.8,61,88,99,4.1,6.3,161863,None,No,Hostel,Yes,8.54,0,2,8.95
STU102781,25,Male,7,DS,96,5.5,46,69,21,5.2,5.9,267639,None,No,Day Scholar,No,6.97,8,3,6.89
STU102782,20,Female,2,EEE,65,6.1,46,75,81,7.5,7.3,150821,Postgraduate,Yes,Hostel,No,5.77,2,3,8.09
STU102783,24,Female,8,EEE,46,7.7,70,57,27,6.6,1.8,183392,Graduate,Yes,Hostel,Yes,9.18,3,4,7.43
STU102784,19,Male,4,CE,68,6.3,37,68,77,6.5,4.8,205886,School,Yes,Day Scholar,Yes,6.81,3,4,7.42
STU102785,23,Female,2,CSE,55,5.2,66,90,75,7.8,0.7,147684,School,No,Day Scholar,Yes,8.99,8,1,9.24
STU102786,23,Female,7,CSE,90,3.6,59,73,29,7.4,3.4,113245,Grad,Yes,Day Scholar,No,6.92,4,1,7.38
STU102787,21,Male,5,DS,98,9.3,N/A,31,97,7.1,7.3,92088,Graduate,Yes,Hostel,Yes,6.81,0,3,9.32
STU102788,18,Male,2,CSE,98,4.3,72,97,63,6.4,5.7,227231,School,Yes,Hostel,Yes,7.22,2,1,9.09
STU102789,25,Female,5,ECE,79,0.6,60,31,82,5.1,6.3,192538,School,Yes,Hostel,Yes,6.93,8,4,7.05
STU102790,18,Female,6,EEE,97,6.3,74,55,81,4.0,3.3,97222,School,No,Hostel,No,8.92,2,1,9.58
STU102791,18,Female,3,CE,45,2.6,69,89,71,4.3,6.3,229379,None,Yes,Hostel,No,6.34,6,1,7.52
STU102792,24,Male,1,CSE,80,3.8,68,43,30,4.3,6.6,77966,School,No,Day Scholar,Yes,7.28,2,0,7.01
STU102793,22,Male,7,ECE,52,0.2,37,85,81,4.7,4.7,27526,Postgraduate,Yes,Hostel,Yes,8.48,5,2,7.36
STU102794,21,Male,3,IT,92,4.5,72,33,31,6.6,3.9,133458,School,No,Hostel,Yes,8.23,8,2,8.01
STU102795,24,Female,5,ME,68,9.9,77,77,56,7.6,3.2,86987,None,No,Hostel,No,7.7,4,0,8.82
STU102796,25,Female,8,IT,82,0.2,59,99,78,4.9,6.6,243162,School,Yes,Hostel,No,8.67,1,2,8.01
STU102797,25,Female,4,CSE,83,1.2,46,37,84,7.8,6.9,235460,Graduate,No,Day Scholar,Yes,6.39,2,4,7.33
STU102798,19,Female,2,IT,66,6.8,81,23,99,7.0,3.8,297031,Postgraduate,Yes,Hostel,Yes,6.3,1,3,7.82
STU102799,21,Male,5,DS,78,4.3,71,28,60,5.7,2.5,236987,Postgraduate,Yes,Hostel,No,8.62,7,1,8.31
STU102800,20,Male,6,IT,51,7.2,68,75,79,6.9,1.2,41689,Graduate,Yes,Hostel,No,7.57,1,0,8.26
STU102801,22,Female,4,IT,79,6.2,77,85,42,5.2,8.6,231742,Postgraduate,Yes,Hostel,Yes,6.91,2,1,7.66
STU102802,24,Female,7,ECE,84,7.4,61,63,71,4.2,2.7,279026,Graduate,Yes,Day Scholar,No,5.71,4,2,8.51
STU102803,18,Female,4,EEE,50,5.0,94,84,28,4.0,7.6,20785,Graduate,Y,Hostel,No,9.34,6,4,7.15
STU102804,18,Female,1,DS,81,4.6,68,98,67,7.6,6.0,131911,Graduate,No,Hostel,No,7.22,2,0,8.55
STU102805,23,Male,8,CSE,92,4.5,63,29,24,7.8,4.0,151848,None,Yes,Hostel,Yes,5.49,4,0,7.02
STU102806,21,Male,6,CE,85,9.9,90,93,59,6.8,1.5,44273,Postgraduate,No,Hostel,No,8.25,6,4,9.58
STU102807,22,Female,3,ME,77,6.1,89,91,41,6.6,6.4,unknown,School,No,Day Scholar,No,9.22,6,2,8.31
STU102808,20,Male,6,AI&ML,63,4.1,36,70,24,7.8,0.6,232991,Graduate,Yes,Hostel,No,9.24,6,4,7.3
STU102809,25,Female,3,ME,86,8.0,75,28,95,5.3,3.3,148224,Postgraduate,No,Hostel,No,9.61,5,0,9.75
STU102810,20,Female,2,DS,80,5.3,55,60,40,4.1,1.3,57012,Graduate,Yes,Day Scholar,No,9.03,2,2,6.94
STU102811,18,Female,4,EEE,62,1.7,100,42,76,6.7,0.7,298808,Postgraduate,Yes,Hostel,No,8.92,4,1,8.36
STU102812,18,Female,1,ME,66,8.9,94,89,89,7.8,1.5,260305,Postgraduate,No,Day Scholar,No,9.32,2,3,10
STU102813,22,Male,2,ECE,88,9.0,35,82,79,6.4,4.2,26293,School,No,Hostel,Yes,5.37,5,0,9.47
STU102814,23,Female,1,CE,,6.8,65,31,53,8.7,8.0,240233,School,No,Hostel,No,7.85,0,4,7.52
STU102815,25,Female,8,IT,94,2.6,62,64,35,4.4,5.4,112698,Postgraduate,Yes,Hostel,Yes,6.7,6,4,6.19
STU102816,20,Male,6,CE,71,7.7,50,58,55,6.3,8.4,171705,Postgraduate,Yes,Hostel,No,9.79,3,1,7.54
STU102817,20,Female,3,ECE,92,7.7,97,42,88,7.0,8.9,219815,Graduate,Yes,Day Scholar,Yes,9.18,8,4,9.47
STU102818,22,Female,4,IT,79,1.0,93,56,40,6.2,4.2,146673,Graduate,Yes,Hostel,Yes,7.41,3,2,12
STU102819,20,Female,3,CSE,60,0.8,96,70,96,9.0,0.8,24714,Graduate,No,Hostel,No,8.75,-1,3,8.74
STU102820,23,Female,6,IT,56,8.5,39,24,96,4.6,6.3,96870,Graduate,Yes,Day Scholar,No,9.6,7,2,8.85
STU102821,19,Male,6,CE,49,7.4,57,77,61,6.8,2.7,98240,School,No,Hostel,Yes,11.5,8,2,8.81
STU102822,23,Female,5,EEE,80,6.5,38,58,79,8.7,1.9,94517,Postgraduate,No,Hostel,Yes,5.77,8,0,8.02
STU102823,22,Female,1,CE,74,6.0,73,47,21,5.8,8.0,121141,Graduate,No,Day Scholar,No,5.09,5,4,5.62
STU102824,19,Female,2,ECE,74,0.1,92,95,70,4.2,1.9,54046,Postgraduate,No,Day Scholar,Yes,8.98,5,0,9.25
STU102825,25,Female,6,CSE,99,2.8,69,67,73,4.1,3.4,63485,None,No,Day Scholar,Yes,9.7,2,2,9.0
STU102826,24,Male,3,ECE,76,2.3,87,77,83,8.6,1.8,68826,Graduate,Yes,Hostel,No,7.74,8,0,9.6
STU102827,18,Male,1,EEE,67,1.9,59,61,48,8.0,3.1,215477,None,No,Hostel,No,5.89,3,0,6.37
STU102828,22,Male,2,CE,69,0.9,87,81,57,5.1,3.0,125031,None,No,Day Scholar,Yes,6.89,8,1,8.36
STU102829,23,Female,4,CE,90,8.2,68,39,44,8.6,5.0,133773,Postgraduate,Yes,Day Scholar,No,6.33,1,4,6.83
STU102830,25,Male,8,CSE,46,5.1,76,83,83,8.6,8.1,248759,None,Yes,Hostel,No,9.07,0,4,8.03
STU102831,24,Male,4,IT,80,4.9,45,47,41,4.0,4.8,91720,Graduate,No,Hostel,Yes,6.39,7,2,6.75
STU102832,19,Female,2,IT,60,8.3,69,53,78,5.3,7.4,105904,School,Yes,Day Scholar,No,8.06,1,3,7.91
STU102833,21,Male,4,IT,50,6.6,98,100,49,6.9,2.4,135804,Graduate,No,Hostel,Yes,7.06,7,3,8.47
STU102834,21,Male,1,ECE,60,6.6,80,91,31,4.5,3.8,43431,School,No,Hostel,No,8.75,3,0,8.61
STU102835,23,Male,6,ME,83,5.5,51,74,55,4.4,6.5,206034,None,No,Day Scholar,Yes,6.91,8,1,8.38
STU102836,24,Male,8,IT,50,3.6,100,84,39,8.0,2.5,227368,Graduate,Yes,Hostel,Yes,5.07,4,1,8.21
STU102837,20,Male,8,DS,71,1.9,67,29,70,8.9,5.6,19884,School,No,Day Scholar,Yes,5.86,7,0,6.71
STU102838,21,Male,3,CE,83,6.2,73,33,23,8.9,3.1,90105,Graduate,Yes,Hostel,No,8.11,6,0,7.95
STU102839,21,Male,6,ECE,76,3.3,45,72,89,4.2,1.0,293748,School,No,Hostel,No,6.54,2,2,7.97
STU102840,18,Female,2,ME,74,6.1,97,70,22,7.4,6.2,108072,Graduate,Yes,Day Scholar,No,9.43,4,4,8.37
STU102841,23,Male,5,CSE,97,3.6,73,57,42,4.7,1.9,26991,None,Yes,Hostel,Yes,5.77,7,2,6.85
STU102842,20,Female,3,ME,52,3.5,92,42,27,7.5,8.6,69868,None,No,Day Scholar,No,9.08,5,3,6.95
STU102843,25,Female,1,CSE,98,9.0,85,58,23,4.8,4.1,76849,School,Yes,Day Scholar,No,11.5,1,2,8.23
STU102844,24,Female,3,DS,78,3.7,55,42,99,8.3,2.4,100934,School,Yes,Day Scholar,No,5.8,8,2,8.85
STU102845,18,Male,7,DS,77,7.3,49,50,51,5.7,2.2,151871,None,Yes,Day Scholar,Yes,6.94,2,3,7.8
STU102846,24,Male,6,DS,69,5.1,37,95,24,7.1,7.5,unknown,School,No,Hostel,Yes,5.94,4,3,6.26
STU102847,18,Female,2,CE,71,7.4,61,46,51,5.4,0.7,120038,None,Yes,Day Scholar,Yes,8.34,0,2,8.16
STU102848,22,Male,5,EEE,96,4.7,52,81,43,5.0,,164899,School,Yes,Day Scholar,No,9.4,5,3,7.27
STU102849,20,Male,7,ME,96,0.3,77,64,60,7.8,3.7,130536,Graduate,No,Hostel,Yes,6.52,3,2,7.93
STU102850,22,Female,5,CE,81,3.8,51,68,51,5.6,7.7,41936,School,Yes,Hostel,No,6.9,5,0,7.04
STU102851,21,Female,4,EEE,72,3.5,53,46,39,4.0,8.1,64928,None,No,Hostel,No,6.08,8,2,5.64
STU102852,20,Male,3,IT,82,7.4,100,31,81,8.8,5.5,267452,Postgraduate,Yes,Hostel,No,5.59,7,4,9.43
STU102853,20,Female,8,DS,76,5.8,50,50,84,5.8,4.6,242015,School,No,Hostel,No,5.52,2,2,8.21
STU102854,23,Female,3,CE,61,9.8,69,67,80,6.2,4.2,65693,None,Yes,Hostel,Yes,5.87,5,4,9.35
STU102855,19,Male,6,CSE,56,5.5,37,47,66,5.9,4.7,297869,School,No,Day Scholar,Yes,8.99,8,1,8.2
STU102856,22,Male,8,EEE,59,4.3,62,69,46,8.0,2.6,192922,Graduate,No,Hostel,No,9.47,4,1,7.4
STU102857,25,Male,3,DS,70,4.2,53,74,31,7.7,7.1,215826,Graduate,Yes,Day Scholar,No,7.19,3,1,7.45
STU102858,18,Male,3,CE,93,7.6,47,97,94,8.7,8.5,179247,Postgraduate,Yes,Day Scholar,No,5.04,8,4,9.59
STU102859,20,Female,8,IT,93,6.0,48,74,37,5.7,4.6,133093,None,Yes,Day Scholar,Yes,9.37,5,0,8.38
STU102860,21,Female,2,EEE,82,3.7,91,57,21,6.3,1.3,285462,School,Yes,Day Scholar,Yes,5.43,0,4,6.2
STU102861,19,Male,1,CSE,70,8.1,91,75,42,7.3,1.0,193136,None,Yes,Hostel,No,9.54,4,1,8.98
STU102862,23,Female,5,IT,82,5.2,47,35,96,7.6,2.9,186560,None,Yes,Hostel,No,7.85,2,0,8.76
STU102863,25,Male,4,CSE,53,1.5,85,52,54,6.1,0.5,290664,School,No,Hostel,No,8.59,4,3,7.28
STU102864,19,Male,1,IT,100,7.7,79,43,44,8.2,1.4,179434,None,No,Hostel,No,9.11,2,0,12
STU102865,21,Male,5,ECE,48,3.2,67,44,78,7.5,6.1,150585,None,No,Hostel,No,8.86,2,0,7.09
STU102866,24,Male,5,EEE,78,8.0,99,70,87,5.1,1.8,190149,None,No,Hostel,Yes,5.3,2,4,9.72
STU102867,19,Male,4,DS,65,5.1,60,31,21,6.4,1.5,280205,Graduate,Yes,Hostel,Yes,5.33,7,1,6.64
STU102868,24,Male,1,CSE,77,8.5,79,98,81,8.0,8.8,209113,Graduate,Yes,Day Scholar,No,5.18,4,2,10
STU102869,22,Female,6,IT,51,3.5,59,20,-10,6.8,2.6,190121,None,Yes,Hostel,Yes,7.69,6,3,7.02
STU102870,24,Male,4,ME,96,4.5,66,47,22,7.2,3.8,75760,Graduate,Yes,Hostel,No,6.85,0,0,6.47
STU102871,23,Male,3,CSE,46,1.9,N/A,89,88,7.5,5.1,254218,School,Yes,Day Scholar,Yes,6.8,7,1,7.64
STU102872,20,Female,4,DS,71,2.2,59,43,44,7.0,3.2,283419,None,Yes,Hostel,Yes,8.94,6,4,7.27
STU102873,18,Male,4,DS,74,8.4,94,55,78,6.6,2.2,81272,Postgraduate,Yes,Day Scholar,Yes,5.67,7,3,8.64
STU102874,19,Female,2,CSE,74,7.4,55,30,94,6.6,8.0,145411,Postgraduate,Yes,Hostel,No,5.64,0,0,8.33
STU102875,18,Male,4,ME,56,7.4,84,78,53,6.3,2.3,91596,School,Yes,Day Scholar,No,7.44,2,4,7.91
STU102876,21,Male,8,ECE,93,8.0,89,44,87,5.7,6.9,212283,Graduate,Yes,Hostel,No,9.16,7,4,10
STU102877,24,Male,6,CSE,90,4.1,93,85,45,6.5,7.6,159142,Postgraduate,Yes,Hostel,No,6.23,4,1,8.17
STU102878,23,Male,6,CE,52,7.5,37,42,86,8.6,4.9,156126,None,Yes,Hostel,Yes,7.64,8,1,8.64
STU102879,20,Female,8,ECE,75,3.5,49,88,86,4.8,1.0,159101,School,Yes,Day Scholar,Yes,7.84,8,2,8.86
STU102880,21,Female,4,ECE,78,1.8,43,96,64,5.7,5.9,27362,None,No,Day Scholar,No,8.98,5,1,7.41
STU102881,24,Female,3,IT,77,8.3,93,86,30,8.7,7.8,127034,Postgraduate,No,Day Scholar,Yes,5.24,0,2,7.49
STU102882,23,Male,4,EEE,80,3.0,43,55,50,5.8,3.7,26594,Graduate,No,Day Scholar,No,9.42,6,1,7.08
STU102883,25,Female,5,DS,55,2.2,99,78,66,6.9,7.7,281027,Graduate,Yes,Day Scholar,Yes,5.98,7,3,8.11
STU102884,21,Male,3,DS,49,0.8,85,71,39,8.7,8.1,220735,Postgraduate,Yes,Hostel,No,6.66,2,1,6.34
STU102885,25,Female,3,ME,59,4.7,38,73,80,6.6,3.7,65330,Graduate,No,Day Scholar,Yes,8.44,1,4,8.32
STU102886,21,Female,2,ECE,90,2.0,54,20,23,6.1,7.3,55412,School,Yes,Day Scholar,No,5.18,8,1,6.16
STU102887,21,Male,8,DS,85,3.1,54,31,38,7.5,0.5,226195,Graduate,Yes,Day Scholar,No,9.05,4,3,6.86
STU102888,23,Female,5,IT,52,7.5,78,78,70,8.1,5.5,181408,School,No,Day Scholar,No,8.09,3,4,8.31
STU102889,20,Male,1,DS,53,1.8,80,54,95,8.8,3.3,216709,Graduate,Yes,Hostel,Yes,9.46,6,0,8.29
STU102890,24,Male,2,ECE,51,5.3,45,74,51,4.7,7.7,236322,None,No,Hostel,No,9.03,6,1,7.86
STU102891,24,Female,7,ME,71,6.2,42,36,55,8.1,1.7,241500,School,Yes,Day Scholar,No,8.8,8,3,7.38
STU102892,21,Male,3,ME,74,4.4,93,93,36,4.0,3.7,277570,None,No,Day Scholar,Yes,7.47,4,4,7.59
STU102893,20,Female,1,CE,94,7.8,88,98,26,6.3,2.9,69795,School,Yes,Hostel,Yes,8.74,2,4,9.44
STU102894,18,Female,1,EEE,64,0.5,53,65,36,7.0,7.1,290321,None,No,Day Scholar,Yes,6.02,4,1,5.4
STU102895,22,Male,2,EEE,84,8.8,36,71,84,8.1,7.8,77744,School,Yes,Hostel,No,6.58,1,3,8.29
STU102896,20,Male,7,IT,85,5.2,75,85,65,7.3,1.0,78233,Graduate,Yes,Hostel,Yes,7.58,5,2,8.55
STU102897,24,Female,6,CSE,61,7.6,39,31,30,5.3,0.6,16485,Graduate,No,Day Scholar,No,7.08,8,0,6.68
STU102898,21,Male,3,IT,71,1.7,58,31,26,7.7,2.5,69406,None,Yes,Day Scholar,No,5.43,5,0,5.66
STU102899,20,Male,3,ME,84,3.9,82,26,36,eight,1.1,248330,Postgraduate,No,Day Scholar,No,7.28,7,0,7.13
STU102900,18,Male,1,DS,83,9.3,57,78,57,8.4,2.0,270466,None,No,Day Scholar,No,5.26,0,2,7.83
STU102901,22,Female,6,DS,59,6.4,90,38,58,6.8,5.0,134531,Graduate,Yes,Hostel,Yes,5.52,1,3,6.91
STU102902,23,Female,3,CE,63,3.8,35,45,22,7.7,1.4,267580,Postgraduate,Yes,Hostel,No,9.71,4,0,6.87
STU102903,21,Female,6,IT,81,7.5,86,68,63,6.0,2.8,129369,Graduate,Yes,Day Scholar,No,9.59,7,4,9.41
STU102904,24,Female,1,CSE,86,1.4,53,70,98,6.7,6.2,163423,Postgraduate,No,Hostel,No,9.66,0,1,8.09
STU102905,18,Female,2,IT,77,2.5,87,91,62,6.5,1.6,177842,Postgraduate,No,Hostel,Yes,6.1,6,4,7.84
STU102906,22,Male,5,EEE,53,8.4,51,89,97,7.4,1.0,173327,Postgraduate,No,Hostel,Yes,6.81,6,2,9.62
STU102907,19,Female,5,CSE,84,2.9,91,78,46,4.6,4.1,194001,None,Yes,Day Scholar,No,5.39,2,0,7.6
STU102908,18,Male,6,ME,67,5.4,41,100,85,5.6,1.6,193164,Postgraduate,No,Hostel,No,8.46,3,3,9.24
STU102909,21,Male,6,CE,86,3.4,90,93,32,7.1,3.2,167465,Postgraduate,Yes,Hostel,No,9.46,6,2,9.12
STU102910,22,Female,5,ME,74,5.0,39,95,76,7.3,0.9,15728,Postgraduate,No,Hostel,No,8.59,8,3,8.6
STU102911,22,Female,8,DS,48,2.4,45,27,41,5.1,5.1,226810,School,Yes,Day Scholar,No,7.48,0,4,4.33
STU102912,23,Male,5,ECE,63,0.2,53,82,29,6.5,5.3,288673,Grad,No,Day Scholar,No,5.11,2,3,5.5
STU102913,20,Female,4,EEE,65,1.0,91,53,88,6.0,4.7,137852,None,No,Day Scholar,No,6.62,-1,2,7.17
STU102914,22,Female,7,ECE,81,9.9,50,26,92,5.9,6.6,267433,Grad,No,Day Scholar,No,8.78,6,1,9.71
STU102915,25,Male,8,CE,65,3.6,93,75,60,5.1,6.3,299014,Postgraduate,No,Hostel,No,6.94,1,3,8.19
STU102916,22,Male,8,ME,52,6.9,36,25,25,5.9,2.0,256121,Postgraduate,Yes,Hostel,Yes,5.29,8,3,5.09
STU102917,20,Female,8,CE,64,9.7,61,68,38,6.0,2.4,68502,School,No,Hostel,Yes,7.87,3,2,7.78
STU102918,24,Male,8,CSE,88,0.4,35,20,79,6.9,8.4,294429,School,No,Day Scholar,Yes,7.12,3,4,5.78
STU102919,19,Female,3,EEE,67,9.9,92,21,59,6.6,1.6,121157,Postgraduate,No,Day Scholar,Yes,7.64,4,2,8.01
STU102920,22,Female,8,ME,71,7.9,51,28,59,6.6,3.1,18849,Postgraduate,Yes,Day Scholar,Yes,5.18,7,2,6.89
STU102921,18,Male,6,IT,47,4.6,52,99,33,6.6,1.6,95584,School,No,Hostel,No,7.31,1,3,6.66
STU102922,18,Male,6,CE,69,5.5,37,150,32,8.8,2.8,58017,School,No,Day Scholar,No,6.51,3,0,6.88
STU102923,20,Female,6,CSE,100,0.1,90,37,22,4.4,6.2,299708,Postgraduate,Yes,Day Scholar,No,8.81,1,1,6.03
STU102924,24,Female,8,CE,64,1.3,56,80,41,8.0,3.5,96058,Postgraduate,Yes,Hostel,Yes,7.31,2,4,7.13
STU102925,25,Male,3,DS,65,1.1,100,69,39,8.2,4.5,68670,Postgraduate,Yes,Day Scholar,No,6.9,1,2,7.05
STU102926,19,Female,2,ECE,85,6.3,81,65,70,6.6,1.6,180702,None,No,Day Scholar,Yes,8.71,3,2,9.29
STU102927,24,Male,6,CSE,78,4.3,35,66,52,6.8,2.5,210256,Graduate,No,Hostel,Yes,9.17,4,1,8.31
STU102928,21,Female,2,CE,52,1.0,60,69,32,7.3,4.9,232173,School,No,Day Scholar,No,9.6,7,4,6.07
STU102929,21,Female,7,IT,93,9.6,52,98,51,8.0,1.1,101190,Postgraduate,Yes,Hostel,Yes,7.41,5,0,9.34
STU102930,25,Male,3,CSE,60,3.6,86,70,21,4.2,5.0,149571,Graduate,Yes,Day Scholar,No,5.3,7,4,6.13
STU102931,19,Male,1,CSE,98,4.6,91,52,62,5.6,1.8,142731,School,Yes,Day Scholar,Yes,7.77,5,0,9.3
STU102932,22,Male,3,CSE,66,2.1,43,54,89,5.9,3.1,121044,Postgraduate,No,Hostel,Yes,7.34,4,2,7.63
STU102933,21,Male,2,CE,98,5.8,75,81,47,4.2,0.9,90006,School,Yes,Day Scholar,Yes,7.21,6,4,7.93
STU102934,23,Female,8,CE,75,1.1,50,87,31,6.0,1.2,269849,School,No,Day Scholar,No,8.38,6,0,7.47
STU102935,21,Male,3,ME,88,9.8,97,62,95,5.9,6.3,106625,School,Yes,Hostel,No,6.05,8,3,9.83
STU102936,24,Female,5,IT,58,0.3,81,26,44,5.0,2.4,121734,School,Yes,Day Scholar,No,5.49,2,2,6.18
STU102937,25,Female,2,ECE,86,2.8,46,78,26,5.1,5.4,203152,None,Yes,Day Scholar,No,6.23,8,1,6.81
STU102938,19,Female,6,EEE,67,0.6,75,66,61,8.4,3.4,290989,None,Yes,Day Scholar,No,9.35,8,2,8.36
STU102939,22,Female,1,ME,50,1.3,75,65,77,6.6,8.9,81798,School,Yes,Hostel,No,9.77,2,2,7.09
STU102940,25,Male,2,DS,81,3.5,69,66,66,8.4,3.7,217070,Grad,Yes,Day Scholar,No,6.71,1,1,8.07
STU102941,19,Female,1,IT,73,1.3,55,45,71,7.9,0.8,163953,None,No,Hostel,No,8.23,6,2,8.31
STU102942,21,Male,6,DS,95,5.3,73,99,20,8.5,0.5,145355,None,No,Day Scholar,Yes,6.46,5,3,8.71
STU102943,23,Male,6,EEE,51,5.8,44,33,80,5.8,7.7,202147,None,Yes,Hostel,No,5.68,1,0,6.91
STU102944,21,Female,7,EEE,71,4.4,88,94,41,8.5,6.8,295123,None,No,Day Scholar,No,5.06,6,2,8.14
STU102945,24,Female,5,ME,66,9.7,61,81,84,5.0,3.7,21934,Graduate,No,Day Scholar,Yes,8.15,3,0,9.06
STU102946,25,Female,9,EEE,59,9.8,49,42,88,6.1,9.0,218445,Graduate,No,Hostel,No,7.01,1,1,7.78
STU102947,18,Female,5,IT,81,8.9,84,69,60,8.8,4.3,281882,None,Yes,Hostel,Yes,9.35,7,4,9.91
STU102948,18,Female,3,ECE,80,8.0,47,46,96,6.3,1.6,120976,Postgraduate,No,Day Scholar,Yes,6.31,7,2,8.96
STU102949,23,Male,5,DS,82,2.9,41,22,20,7.6,6.2,146732,None,Yes,Hostel,Yes,8.33,6,3,5.1
STU102950,25,Male,1,CE,99,5.0,85,22,72,6.1,8.3,42395,Graduate,No,Day Scholar,No,8.95,6,3,8.74
STU102951,21,Female,6,DS,55,7.9,91,93,48,7.2,8.7,295005,Graduate,No,Day Scholar,No,9.04,3,2,8.69
STU102952,18,Female,2,ME,86,9.3,55,44,50,6.2,4.3,121758,None,No,Hostel,Yes,6.78,6,3,7.56
STU102953,24,Female,8,ECE,77,6.2,75,94,88,7.6,5.8,19848,None,Yes,Hostel,Yes,9.35,8,3,10
STU102954,19,Male,5,ME,66,3.9,45,26,60,4.1,7.2,222678,None,No,Hostel,No,6.75,1,2,6.59
STU102955,21,Male,8,DS,89,4.3,85,71,79,7.8,6.9,unknown,School,Yes,Hostel,Yes,6.35,3,0,8.61
STU102956,20,Female,8,ECE,46,8.7,73,63,37,4.2,0.9,96731,Graduate,Yes,Hostel,No,6.62,8,4,7.02
STU102957,18,Male,7,IT,85,0.6,54,69,100,5.1,2.0,30269,School,No,Hostel,Yes,9.24,1,4,8.66
STU102958,21,Male,8,ECE,65,2.9,85,30,44,7.9,3.7,188071,School,Yes,Day Scholar,No,6.79,4,4,6.27
STU102959,23,Male,7,ME,68,5.5,82,84,43,6.5,8.2,70665,Postgraduate,No,Hostel,Yes,7.95,2,4,7.39
STU102960,22,Female,3,CE,87,7.9,100,88,97,7.7,6.3,107203,School,No,Hostel,Yes,8.84,2,2,10
STU102961,25,Male,2,DS,79,5.5,58,56,74,8.0,8.0,21373,Postgraduate,No,Day Scholar,Yes,7.95,5,1,8.74
STU102962,20,Female,6,DS,75,4.9,77,76,70,4.7,5.0,88704,Graduate,No,Day Scholar,Yes,9.72,7,0,9.53
STU102963,24,male,3,EEE,93,8.2,96,95,64,8.0,1.5,44900,Graduate,Yes,Hostel,No,7.7,1,1,9.77
STU102964,22,Male,6,IT,85,7.2,75,34,90,6.8,1.7,unknown,None,No,Hostel,Yes,8.32,2,2,8.67
STU102965,24,Female,8,CE,98,9.9,65,22,69,7.9,4.7,216203,School,No,Hostel,No,5.72,4,0,8.46
STU102966,18,Female,7,ME,46,8.6,87,78,88,7.0,6.5,181306,Postgraduate,Yes,Day Scholar,Yes,9.52,2,0,9.94
STU102967,22,Male,5,CSE,71,4.4,64,71,70,4.4,7.1,101775,Graduate,No,Hostel,Yes,6.21,7,0,7.98
STU102968,20,Female,2,CE,88,5.8,72,32,89,7.6,0.7,162254,School,Yes,Day Scholar,No,8.42,8,3,9.46
STU102969,21,Female,5,CE,45,7.2,98,93,70,7.6,6.1,281772,Graduate,No,Day Scholar,Yes,8.5,0,3,8.91
STU102970,21,Female,6,EEE,99,0.0,54,58,88,8.0,1.3,20061,Graduate,No,Hostel,No,9.23,5,0,9.39
STU102971,24,Female,6,EEE,56,0.7,73,28,28,4.3,6.7,220701,Postgraduate,No,Day Scholar,Yes,9.55,0,2,5.37
STU102972,24,Male,8,IT,45,5.0,99,33,82,6.9,6.9,96318,Postgraduate,No,Day Scholar,Yes,6.76,0,0,8.04
STU102973,19,Male,8,ME,53,7.6,58,100,93,7.5,6.4,200378,None,No,Hostel,Yes,5.31,5,2,9.86
STU102974,20,Female,4,ECE,84,6.0,67,77,94,6.2,2.8,227799,Postgraduate,No,Day Scholar,No,9.1,2,4,10
STU102975,20,Male,1,ECE,60,1.1,79,73,76,4.4,8.9,168677,Graduate,No,Hostel,Yes,6.25,5,3,6.7
STU102976,19,Male,4,CSE,79,1.1,98,30,64,8.6,3.8,62572,School,No,Day Scholar,No,5.44,2,1,7.42
STU102977,23,Female,8,CE,66,8.6,87,23,93,8.5,8.1,131596,Postgraduate,Yes,Day Scholar,No,8.15,7,4,9.35
STU102978,22,Male,1,DS,50,7.6,95,71,25,6.7,6.0,126932,Graduate,No,Hostel,No,8.23,1,1,7.54
STU102979,21,Female,2,CSE,82,4.2,49,69,53,7.7,4.9,194960,School,Y,Hostel,No,8.65,4,4,8.38
STU102980,20,Female,5,DS,71,2.1,70,100,26,6.0,3.0,22772,Graduate,No,Day Scholar,Yes,6.74,7,2,7.6
STU102981,19,Female,6,ECE,73,4.7,67,24,89,6.8,8.0,236119,Postgraduate,No,Hostel,No,8.11,4,2,8.56
STU102982,18,Female,1,ECE,58,5.7,62,55,23,4.1,2.2,90472,School,Yes,Hostel,Yes,5.15,3,4,5.62
STU102983,21,Female,4,ECE,82,6.0,45,28,49,6.2,2.4,157371,School,No,Hostel,No,7.05,2,4,6.0
STU102984,23,Female,6,IT,69,4.1,82,82,97,5.3,5.1,43006,School,Yes,hostel,Yes,8.14,4,1,9.84
STU102985,19,Male,2,DS,86,1.6,78,35,71,8.8,3.8,48094,None,Yes,Hostel,No,5.29,6,3,8.21
STU102986,19,Female,4,CSE,45,8.4,80,21,100,7.0,1.4,174277,School,Yes,Day Scholar,No,5.77,0,3,7.5
STU102987,23,Female,8,ME,97,7.1,79,86,71,5.1,2.6,152108,School,Yes,Day Scholar,No,6.06,6,0,9.47
STU102988,21,Male,4,CSE,60,5.3,61,47,50,6.2,1.7,33228,Postgraduate,No,Day Scholar,No,11.5,2,2,7.45
STU102989,25,Female,3,IT,46,4.5,80,73,43,6.4,2.7,224337,Graduate,Yes,Day Scholar,Yes,8.83,2,1,8.2
STU102990,21,Male,1,ME,76,2.2,84,70,29,4.6,3.7,213923,None,No,Day Scholar,Yes,6.16,3,2,6.5
STU102991,24,Female,4,CSE,64,8.7,86,46,90,4.7,5.3,299202,Graduate,No,Day Scholar,No,6.31,8,1,9.07
STU102992,18,Female,4,CSE,93,-3,40,58,75,8.1,1.7,202900,Graduate,Yes,Hostel,No,9.5,0,1,8.52
STU102993,24,Male,8,CSE,84,7.9,96,25,53,6.9,6.8,179405,School,Yes,Day Scholar,No,6.51,4,2,7.58
STU102994,22,Male,5,CSE,58,1.5,43,81,57,6.2,3.6,275294,Graduate,No,Hostel,Yes,6.95,7,2,6.46
STU102995,21,Male,3,ME,62,0.5,92,71,42,6.3,2.4,232782,Graduate,No,Day Scholar,No,5.33,3,2,6.57
STU102996,23,Male,5,ECE,63,2.8,58,60,88,6.8,4.6,216758,Postgraduate,Yes,Hostel,Yes,5.91,-1,2,7.99
STU102997,25,Female,3,CE,95,3.0,74,95,85,6.2,2.2,242963,Graduate,No,Hostel,Yes,7.73,0,0,8.8
STU102998,19,male,6,CE,54,3.3,62,99,94,4.2,7.7,146494,None,No,Day Scholar,Yes,9.69,8,4,9.43
STU102999,20,Male,5,DS,75,5.0,81,47,74,5.4,5.9,286759,Postgraduate,Yes,Day Scholar,Yes,7.73,6,3,8.14
STU103000,24,Female,2,AI&ML,84,7.2,90,38,77,5.5,8.3,256287,Graduate,Yes,Hostel,No,6.88,1,4,8.46
STU103001,19,Male,5,CSE,64,0.5,94,28,39,6.6,5.7,297619,None,Yes,Day Scholar,Yes,8.21,5,4,5.84
STU103002,25,Female,1,CE,46,2.6,35,29,40,4.8,5.0,227162,Postgraduate,No,Day Scholar,Yes,8.84,4,1,5.22
STU103003,19,Male,3,CSE,92,7.6,47,29,73,4.2,2.6,81671,Postgraduate,No,Day Scholar,No,6.47,5,4,7.72
STU103004,23,Male,4,EEE,76,7.7,73,55,100,5.4,3.8,131123,School,No,Day Scholar,No,5.74,6,0,9.38
STU103005,22,Male,4,ME,85,2.9,98,46,24,8.5,,30203,None,No,Day Scholar,No,6.01,4,1,6.61
STU103006,19,Male,7,ME,91,5.2,58,24,90,7.9,4.6,104411,School,Yes,Hostel,Yes,5.71,7,0,8.12
STU103007,24,Male,6,ECE,92,3.5,95,89,96,5.5,2.9,251524,None,Yes,Day Scholar,No,6.86,4,4,9.56
STU103008,20,Male,7,IT,70,5.4,90,76,76,5.9,5.4,278609,None,No,Hostel,Yes,8.65,2,4,9.17
STU103009,23,Male,2,CSE,77,7.0,46,73,35,4.6,3.5,207561,Graduate,No,Day Scholar,No,6.6,8,2,8.03
STU103010,21,Female,3,EEE,89,5.0,48,87,94,8.3,5.0,226653,Graduate,No,Hostel,No,9.74,5,3,10
STU103011,24,Female,3,CSE,89,6.0,39,33,82,4.2,7.3,57004,Graduate,No,Hostel,Yes,8.26,5,2,7.21
STU103012,22,Female,8,CSE,82,7.0,93,53,33,7.7,1.3,68192,Postgraduate,Yes,Day Scholar,Yes,5.55,3,0,8.24
STU103013,19,Female,4,ECE,75,6.1,84,26,78,5.1,3.8,146551,School,Yes,Hostel,No,8.62,6,3,8.03
STU103014,19,Female,1,ME,79,0.3,96,64,71,6.7,3.0,119666,Graduate,No,Day Scholar,No,5.12,6,2,8.63
STU103015,19,Female,4,ME,86,5.6,52,40,84,5.9,4.3,34098,None,No,Day Scholar,No,5.96,6,1,8.39
STU103016,24,Female,3,ME,48,9.5,73,60,39,5.8,2.0,230724,Postgraduate,Yes,Hostel,Yes,8.38,2,0,7.98
STU103017,24,Male,6,DS,93,0.6,38,70,74,7.5,2.5,193972,None,No,Hostel,Yes,7.71,1,3,7.63
STU103018,22,Female,5,IT,55,0.3,45,100,76,7.3,5.7,78819,Graduate,Yes,Hostel,Yes,6.53,3,0,7.89
STU103019,21,Female,4,IT,99,6.2,84,71,87,6.3,6.7,30288,School,No,Hostel,No,5.17,2,2,9.63
STU103020,18,Female,8,ME,84,5.8,41,34,92,6.8,3.8,110864,School,Yes,Hostel,Yes,9.68,7,2,9.48
STU103021,23,Female,2,CE,58,7.1,72,29,44,8.0,0.8,79253,Graduate,Yes,Hostel,Yes,7.18,1,0,6.54
STU103022,25,Female,8,ME,87,8.4,42,86,28,8.6,2.5,173625,Graduate,Yes,Hostel,Yes,8.71,1,4,7.92
STU103023,18,Male,3,IT,48,0.9,87,78,45,6.8,8.4,113458,Postgraduate,No,Hostel,No,6.43,5,4,6.28
STU103024,19,Male,7,IT,89,2.2,48,69,52,6.5,6.6,71167,None,Yes,Hostel,Yes,5.72,0,1,6.36
STU103025,19,Male,4,AI&ML,95,5.7,82,46,86,6.7,8.0,78405,School,No,Day Scholar,No,8.04,6,2,9.69
STU103026,18,Female,8,IT,63,5.4,90,93,95,4.5,8.0,126368,Postgraduate,Yes,Hostel,Yes,6.11,0,2,8.95
STU103027,19,Male,3,IT,56,2.2,74,81,76,5.1,2.2,111585,None,No,Day Scholar,No,7.2,6,3,8.45
STU103028,21,Male,3,IT,52,0.7,84,95,65,7.4,3.0,62761,Graduate,No,Hostel,No,8.46,2,4,7.64
STU103029,25,Male,3,EEE,71,1.0,91,57,42,4.3,2.4,24731,Postgraduate,No,Hostel,No,6.34,7,0,7.65
STU103030,19,Male,4,DS,87,2.9,36,83,36,7.1,8.1,262200,Graduate,No,Day Scholar,Yes,8.79,2,0,7.42
STU103031,19,Male,8,ECE,45,8.4,58,20,70,5.7,1.4,60063,Graduate,No,Day Scholar,Yes,7.38,8,1,8.07
STU103032,22,Female,5,EEE,75,9.7,97,92,36,5.0,1.7,134819,Graduate,Yes,Hostel,Yes,5.26,8,0,9.07
STU103033,22,Female,2,ME,51,5.6,36,73,71,4.7,5.4,290418,None,No,Hostel,Yes,6.56,8,2,6.82
STU103034,25,Female,3,ME,51,5.4,50,95,65,6.3,8.7,226315,Graduate,No,Day Scholar,Yes,7.08,1,1,7.41
STU103035,21,Female,7,CSE,77,4.0,76,71,93,8.6,1.3,160705,None,No,Hostel,Yes,7.73,1,2,8.55
STU103036,22,Female,1,ECE,68,7.1,43,63,88,6.0,1.9,90082,Graduate,Yes,Day Scholar,No,8.0,5,2,8.81
STU103037,24,Male,5,DS,83,5.9,82,94,33,7.8,7.6,153867,School,No,Day Scholar,No,8.84,7,3,8.82
STU103038,23,Female,6,EEE,99,7.4,77,100,24,5.7,7.7,203996,Graduate,No,Day Scholar,No,6.16,4,4,8.0
STU103039,19,Female,1,IT,73,9.4,41,45,41,6.8,8.3,212109,None,Yes,Hostel,Yes,7.8,3,2,7.16
STU103040,19,Male,2,EEE,77,0.1,83,96,31,6.1,5.2,214770,None,Yes,Day Scholar,No,8.49,6,4,7.34
STU103041,18,Male,7,CSE,66,3.2,77,27,24,6.9,4.0,166756,None,Yes,Hostel,No,8.37,8,2,5.9
STU103042,19,Male,6,CSE,95,8.0,36,36,73,7.7,4.4,134473,School,No,Hostel,Yes,7.81,5,0,8.53
STU103043,24,Female,1,DS,79,5.2,48,75,63,7.2,7.4,45297,Postgraduate,Yes,Day Scholar,No,9.29,5,4,8.89
STU103044,25,Male,5,CSE,50,4.1,54,36,72,8.9,4.8,191602,School,No,Hostel,Yes,6.24,7,2,7.3
STU103045,25,Female,4,DS,76,5.3,53,45,23,4.1,5.4,274477,School,Yes,Day Scholar,No,5.9,4,2,5.5
STU103046,22,Male,2,DS,46,3.2,53,79,47,5.9,8.3,26128,School,No,Day Scholar,Yes,7.15,2,1,7.22
STU103047,20,Female,7,DS,88,9.2,61,60,62,8.1,4.0,279320,Graduate,No,Day Scholar,No,9.13,2,1,8.52
STU103048,25,Male,1,DS,54,2.7,76,23,96,5.1,7.5,228417,Postgraduate,Yes,Day Scholar,No,6.17,7,4,6.73
STU103049,19,Female,6,CSE,66,9.1,66,83,29,8.9,5.9,63223,School,Yes,Day Scholar,No,6.94,7,0,8.99
STU103050,23,Male,2,ME,79,5.5,45,82,48,6.5,4.0,17520,None,Yes,Hostel,No,7.73,7,4,7.76
STU103051,22,Female,3,ME,92,1.8,80,57,60,4.2,1.3,140846,Postgraduate,Yes,Day Scholar,No,9.57,-1,1,8.75
STU103052,22,Male,4,ECE,53,1.1,77,62,69,7.5,2.2,211896,Postgraduate,No,Day Scholar,Yes,9.21,8,1,7.68
STU103053,18,Male,4,CE,96,2.5,60,63,82,5.5,3.0,272750,Postgraduate,Yes,Hostel,No,6.85,0,4,7.88
STU103054,18,Female,3,EEE,95,8.9,55,84,71,6.3,7.9,153591,School,No,Day Scholar,No,5.85,5,2,9.56
STU103055,25,Male,1,DS,73,2.8,73,79,40,6.3,0.9,151169,School,Yes,Hostel,Yes,7.67,2,3,7.58
STU103056,24,Male,1,CE,84,2.8,41,89,20,8.3,9.0,206739,Graduate,No,Hostel,No,6.45,7,0,6.48
STU103057,24,Male,5,CSE,46,0.3,41,28,98,5.7,2.9,226826,School,Yes,Hostel,Yes,5.93,0,4,5.21
STU103058,20,Female,4,ECE,93,8.3,89,28,81,7.5,7.2,98284,Postgraduate,Yes,Day Scholar,No,7.57,1,2,9.6
STU103059,25,Male,1,EEE,62,7.3,51,79,23,7.5,4.4,237001,Postgraduate,No,Day Scholar,Yes,9.31,4,4,6.97
STU103060,21,Male,4,CSE,96,7.8,75,98,81,6.3,7.5,289704,Postgraduate,No,Hostel,No,5.48,3,0,9.99
STU103061,20,Female,2,ME,86,4.0,86,95,66,4.6,3.0,220254,School,Yes,Hostel,No,8.64,2,3,9.55
STU103062,22,Female,1,DS,70,8.5,84,77,93,7.2,8.5,42416,School,No,Hostel,Yes,5.1,8,3,9.34
STU103063,20,Male,2,CSE,86,7.6,58,78,63,4.6,5.9,81234,Postgraduate,Yes,Hostel,Yes,8.95,8,1,9.31
STU103064,24,Male,3,ME,99,8.1,52,38,84,5.2,4.7,46802,Postgraduate,No,Day Scholar,No,7.54,1,4,8.04
STU103065,21,Female,4,CE,65,4.7,45,88,25,7.9,8.7,81169,None,No,Day Scholar,Yes,6.82,1,0,6.27
STU103066,23,Male,4,ECE,49,7.8,89,26,73,4.3,0.6,182581,School,Yes,Day Scholar,No,7.68,8,0,8.75
STU103067,20,Male,6,CSE,88,2.5,52,79,46,6.6,3.6,29962,Postgraduate,No,Day Scholar,Yes,7.33,3,3,6.81
STU103068,24,Female,7,EEE,97,2.6,43,57,73,6.6,7.2,85517,Graduate,No,Day Scholar,Yes,6.79,5,2,7.15
STU103069,22,Male,3,CSE,94,5.9,96,41,66,4.1,2.3,153135,Graduate,Yes,Hostel,Yes,7.51,8,1,8.3
STU103070,25,Male,4,ME,75,1.5,75,91,20,5.1,1.9,31213,Postgraduate,No,Day Scholar,No,9.34,1,1,6.56
STU103071,23,Female,4,DS,66,2.6,79,91,70,7.4,2.1,261728,Postgraduate,No,Day Scholar,Yes,8.9,0,0,8.79
STU103072,19,Male,3,EEE,94,1.7,48,64,87,7.4,4.9,49744,Graduate,Yes,Day Scholar,No,9.78,5,2,9.34
STU103073,21,Male,6,DS,99,5.0,97,89,33,8.0,4.0,96371,School,Yes,Hostel,Yes,8.43,2,3,8.95
STU103074,18,Female,7,IT,93,6.6,97,26,23,6.9,6.1,100062,School,Yes,Hostel,No,8.01,7,2,8.1
STU103075,21,Female,6,ECE,73,3.2,83,31,66,4.2,8.4,37479,Postgraduate,Yes,Hostel,Yes,5.58,5,4,6.33
STU103076,25,Male,1,CSE,95,2.5,56,46,26,8.5,5.0,130620,Postgraduate,Yes,Day Scholar,No,5.46,5,0,6.67
STU103077,18,Male,3,DS,70,4.2,60,69,47,5.7,6.0,129886,Postgraduate,No,Hostel,No,7.2,2,4,6.61
STU103078,23,Male,3,EEE,92,3.9,77,75,26,6.7,7.1,202362,Graduate,No,Hostel,Yes,5.68,4,4,7.01
STU103079,18,Female,1,CE,69,5.0,75,67,39,8.2,1.6,30271,None,No,Day Scholar,No,7.27,2,3,7.04
STU103080,23,Female,1,ME,56,6.4,40,71,85,7.2,8.5,44101,Postgraduate,Yes,Day Scholar,Yes,9.72,5,2,8.71
STU103081,20,Male,5,ECE,61,2.4,68,98,32,5.4,5.7,105011,School,Yes,Hostel,No,5.38,6,0,6.4
STU103082,18,Female,7,CE,46,5.6,90,38,22,8.0,4.8,111710,Grad,Yes,Hostel,No,9.69,7,0,6.88
STU103083,23,Female,1,IT,95,1.7,N/A,37,96,4.5,0.5,20324,None,Yes,Hostel,No,6.41,6,1,8.78
STU103084,25,Female,5,EEE,59,4.1,54,81,33,6.2,3.1,27084,Postgraduate,Yes,Hostel,No,6.3,3,0,6.38
STU103085,22,Male,8,EEE,86,1.5,64,90,22,8.6,2.8,69693,None,Yes,Hostel,Yes,8.38,2,0,7.97
STU103086,24,Female,4,CE,75,7.4,83,23,83,8.0,3.4,174745,None,No,hostel,No,6.17,5,4,8.72
STU103087,23,Male,3,DS,56,6.1,63,79,35,5.8,7.7,15891,Postgraduate,Yes,Hostel,Yes,7.61,7,2,8.1
STU103088,21,Female,2,IT,68,9.5,56,42,48,5.3,1.0,203750,Postgraduate,Yes,Day Scholar,Yes,6.23,8,4,7.67
STU103089,23,Female,4,CE,56,7.2,41,29,98,6.6,8.7,268557,None,Yes,Day Scholar,Yes,8.25,2,3,8.08
STU103090,18,Male,4,DS,69,5.4,96,43,21,7.8,1.2,157507,Postgraduate,Yes,Hostel,Yes,7.79,1,2,7.72
STU103091,22,Male,4,IT,62,3.0,90,82,57,6.9,5.0,224222,Postgraduate,No,Hostel,Yes,5.21,1,4,7.49
STU103092,18,Female,7,CE,99,4.0,42,77,70,6.6,5.9,106964,School,Yes,Hostel,Yes,6.41,1,3,7.97
STU103093,25,Male,7,IT,99,1.8,72,76,93,5.8,4.8,39079,Graduate,No,Day Scholar,No,6.3,1,4,8.51
STU103094,20,Male,3,ME,82,5.4,87,78,56,7.5,5.9,261272,None,Yes,Hostel,No,7.35,5,2,9.16
STU103095,21,Female,5,ECE,53,1.6,88,28,78,5.6,3.8,84991,None,Yes,Day Scholar,Yes,8.5,7,1,7.29
STU103096,24,Female,2,CE,47,2.1,44,51,64,7.3,4.1,178463,None,Yes,Hostel,No,6.89,7,3,6.24
STU103097,25,Male,2,IT,59,4.2,94,57,56,5.4,5.4,175538,Postgraduate,No,Day Scholar,No,8.75,2,2,7.07
STU103098,24,Male,4,DS,65,5.6,52,22,94,6.2,5.9,237112,Postgraduate,No,Day Scholar,No,7.64,6,0,8.65
STU103099,24,Female,2,EEE,61,4.1,90,37,92,7.2,5.0,72201,None,Yes,Hostel,Yes,5.7,4,2,8.06
STU103100,20,Female,6,ECE,45,7.6,46,87,100,5.6,7.4,135366,None,Yes,Day Scholar,No,5.9,1,0,8.32
STU103101,24,Male,8,IT,71,9.1,50,61,49,4.7,2.4,156412,None,No,Day Scholar,No,5.96,5,1,7.12
STU103102,19,Male,3,EEE,72,9.9,97,82,40,6.8,0.7,106365,None,No,Day Scholar,No,8.36,7,1,9.17
STU103103,20,Female,3,IT,83,7.6,39,23,26,5.7,4.5,297776,Postgraduate,Yes,Hostel,Yes,9.37,7,1,6.75
STU103104,23,Female,5,CSE,52,6.2,73,38,57,6.3,4.5,22018,School,No,Day Scholar,No,5.29,6,2,7.52
STU103105,18,Female,3,ECE,99,4.9,43,83,62,4.7,0.9,23898,Postgraduate,No,Day Scholar,Yes,8.52,8,3,9.17
STU103106,19,Female,6,ME,80,5.3,40,39,100,8.7,3.6,291601,Postgraduate,Yes,Day Scholar,No,5.9,8,4,8.43
STU103107,21,Male,2,CSE,88,6.0,84,46,70,7.2,2.0,50997,None,Yes,Day Scholar,Yes,5.94,7,3,8.41
STU103108,19,Male,7,ECE,81,2.1,41,55,51,7.4,3.1,102773,Graduate,Yes,Day Scholar,No,6.34,3,0,7.15
STU103109,19,Female,1,DS,94,6.4,98,95,44,7.4,1.9,267372,School,Yes,Day Scholar,Yes,8.71,4,0,9.48
STU103110,21,Male,3,ECE,77,4.9,66,72,31,5.2,1.0,163668,Postgraduate,Yes,Hostel,Yes,6.87,1,2,7.66
STU103111,24,Male,7,CE,85,4.4,83,75,66,5.5,8.0,98232,None,No,Day Scholar,Yes,5.72,8,3,8.49
STU103112,20,Male,6,ECE,70,5.7,98,85,56,6.7,0.9,241532,Graduate,No,Hostel,Yes,5.48,3,3,9.06
STU103113,24,Female,5,EEE,78,6.6,89,26,64,8.8,7.4,292995,Graduate,Yes,Day Scholar,Yes,5.55,0,3,7.0
STU103114,21,Male,3,ME,98,0.9,77,30,89,8.0,1.4,27804,Postgraduate,No,Day Scholar,Yes,9.19,1,4,7.98
STU103115,18,Female,1,DS,52,1.5,93,94,67,8.4,5.2,173522,Postgraduate,No,Day Scholar,Yes,8.01,2,2,8.71
STU103116,21,Female,7,DS,52,5.9,68,44,88,4.6,3.9,46744,School,Yes,Hostel,Yes,8.64,4,2,8.6
,18,Male,3,DS,61,2.2,90,44,20,7.8,2.4,166810,Postgraduate,Yes,Day Scholar,Yes,9.71,5,1,6.84
STU103118,18,Female,3,CE,67,10.0,93,49,60,5.8,6.1,39647,Graduate,Yes,Hostel,No,9.61,5,4,9.48
STU103119,21,Female,1,ME,54,9.8,58,61,62,7.1,1.1,263398,School,Yes,Hostel,Yes,9.18,7,4,9.13
STU103120,20,Female,7,CSE,70,8.5,81,72,91,7.1,1.4,31355,Graduate,Yes,Hostel,No,8.53,2,2,10
STU103121,19,Male,6,AI&ML,64,8.7,70,37,27,6.0,4.2,90092,School,Yes,Hostel,Yes,6.06,1,0,6.98
STU103122,21,Female,3,CE,93,3.1,99,63,54,4.7,2.1,49475,School,No,Hostel,Yes,5.65,6,0,8.37
STU103123,24,Male,8,ECE,76,3.5,76,54,98,4.9,4.8,64516,Graduate,Yes,Day Scholar,Yes,9.22,6,1,9.39
STU103124,19,Male,6,IT,92,0.6,66,87,95,8.6,0.9,31562,Graduate,Yes,Hostel,No,5.87,3,4,9.38
STU103125,23,Female,3,ECE,55,6.3,46,59,37,7.9,6.4,261871,Graduate,No,Day Scholar,No,9.4,6,3,7.76
STU103126,19,Male,3,ME,70,1.5,58,62,86,4.6,3.2,100420,None,Yes,Day Scholar,No,6.81,6,0,8.49
STU103127,23,Female,6,DS,58,8.0,94,61,57,6.4,6.3,265992,School,Yes,hostel,Yes,6.43,5,3,7.81
STU103128,24,Male,8,CSE,52,3.7,43,35,73,8.7,0.7,220527,Graduate,No,Hostel,Yes,7.32,0,4,5.94
STU103129,24,Female,2,IT,49,6.8,76,20,25,4.2,5.7,259600,Postgraduate,No,Day Scholar,No,8.23,5,3,6.78
STU103130,23,Female,8,ECE,95,6.0,88,51,23,8.1,2.3,190270,School,No,Day Scholar,No,7.0,6,3,7.94
STU103131,24,Male,4,CSE,45,1.8,99,79,53,4.9,5.6,189393,School,Yes,Hostel,Yes,6.86,8,1,7.42
STU103132,22,Male,7,DS,73,2.0,57,35,58,7.0,5.2,113747,Postgraduate,Yes,Hostel,No,8.21,6,2,6.63
STU103133,21,Male,1,DS,61,8.2,84,66,83,6.6,2.3,275032,Postgraduate,Yes,Hostel,Yes,6.38,8,0,9.97
STU103134,25,Male,4,AI&ML,93,9.1,44,47,100,5.2,5.8,284981,None,Yes,Hostel,No,5.72,5,2,8.75
STU103135,23,Male,2,ECE,78,10.0,64,85,39,5.4,3.5,58707,School,No,Hostel,Yes,5.07,2,0,7.79
STU103136,25,Female,2,EEE,55,3.3,61,41,94,6.8,4.3,159431,None,Yes,Day Scholar,Yes,6.09,7,1,8.0
STU103137,20,Male,7,ECE,76,0.9,60,46,91,8.8,8.9,175223,Postgraduate,No,Hostel,Yes,5.78,3,4,7.02
STU103138,25,Male,3,EEE,82,9.6,50,70,31,7.6,5.4,247519,Graduate,Yes,Day Scholar,Yes,5.18,5,0,8.03
STU103139,23,Female,5,EEE,55,4.4,92,21,67,5.1,1.4,88430,Graduate,No,Day Scholar,No,9.46,2,1,7.73
STU103140,18,Male,3,CE,48,7.4,48,84,41,6.9,3.6,258434,Graduate,No,Hostel,Yes,6.69,0,0,6.92
STU103141,21,Female,7,CE,100,1.8,66,46,24,4.6,1.9,42195,School,No,Day Scholar,No,9.5,4,2,6.77
STU103142,22,Male,5,CE,95,4.6,78,65,36,5.5,5.8,51539,None,Yes,Day Scholar,Yes,6.18,0,2,7.04
STU103143,25,Male,4,EEE,68,6.7,50,93,66,6.4,1.9,144482,None,No,Day Scholar,Yes,6.15,6,4,8.65
STU103144,23,Male,8,ECE,63,2.2,68,85,52,6.5,4.4,180065,None,No,Day Scholar,No,6.55,6,1,7.61
STU103145,25,Female,6,CE,92,2.7,40,54,29,8.6,4.7,129918,School,Yes,Day Scholar,Yes,9.74,4,1,6.44
STU103146,22,Male,6,DS,73,5.2,42,76,39,5.7,7.1,297214,None,No,Hostel,Yes,5.51,1,1,6.52
STU103147,19,Male,3,IT,54,4.4,63,61,28,6.5,1.1,35242,Postgraduate,Yes,Day Scholar,No,9.37,8,2,6.74
STU103148,20,Female,2,CE,45,0.4,83,34,99,7.2,1.3,65019,None,Yes,Day Scholar,No,9.22,0,0,8.21
STU103149,23,Female,2,CSE,100,4.4,36,62,75,eight,7.7,226255,School,No,Day Scholar,No,5.01,5,2,7.21
STU103150,21,Female,1,CSE,65,9.0,48,70,24,8.2,2.6,257434,Graduate,Yes,Day Scholar,Yes,6.89,3,2,7.92
STU103151,18,Male,6,IT,70,8.9,41,93,58,8.5,4.6,95927,None,Yes,Day Scholar,No,7.1,6,1,9.31
STU103152,23,Female,2,CE,45,3.8,72,75,32,6.3,7.7,237569,Graduate,Yes,Hostel,No,6.23,3,0,6.11
STU103153,24,Female,5,IT,100,5.8,95,66,48,7.5,3.9,265133,None,No,Hostel,No,7.77,8,3,9.26
STU103154,20,Female,5,CE,97,3.3,59,42,62,8.0,5.7,203070,School,No,Day Scholar,Yes,5.9,3,0,8.13
STU103155,23,Female,8,IT,58,7.4,49,82,50,4.6,3.4,26273,Graduate,No,Hostel,Yes,8.15,2,3,7.33
STU103156,20,Male,3,DS,50,0.5,41,86,99,5.2,0.5,223617,None,Yes,Hostel,No,5.9,5,3,7.84
STU103157,24,Male,4,DS,89,4.7,92,89,36,4.2,7.8,203124,Graduate,Yes,Day Scholar,No,8.6,5,2,7.93
STU103158,20,Female,4,CSE,60,8.7,64,75,24,5.2,2.9,234569,School,No,Day Scholar,No,5.23,4,2,7.55
STU103159,24,Female,1,ECE,83,8.7,90,98,66,8.6,5.0,274607,Graduate,No,Day Scholar,Yes,6.18,6,0,9.91
STU103160,25,Male,3,CSE,86,5.6,46,37,74,4.3,6.3,160653,None,Yes,Hostel,Yes,6.79,1,2,7.17
STU103161,22,Female,9,IT,98,1.0,44,31,65,6.1,3.8,218374,None,Yes,Hostel,Yes,9.44,1,0,7.19
STU103162,20,Female,6,ME,96,1.0,55,21,40,7.8,1.7,217143,Graduate,No,Day Scholar,No,8.37,1,2,6.71
STU103163,20,Female,5,CSE,82,9.4,82,33,75,6.5,4.0,163574,Postgraduate,Yes,Day Scholar,No,6.45,7,2,9.56
STU103164,18,Female,3,CE,57,2.9,84,77,23,4.1,5.3,197865,School,Yes,Day Scholar,Yes,9.18,0,1,6.19
STU103165,18,Male,2,DS,45,1.2,50,66,39,8.6,7.8,152186,Postgraduate,No,Hostel,No,6.43,0,3,5.93
STU103166,24,Female,7,CE,88,7.5,70,24,84,8.8,3.4,158746,Postgraduate,Yes,Hostel,No,7.3,8,4,8.63
STU103167,19,Female,2,ME,88,1.2,99,81,35,8.4,3.4,157478,None,Yes,Hostel,Yes,6.89,7,4,7.42
STU103168,19,Male,2,CE,88,4.8,62,23,38,5.5,7.8,208528,Graduate,Yes,Day Scholar,No,9.53,1,3,6.47
STU103169,23,Female,8,EEE,82,2.2,36,55,21,4.8,7.0,130893,Postgraduate,No,Day Scholar,Yes,9.17,5,0,5.45
STU103170,19,Female,7,EEE,81,6.5,97,85,74,8.3,3.9,58671,None,No,Hostel,Yes,11.5,8,1,10
STU103171,23,Female,7,DS,85,6.3,77,89,34,8.3,2.0,229237,Postgraduate,Yes,Hostel,Yes,6.89,8,0,8.53
STU103172,25,Female,8,ME,54,0.7,38,98,57,7.6,1.3,32180,None,Yes,Hostel,Yes,6.29,4,2,7.12
STU103173,22,Male,7,CSE,61,9.7,53,20,63,4.2,2.7,41036,School,No,Day Scholar,Yes,5.06,0,0,7.15
STU103174,25,Male,4,ECE,70,4.0,66,37,54,5.2,7.2,218300,Postgraduate,No,Hostel,No,7.21,4,1,6.94
STU103175,24,Female,1,ECE,58,2.4,85,78,26,6.1,2.6,29054,Graduate,Yes,Day Scholar,No,5.32,8,4,7.01
STU103176,25,Male,1,IT,65,2.7,66,95,58,7.6,5.0,230182,Postgraduate,Yes,Day Scholar,No,9.43,3,0,8.6
STU103177,20,Male,7,CSE,65,3.5,64,59,22,7.1,6.3,249192,Graduate,Yes,Hostel,Yes,8.86,3,1,6.51
STU103178,23,Male,2,EEE,62,3.2,36,36,34,4.7,7.1,22664,School,Yes,Hostel,Yes,6.18,1,2,4.69
STU103179,20,Female,3,CSE,76,8.4,51,46,86,9.0,8.8,55419,Graduate,Yes,Day Scholar,Yes,8.33,4,1,9.4
STU103180,25,Female,7,ECE,97,6.0,43,93,39,8.7,0.7,193619,None,Yes,Hostel,Yes,7.27,6,4,8.28
STU103181,19,Female,5,ECE,92,5.6,51,41,67,6.6,4.0,135947,Postgraduate,No,Day Scholar,No,8.32,3,4,8.55
STU103182,23,Male,5,EEE,72,7.2,89,100,73,8.7,6.3,127194,Graduate,No,Day Scholar,Yes,7.35,4,0,10
STU103183,18,Female,6,ECE,92,2.8,38,66,78,9.0,2.4,284457,Postgraduate,No,Hostel,,7.14,3,4,7.99
STU103184,24,Male,1,EEE,64,4.3,77,39,29,6.5,2.3,277481,School,No,Day Scholar,Yes,6.56,0,2,6.5
STU103185,18,Female,6,IT,52,0.2,66,34,82,8.2,1.6,223269,Postgraduate,No,Hostel,No,5.62,1,2,6.29
STU103186,20,Female,8,ECE,46,8.2,78,54,21,6.7,6.0,116664,Postgraduate,No,Day Scholar,No,7.85,5,1,6.44
STU103187,24,Female,8,CSE,45,8.4,78,85,59,7.1,7.0,67942,Graduate,Yes,Day Scholar,Yes,7.95,3,0,9.04
STU103188,18,Male,4,ECE,97,4.9,46,33,88,7.1,3.9,190925,School,No,Hostel,No,6.57,1,2,7.41
STU103189,23,Female,1,CE,71,2.7,50,92,87,7.3,3.0,153903,None,Yes,Day Scholar,Yes,5.83,3,0,9.08
STU103190,21,Female,8,IT,51,0.2,51,64,23,4.2,1.1,291057,Graduate,Yes,Hostel,No,6.57,8,1,5.35
STU103191,25,Male,3,CSE,55,7.9,52,40,-10,8.0,5.4,184856,None,Yes,Day Scholar,No,5.95,0,2,6.84
STU103192,24,Male,4,EEE,76,8.1,73,85,51,6.1,4.2,56057,Postgraduate,No,Hostel,Yes,5.38,2,2,7.64
STU103193,21,Female,4,ECE,92,8.3,44,52,71,6.6,6.2,123358,School,No,Hostel,No,6.25,5,4,8.75
STU103194,24,Male,7,CSE,62,9.6,78,49,50,5.8,2.8,243409,Postgraduate,No,Hostel,Yes,7.64,3,4,7.73
STU103195,21,Male,2,EEE,61,4.9,76,88,28,5.8,7.7,85003,School,No,Hostel,Yes,8.25,7,4,7.07
STU103196,22,Male,2,IT,86,7.9,55,53,20,7.2,3.4,206663,Postgraduate,Yes,Day Scholar,Yes,8.45,3,1,8.15
STU103197,19,Male,8,CE,90,6.3,92,50,66,5.8,1.1,296755,Graduate,No,Hostel,No,6.45,4,4,9.01
STU103198,22,Female,1,IT,96,2.3,48,57,72,7.3,3.2,67977,School,No,Day Scholar,No,7.03,5,1,7.4
STU103199,25,Female,3,ME,88,5.9,38,29,60,4.5,1.7,285170,Graduate,No,Day Scholar,Yes,9.4,6,4,7.41
STU103200,25,Male,4,EEE,93,6.4,72,25,72,8.4,2.0,160865,None,Yes,Hostel,No,5.63,1,4,7.51
STU103201,24,Female,3,IT,98,7.4,51,83,93,5.0,6.1,190126,School,No,Day Scholar,No,7.28,6,2,9.23
STU103202,21,Male,3,DS,72,3.8,98,96,24,7.6,7.5,278428,Graduate,No,Day Scholar,No,5.53,4,4,8.1
,18,Female,1,CSE,68,9.4,94,35,47,7.2,4.0,189241,School,Yes,Hostel,Yes,9.43,3,1,8.41
STU103204,21,Female,1,ECE,67,7.1,89,85,58,4.5,4.6,236983,School,Yes,Day Scholar,Yes,5.52,7,1,9.18
STU103205,19,Male,2,EEE,83,6.5,67,58,97,5.3,4.4,216321,None,Yes,Day Scholar,Yes,7.86,6,2,8.95
STU103206,20,Female,4,IT,60,9.3,39,94,65,8.2,6.7,181540,None,Yes,Day Scholar,No,6.76,1,0,8.41
STU103207,24,Female,7,ME,45,3.2,67,92,97,6.7,1.2,248485,School,No,Hostel,Yes,7.98,4,4,8.8
STU103208,19,Female,6,EEE,98,3.8,65,25,24,6.3,8.0,101183,None,No,Day Scholar,Yes,6.21,1,1,6.17
STU103209,20,Female,8,IT,94,4.9,54,55,29,7.9,5.9,224970,None,Yes,Day Scholar,No,9.79,7,3,7.71
STU103210,25,Male,6,EEE,94,1.6,78,77,80,8.1,7.7,170366,Postgraduate,Yes,Hostel,No,8.03,1,3,8.05
STU103211,25,Female,5,ME,73,7.2,45,97,49,4.8,4.9,182379,School,No,Hostel,Yes,6.8,0,1,7.17
STU103212,19,Male,1,ME,69,3.7,65,46,44,5.4,1.5,199174,Postgraduate,Yes,Hostel,No,8.13,5,2,7.18
STU103213,25,Male,5,ECE,61,6.4,77,27,51,8.8,8.4,75005,School,No,Day Scholar,No,9.34,7,0,8.11
STU103214,19,Female,7,IT,85,9.0,43,47,41,8.5,2.8,126902,School,Yes,Hostel,No,5.16,5,1,8.01
STU103215,25,Male,8,CSE,83,1.7,75,89,63,7.3,6.4,293519,None,Yes,Hostel,Yes,7.92,4,?,9.18
STU103216,21,Male,6,IT,58,6.4,36,59,55,7.6,5.9,257305,School,Yes,Hostel,Yes,7.14,7,0,7.87
STU103217,23,Male,5,IT,99,6.3,61,35,59,6.3,7.5,59146,Postgraduate,Yes,Day Scholar,No,5.86,1,0,7.44
STU103218,25,Male,1,ME,100,4.0,83,68,22,8.5,2.8,85617,Graduate,No,Hostel,No,8.62,4,0,7.8
STU103219,22,Female,6,CE,67,8.2,67,27,29,8.4,2.5,46124,Postgraduate,No,Hostel,Yes,6.38,8,2,7.9
STU103220,24,Female,6,ECE,89,8.9,96,29,22,6.0,8.6,67892,School,No,Hostel,Yes,9.65,4,2,8.08
STU103221,20,Male,8,IT,,9.7,47,97,22,8.2,2.8,189094,School,No,Day Scholar,Yes,8.24,6,0,7.95
STU103222,18,Female,8,DS,46,1.9,43,29,58,5.9,5.5,125927,None,Yes,Hostel,No,5.98,1,3,4.84
STU103223,20,Female,7,IT,61,8.2,70,99,29,6.1,4.4,156711,Graduate,No,Day Scholar,Yes,6.83,4,4,7.24
STU103224,25,Female,3,CSE,97,2.3,48,35,30,7.1,5.9,256633,None,No,Hostel,No,9.43,0,2,6.36
STU103225,25,Male,5,CSE,53,5.9,47,67,68,6.0,1.6,156236,Graduate,No,Day Scholar,No,9.31,0,4,7.23
STU103226,18,Male,4,ECE,88,9.1,53,37,26,5.0,0.6,88010,Graduate,No,Hostel,Yes,6.29,1,0,7.57
STU103227,24,Female,7,EEE,82,8.2,68,83,23,4.4,5.0,251072,None,Yes,Hostel,No,8.43,3,0,7.53
STU103228,22,Female,2,IT,85,2.2,91,100,85,8.1,8.5,unknown,None,Yes,Day Scholar,Yes,5.31,3,1,9.17
STU103229,23,Male,6,IT,56,4.3,95,87,60,8.4,4.6,127041,School,No,Day Scholar,No,7.97,-1,3,9.09
STU103230,19,Female,5,ECE,100,0.4,44,26,63,8.0,5.5,168235,School,Yes,Day Scholar,No,9.12,7,4,7.42
STU103231,25,Male,7,CSE,71,1.5,79,34,91,7.2,5.0,202581,School,Yes,Day Scholar,Yes,7.63,2,4,8.3
STU103232,24,Male,6,CSE,91,2.4,80,62,81,4.6,2.9,210670,None,No,Hostel,Yes,8.74,6,1,8.93
STU103233,18,Female,6,CE,68,0.3,71,77,37,4.2,0.8,80156,None,Yes,Day Scholar,Yes,8.58,5,3,6.4
STU103234,21,Female,6,EEE,47,0.9,58,92,81,5.5,1.4,210142,School,No,Hostel,Yes,7.66,1,0,7.11
STU103235,25,Female,1,CSE,66,5.7,70,45,26,4.8,7.4,199232,None,Yes,Hostel,Yes,11.5,7,4,6.63
STU103236,24,Male,8,CSE,63,3.3,55,22,29,8.8,1.9,254284,None,Yes,Hostel,Yes,5.33,2,0,5.67
STU103237,20,Male,8,IT,83,5.0,77,27,74,8.2,2.9,125870,Graduate,Yes,Day Scholar,No,5.86,0,1,8.24
STU103238,18,Female,8,DS,74,2.8,66,59,22,4.4,5.6,78899,Postgraduate,Yes,Hostel,Yes,9.55,6,2,6.58
STU103239,19,Male,7,CSE,60,6.1,39,41,49,7.8,7.1,29648,None,No,Day Scholar,Yes,7.84,2,3,6.72
STU103240,21,Female,5,CE,71,9.9,70,27,41,8.4,8.7,116463,None,Yes,Hostel,Yes,6.32,7,2,7.08
STU103241,18,Male,5,ECE,88,7.1,83,89,68,5.7,8.2,226978,Postgraduate,No,Day Scholar,No,8.1,2,0,9.14
STU103242,21,Female,6,ECE,72,9.6,37,53,51,5.7,2.2,206198,Graduate,Yes,Day Scholar,No,8.58,0,4,7.86
STU103243,21,Female,2,CSE,56,5.4,99,29,33,5.1,6.9,149587,Postgraduate,No,Day Scholar,No,7.57,7,3,12
STU103244,22,Female,1,CSE,74,3.5,76,27,58,5.6,0.6,136725,None,Yes,Day Scholar,No,5.46,5,3,6.75
STU103245,21,Female,7,IT,50,8.8,98,98,21,5.2,4.8,296659,None,No,Day Scholar,Yes,7.5,1,2,8.23
STU103246,24,Female,5,ECE,58,3.4,73,74,34,8.1,8.1,182051,None,No,Day Scholar,Yes,5.28,4,2,6.24
STU103247,22,Male,6,EEE,67,8.3,47,46,31,5.8,6.3,75174,Graduate,No,Hostel,Yes,6.01,4,3,6.82
STU103248,22,Male,8,ME,51,0.2,74,22,67,8.2,2.2,80728,None,Yes,Day Scholar,No,7.89,5,4,6.72
STU103249,19,Male,1,ME,59,5.0,51,77,54,5.7,1.8,40793,Postgraduate,Yes,Day Scholar,No,6.19,6,1,7.53
,22,Female,3,CSE,63,8.9,75,23,96,6.3,5.3,23470,Graduate,Yes,Hostel,No,9.46,1,2,8.64
STU103251,24,Male,6,IT,66,7.0,68,84,44,5.4,8.1,143217,None,No,Day Scholar,No,8.28,2,1,7.83
STU103252,19,Male,3,CE,58,7.7,80,20,76,5.0,6.9,139455,Graduate,Yes,Day Scholar,Yes,9.61,8,0,8.33
STU103253,20,Male,4,EEE,59,3.3,58,91,36,8.3,2.7,245101,Graduate,Yes,Day Scholar,Yes,5.05,8,3,7.09
STU103254,19,Female,3,CSE,90,0.8,82,21,37,6.2,7.6,285751,Graduate,No,Day Scholar,No,6.21,4,2,6.75
STU103255,18,Female,8,CSE,45,5.7,51,100,86,8.4,3.0,107141,Postgraduate,Yes,Hostel,No,5.79,7,4,8.05
STU103256,18,Female,8,CE,76,9.7,48,22,59,6.9,1.2,90544,None,Yes,Hostel,Yes,5.12,3,1,8.03
STU103257,20,Male,4,EEE,74,7.8,68,46,40,8.7,4.5,173213,School,Yes,Day Scholar,No,8.91,1,2,8.29
STU103258,20,Male,8,CE,70,8.0,77,33,96,4.3,7.9,230186,Graduate,No,Hostel,No,9.02,3,3,9.17
STU103259,19,Female,3,ME,60,0.8,37,49,46,7.2,7.8,47403,School,Yes,Hostel,No,9.29,3,4,6.49
STU103260,18,Female,3,CE,86,1.6,68,56,64,eight,2.6,178201,Graduate,No,Hostel,No,7.85,8,0,8.68
STU103261,20,Male,3,IT,53,8.8,97,66,75,6.3,2.8,147799,None,Yes,Hostel,Yes,5.14,-1,3,8.55
STU103262,25,Male,4,DS,84,7.2,85,43,31,7.9,2.1,236771,Graduate,No,Hostel,Yes,5.9,5,0,7.59
STU103263,20,Female,5,DS,,5.5,63,96,61,6.7,1.6,270489,Graduate,Yes,Hostel,No,9.12,2,1,8.38
STU103264,24,Female,6,EEE,51,4.0,90,35,31,6.5,8.1,210295,Graduate,Yes,Day Scholar,No,6.02,7,4,6.33
STU103265,24,Male,8,EEE,73,5.9,82,97,50,8.9,7.6,174509,School,No,Day Scholar,Yes,7.6,8,1,9.71
STU103266,21,Female,8,ECE,50,5.7,72,51,39,5.2,4.7,169659,School,Yes,Day Scholar,No,9.62,0,2,6.41
STU103267,20,Male,6,ECE,61,0.4,91,85,32,6.2,4.8,55624,School,Yes,Day Scholar,No,5.39,1,1,6.33
STU103268,24,Female,6,DS,73,3.2,60,85,68,8.0,8.4,67882,School,Yes,Hostel,No,9.11,0,1,8.33
STU103269,20,Female,7,CE,66,5.6,51,150,62,5.8,2.3,157496,None,Yes,Hostel,Yes,7.28,0,2,6.13
STU103270,23,Female,8,ECE,77,9.5,73,51,29,7.1,1.6,162049,None,Yes,Hostel,No,5.53,8,0,8.02
STU103271,19,Male,7,DS,60,8.7,55,84,95,8.0,3.6,270589,Postgraduate,Yes,Hostel,No,7.67,8,1,10
STU103272,24,Male,8,ME,73,2.5,47,81,99,8.2,4.6,298938,None,No,Hostel,Yes,6.53,3,2,7.77
STU103273,20,Male,2,ME,63,3.5,68,100,43,6.7,3.2,unknown,Postgraduate,Yes,Day Scholar,No,6.16,8,4,7.37
STU103274,22,Female,8,ECE,69,3.6,37,66,95,7.8,4.0,114484,Postgraduate,Yes,Day Scholar,Yes,5.01,2,0,8.12
STU103275,19,Female,1,IT,81,4.9,50,51,35,4.8,6.9,153107,School,No,Day Scholar,Yes,7.44,1,1,7.03
STU103276,20,Male,3,ECE,88,1.8,90,34,81,7.0,3.1,211859,School,No,Day Scholar,No,6.93,1,0,8.04
STU103277,25,Female,3,CSE,48,7.3,61,63,93,6.4,8.2,203929,Postgraduate,Yes,Day Scholar,Yes,5.72,2,0,8.49
STU103278,19,Female,6,CSE,79,6.5,98,55,100,4.1,2.8,285901,None,Yes,Day Scholar,Yes,7.87,6,1,10
STU103279,25,Male,4,EEE,80,8.7,48,84,58,8.3,8.9,226710,Postgraduate,No,Day Scholar,No,5.17,2,2,7.85
STU103280,23,Female,4,ME,58,6.0,69,96,50,7.3,1.2,194027,None,Yes,Hostel,No,6.32,4,1,8.1
STU103281,24,Male,7,CE,45,6.8,36,26,32,8.2,5.1,240255,School,Y,Hostel,Yes,8.33,0,1,6.14
STU103282,21,Male,6,ECE,75,9.0,83,78,75,6.1,3.0,62528,None,No,Day Scholar,Yes,8.52,4,3,10
STU103283,21,Female,4,ME,89,2.8,86,79,30,eight,3.9,147185,Postgraduate,Yes,Day Scholar,No,7.56,1,4,7.35
STU103284,25,Female,2,IT,78,8.5,86,47,21,6.8,4.6,244983,Graduate,Yes,Hostel,Yes,7.46,0,2,7.08
STU103285,25,Male,4,DS,78,6.3,55,56,76,5.5,1.3,128847,Postgraduate,Yes,Day Scholar,No,6.83,5,2,8.85
STU103286,25,Male,4,CSE,61,1.7,65,88,38,7.4,5.1,135111,None,Yes,Hostel,No,7.86,5,4,6.47
STU103287,23,Male,4,ME,48,6.1,58,87,97,7.8,5.9,174072,School,Yes,Day Scholar,Yes,9.43,0,0,8.75
STU103288,21,Female,5,DS,45,1.2,93,63,82,5.7,3.8,165606,Graduate,Yes,Hostel,No,8.55,3,3,7.48
STU103289,24,Female,8,DS,71,9.7,49,33,93,6.7,2.5,215518,Postgraduate,Yes,Day Scholar,No,6.97,5,2,12
STU103290,18,Male,8,ME,96,1.2,64,67,82,6.9,2.7,126196,School,No,Hostel,Yes,5.83,2,2,8.3
STU103291,22,male,2,IT,69,7.1,70,54,52,7.4,6.8,165347,Postgraduate,Yes,Hostel,Yes,7.18,3,1,7.7
STU103292,24,Female,2,IT,98,10.0,42,20,39,8.7,4.0,104733,Postgraduate,Yes,Hostel,Yes,5.15,2,3,6.93
STU103293,18,Female,5,DS,70,0.2,55,53,57,7.3,3.4,82718,None,Yes,Hostel,Yes,8.36,4,4,7.24
STU103294,25,Female,8,DS,55,2.8,52,50,61,6.5,5.6,226303,School,No,Day Scholar,Yes,8.6,3,0,6.61
STU103295,25,Female,6,EEE,58,8.8,72,63,86,5.2,2.7,254439,Graduate,Yes,Hostel,Yes,7.86,8,3,8.99
STU103296,19,Male,1,CSE,61,1.9,65,62,66,4.1,1.7,291666,Postgraduate,No,Day Scholar,No,6.4,8,1,8.1
STU103297,22,Female,4,ECE,54,1.9,87,54,51,5.8,6.8,135634,School,Yes,Day Scholar,Yes,8.08,6,4,7.52
STU103298,24,Male,8,CSE,95,8.9,80,98,36,7.4,2.5,174489,None,No,Day Scholar,No,9.01,2,2,10
STU103299,25,Male,3,DS,95,4.3,99,89,30,8.3,5.9,52937,None,No,Hostel,No,5.46,6,0,8.03
STU103300,18,Female,8,ECE,61,3.1,65,50,82,5.4,3.2,209484,None,Yes,Hostel,No,9.14,5,1,7.64
STU103301,23,Male,8,ECE,54,4.6,63,80,21,6.6,4.2,194136,Graduate,Yes,Day Scholar,Yes,5.63,5,4,6.06
STU103302,22,Male,5,ME,76,2.1,45,72,36,8.2,4.9,232965,School,No,Day Scholar,Yes,5.04,6,1,6.07
STU103303,19,Male,5,EEE,47,2.7,66,94,20,8.6,4.4,295032,Graduate,Yes,Hostel,Yes,8.71,3,4,6.7
STU103304,25,Male,8,CE,69,4.6,96,51,32,7.1,3.9,46613,Postgraduate,Yes,Day Scholar,Yes,6.33,6,1,7.06
STU103305,18,Female,3,ME,45,3.9,68,21,76,4.5,1.2,85095,None,No,Hostel,Yes,9.49,4,1,7.66
STU103306,21,Male,5,ME,50,7.9,37,83,22,4.4,6.1,108885,School,No,Day Scholar,Yes,6.26,5,2,6.07
STU103307,20,Male,3,ECE,62,7.2,99,83,40,6.7,3.1,92806,Graduate,Yes,Hostel,No,5.83,3,0,8.61
STU103308,21,Male,3,EEE,95,9.6,99,97,79,4.5,5.2,218074,School,Yes,Day Scholar,No,7.15,2,1,10
STU103309,19,Female,8,CSE,70,-3,42,41,77,4.4,8.1,116578,None,No,Hostel,No,6.56,2,2,7.31
STU103310,22,Male,6,ECE,85,10.0,91,25,84,7.7,1.4,72500,None,Yes,Day Scholar,Yes,5.66,3,2,9.67
STU103311,18,Female,2,CSE,75,8.2,58,86,85,8.4,8.0,62536,Postgraduate,Yes,Day Scholar,No,7.36,5,3,10
STU103312,22,Male,4,IT,75,4.4,82,61,33,6.9,7.6,166344,None,Yes,Hostel,No,6.83,4,2,7.34
STU103313,18,Female,2,IT,73,8.1,69,71,79,6.5,6.6,299540,Postgraduate,No,Day Scholar,Yes,5.22,2,1,8.54
STU103314,24,Male,4,DS,62,7.5,44,95,35,8.5,3.5,162644,Graduate,No,Day Scholar,No,7.81,5,1,8.62
STU103315,18,Female,5,IT,99,4.8,36,75,94,6.5,4.7,263953,Graduate,No,Day Scholar,No,6.51,2,4,8.4
STU103316,25,Male,2,ME,96,8.6,70,150,74,5.7,6.2,166181,Postgraduate,No,Hostel,Yes,6.55,8,0,8.7
STU103317,18,Female,6,CSE,83,0.8,60,63,47,4.1,2.9,192796,None,Yes,Hostel,Yes,6.07,0,0,6.23
STU103318,20,Female,6,CSE,86,6.9,72,54,21,6.0,3.5,134401,Graduate,No,Day Scholar,Yes,5.16,3,0,6.9
STU103319,20,Male,7,ME,48,3.8,39,83,88,7.7,7.0,16062,Postgraduate,Yes,Day Scholar,No,5.64,3,0,7.58
STU103320,21,Female,7,IT,86,7.3,81,57,73,8.0,5.1,256354,School,No,Day Scholar,Yes,5.36,0,1,8.79
STU103321,24,Female,3,ME,95,5.0,75,87,79,6.5,8.0,267700,None,Yes,Day Scholar,Yes,6.78,8,3,9.59
STU103322,18,male,6,EEE,84,4.8,49,76,49,8.1,7.2,61203,None,Yes,Day Scholar,Yes,8.58,1,4,8.1
STU103323,22,Female,4,EEE,70,2.5,43,29,37,5.3,3.4,120136,None,No,Hostel,Yes,9.58,1,1,5.72
STU103324,20,Female,8,EEE,97,3.8,48,62,51,6.8,2.3,103446,None,No,Day Scholar,No,9.37,1,4,7.1
STU103325,21,Male,3,CSE,56,8.4,97,60,76,6.8,1.0,136221,None,No,Hostel,Yes,8.48,2,3,9.09
STU103326,23,Male,2,ME,78,5.3,83,49,84,6.2,1.4,140715,Postgraduate,Yes,Day Scholar,,7.09,8,2,9.59
STU103327,21,Female,4,IT,74,1.9,78,100,92,6.7,4.1,50047,Graduate,Yes,Hostel,Yes,5.0,3,4,9.09
STU103328,21,Male,4,CE,45,7.8,47,86,81,6.1,5.1,252994,Graduate,No,Day Scholar,No,9.27,6,1,8.89
STU103329,24,Female,7,ECE,87,8.9,75,88,36,8.0,2.9,241950,Graduate,Yes,Hostel,Yes,8.06,1,3,9.41
STU103330,19,Female,3,DS,94,0.6,62,80,42,5.6,6.7,172172,Graduate,No,Hostel,Yes,7.68,7,2,7.72
STU103331,22,Male,6,CE,97,9.6,55,24,36,5.3,1.3,132684,None,No,Day Scholar,No,7.15,4,0,8.14
STU103332,24,Female,7,CE,90,1.6,59,95,80,7.3,2.3,147996,Postgraduate,Yes,Hostel,Yes,6.19,8,4,8.93
STU103333,22,Female,6,ME,49,9.3,56,71,95,6.6,6.7,33665,None,No,Hostel,Yes,8.28,0,2,9.2
STU103334,18,Female,6,DS,55,5.6,45,20,38,8.4,8.5,34716,Postgraduate,Yes,Day Scholar,No,8.78,2,3,6.28
STU103335,25,Female,6,DS,91,1.5,78,65,95,7.7,8.6,150536,Postgraduate,No,Day Scholar,Yes,8.58,4,2,9.63
STU103336,21,Female,6,ME,51,4.4,74,60,20,8.5,6.1,35912,None,No,Day Scholar,Yes,9.16,0,4,6.8
STU103337,18,Female,1,IT,98,2.8,53,35,58,5.9,3.2,165461,School,Yes,Hostel,Yes,9.35,5,3,7.04
STU103338,18,Male,4,ECE,54,7.8,62,83,89,7.2,7.2,241000,None,Yes,Hostel,No,7.75,8,1,9.25
STU103339,22,Male,4,CE,73,6.5,58,83,61,5.7,6.2,242922,Postgraduate,No,Day Scholar,No,9.0,3,4,8.77
STU103340,18,Female,1,ECE,99,6.4,90,23,82,4.1,7.7,140323,Postgraduate,No,Day Scholar,Yes,7.47,3,2,9.01
STU103341,25,Male,8,EEE,58,0.3,42,91,99,6.7,5.6,244083,None,No,Hostel,No,6.58,8,2,8.12
STU103342,21,Female,8,EEE,81,4.5,90,23,44,6.6,7.4,134138,None,No,Hostel,No,5.89,2,0,6.81
STU103343,21,Male,2,ECE,72,5.1,70,92,32,7.3,0.7,216650,School,No,Day Scholar,Yes,6.03,4,0,8.49
STU103344,19,Female,6,IT,83,1.8,61,99,51,7.9,6.4,204672,None,No,Day Scholar,No,7.55,8,4,7.74
STU103345,25,Male,5,ECE,52,6.4,62,96,20,5.4,8.0,188476,None,No,Day Scholar,Yes,7.81,6,2,6.74
STU103346,21,Female,6,CE,77,6.2,58,45,27,6.1,5.1,176020,Graduate,Yes,Day Scholar,Yes,5.51,3,4,6.93
STU103347,18,Female,8,EEE,61,0.7,95,92,45,7.0,2.7,88907,None,No,Day Scholar,Yes,5.8,2,3,7.97
STU103348,18,Female,8,ME,78,4.9,76,34,78,5.6,4.0,59453,Postgraduate,Yes,Day Scholar,Yes,6.1,0,0,8.09
STU103349,22,Female,6,IT,94,1.6,73,85,98,6.8,7.6,241308,Postgraduate,No,Hostel,Yes,5.08,8,0,9.01
STU103350,19,Female,4,ECE,54,2.9,78,72,65,7.9,1.9,137118,School,No,Hostel,Yes,5.5,0,2,7.65
STU103351,22,Male,2,CSE,98,4.7,54,62,68,6.9,8.9,149178,None,Yes,Hostel,Yes,6.87,2,3,7.25
STU103352,25,Male,5,CSE,52,0.8,38,78,34,6.8,2.5,221330,None,No,Day Scholar,Yes,5.49,1,2,6.11
STU103353,20,Female,5,ECE,92,6.6,55,37,46,4.1,7.0,149118,School,Yes,Hostel,No,6.08,1,1,6.59
STU103354,23,Male,5,ECE,91,2.1,46,51,48,7.3,4.8,218650,School,Yes,Day Scholar,Yes,8.13,4,0,7.06
STU103355,18,Female,3,EEE,73,8.6,48,95,61,6.8,7.8,257735,Graduate,No,Hostel,No,8.04,3,0,8.35
STU103356,18,Female,5,ME,47,0.8,61,61,77,5.8,5.1,134680,Graduate,No,Hostel,No,8.49,7,1,7.56
STU103357,24,Male,3,DS,60,8.0,35,50,42,7.8,8.4,270357,None,Yes,Day Scholar,Yes,7.34,3,0,6.43
STU103358,21,Female,7,CE,97,8.3,39,59,84,8.1,7.3,32113,None,No,Hostel,Yes,9.68,0,2,9.61
STU103359,24,Female,5,CSE,91,8.2,56,39,98,6.9,7.1,55647,Graduate,No,Day Scholar,Yes,6.51,0,3,9.28
STU103360,22,Female,1,EEE,69,6.7,56,62,20,7.0,2.6,65905,None,Yes,Hostel,No,7.64,7,0,7.39
STU103361,24,Male,8,CE,47,4.5,82,78,73,4.1,6.9,52524,School,No,Day Scholar,Yes,9.53,5,3,8.81
STU103362,22,Female,4,CSE,73,8.0,39,34,36,5.1,3.4,204990,Graduate,Yes,Hostel,Yes,7.56,3,1,6.75
STU103363,24,Female,8,ME,88,0.7,85,76,24,5.4,6.8,96785,Graduate,No,Day Scholar,No,6.53,6,4,6.17
STU103364,24,Male,3,IT,72,3.4,78,63,92,7.4,3.0,36892,None,Yes,Hostel,Yes,8.35,8,3,9.59
STU103365,23,Female,4,ECE,60,4.3,78,71,43,8.7,0.7,116331,School,Yes,Day Scholar,No,7.79,7,2,7.79
STU103366,20,Female,5,CSE,78,2.6,69,55,46,4.8,1.1,295204,None,Yes,Day Scholar,No,9.2,1,1,7.37
STU103367,25,Female,7,ME,57,1.8,96,79,64,8.7,6.9,183893,Postgraduate,No,Day Scholar,No,7.99,4,4,8.17
STU103368,18,Male,1,EEE,55,5.3,51,82,26,4.8,5.6,185422,School,No,Day Scholar,Yes,5.39,2,4,5.54
STU103369,23,Female,2,ECE,87,0.7,89,71,99,6.5,4.9,23728,Graduate,No,Day Scholar,No,9.07,8,2,9.65
STU103370,25,Female,8,CE,94,0.8,78,80,86,7.1,3.2,297786,School,No,Hostel,No,5.62,5,1,8.78
STU103371,22,Male,5,EEE,67,4.9,75,79,28,4.8,3.5,105221,Graduate,Yes,Hostel,Yes,9.46,8,2,8.0
STU103372,25,Female,1,ECE,71,7.1,69,46,44,7.7,5.6,253242,Graduate,No,Day Scholar,No,9.51,3,2,7.48
STU103373,24,Female,7,CE,54,6.8,96,89,27,7.0,7.6,163260,School,No,Hostel,Yes,9.28,8,3,8.02
STU103374,23,Male,8,CSE,70,6.8,72,92,88,5.9,3.7,252117,School,Yes,Day Scholar,No,6.26,1,4,8.65
STU103375,21,Female,3,CE,76,4.1,59,23,87,4.3,5.7,128876,Postgraduate,Yes,Hostel,No,8.32,7,4,7.23
STU103376,23,Male,3,ECE,75,1.4,90,34,61,5.3,5.8,179430,Graduate,Yes,Day Scholar,Yes,9.12,3,3,6.94
STU103377,25,Male,4,CE,87,4.1,58,99,46,5.8,5.2,219990,Graduate,No,Day Scholar,Yes,5.19,5,4,7.04
STU103378,24,Female,2,IT,61,5.5,91,43,41,5.9,7.7,99938,Graduate,Yes,Day Scholar,Yes,7.55,6,3,7.12
STU103379,18,Female,5,ECE,51,5.6,92,65,49,8.9,2.1,154288,Graduate,Yes,Day Scholar,Yes,7.97,5,1,8.67
STU103380,22,Female,7,CE,90,3.5,86,53,53,7.9,1.7,206620,None,No,Hostel,Yes,7.81,1,4,8.51
STU103381,20,Female,3,DS,67,9.9,89,68,59,5.0,0.8,48615,None,Yes,Hostel,No,7.53,8,1,10
STU103382,20,Female,4,CSE,82,9.7,42,30,50,4.1,2.0,139273,School,Yes,Day Scholar,No,8.39,6,1,8.19
STU103383,22,Male,2,ME,89,4.3,54,84,79,7.1,4.4,66088,None,Yes,Hostel,Yes,5.51,6,0,8.26
STU103384,22,Male,3,IT,70,7.0,54,21,72,4.9,3.0,99778,Graduate,Yes,Hostel,Yes,7.85,7,2,7.95
STU103385,23,Male,6,DS,60,0.8,38,90,83,4.9,7.0,22426,Graduate,No,Day Scholar,No,6.12,6,0,6.91
STU103386,22,Male,4,CSE,69,8.5,40,73,22,7.9,1.1,81503,None,Yes,Day Scholar,Yes,8.5,4,1,7.5
STU103387,22,Male,6,DS,75,6.7,98,75,38,7.0,4.3,73003,Postgraduate,No,Hostel,Yes,5.6,3,0,8.95
STU103388,18,Male,8,ME,78,3.6,49,55,75,6.8,3.3,107077,Graduate,No,Day Scholar,Yes,6.69,1,3,6.91
STU103389,18,Male,5,ME,79,8.5,43,46,93,7.3,3.1,283665,Graduate,Yes,Day Scholar,No,8.22,5,0,9.02
STU103390,20,Male,4,IT,62,7.7,44,74,85,6.0,3.4,144694,None,Yes,Day Scholar,Yes,7.45,7,1,8.33
STU103391,19,Female,7,ECE,56,4.4,92,75,58,6.7,6.2,68043,School,Yes,Hostel,Yes,7.27,3,0,7.57
STU103392,18,Male,2,CE,74,9.7,91,90,88,4.3,8.4,64682,Graduate,Yes,Hostel,No,7.07,6,0,10
STU103393,24,Female,1,IT,99,1.7,43,70,81,6.3,5.5,178294,None,No,Day Scholar,No,7.08,2,0,7.38
STU103394,19,Male,2,CE,85,0.1,41,47,56,8.8,7.4,111123,School,No,Day Scholar,Yes,8.66,1,4,5.99
STU103395,25,Male,8,EEE,60,0.7,61,56,24,4.1,5.2,15290,Postgraduate,No,Day Scholar,Yes,9.54,2,2,5.95
STU103396,24,Female,2,DS,46,3.4,76,44,64,6.1,3.9,94253,Postgraduate,No,Hostel,No,5.56,1,3,6.51
STU103397,24,Female,1,DS,54,2.0,64,54,61,7.6,3.6,85887,None,No,Day Scholar,No,9.33,6,4,7.83
STU103398,19,Female,6,IT,80,6.9,67,25,59,5.2,3.8,116328,None,No,Hostel,No,9.25,5,1,7.85
STU103399,23,Male,5,CE,48,0.5,95,75,76,5.9,2.1,63541,School,No,Hostel,Yes,5.13,5,0,7.4
STU103400,18,Male,4,ECE,45,8.0,97,54,38,7.4,2.2,98180,Graduate,No,Day Scholar,Yes,8.53,7,3,7.94
STU103401,25,Male,8,CE,93,7.3,72,26,49,4.8,6.4,89509,Graduate,No,Day Scholar,Yes,5.5,2,1,7.5
STU103402,23,Male,5,ECE,56,7.4,75,41,23,6.3,2.1,157516,Postgraduate,Yes,Day Scholar,Yes,8.36,8,1,8.04
STU103403,20,Female,6,CSE,85,5.8,38,54,60,8.9,2.5,73712,School,Yes,hostel,No,5.02,3,1,7.62
STU103404,23,Male,4,ECE,78,5.4,92,82,90,7.6,1.8,85929,Postgraduate,No,Day Scholar,No,8.85,0,4,9.04
STU103405,25,Male,4,ME,63,4.1,100,49,50,8.8,6.9,19442,School,No,Day Scholar,No,6.9,4,4,7.63
STU103406,25,Male,3,DS,54,0.6,89,20,93,8.1,5.5,226184,None,No,Day Scholar,No,7.51,5,0,8.36
STU103407,18,Male,1,ECE,93,3.6,69,71,26,5.4,0.5,91998,Postgraduate,No,Hostel,No,7.72,5,0,6.99
STU103408,24,Female,4,ECE,74,7.6,42,72,39,7.4,3.2,209976,None,No,Day Scholar,Yes,6.59,7,3,7.97
STU103409,20,Male,8,EEE,66,7.3,91,79,83,4.7,8.4,287241,None,Yes,Hostel,Yes,7.92,2,1,9.33
,25,Female,2,IT,95,6.7,81,82,56,5.4,3.5,187814,Graduate,Yes,Hostel,No,9.68,7,4,8.93
STU103411,23,Female,7,ECE,89,7.2,72,20,50,8.8,5.2,276514,Graduate,No,Day Scholar,No,8.81,3,4,7.97
STU103412,22,Female,6,ME,79,2.8,58,100,88,5.7,5.5,164367,None,Yes,Day Scholar,Yes,8.95,2,2,9.44
STU103413,23,Male,6,ECE,78,0.4,42,55,83,5.5,7.7,283420,School,Yes,Day Scholar,Yes,7.0,0,1,7.21
STU103414,20,Female,8,EEE,86,7.5,45,28,57,6.3,0.8,33281,Postgraduate,Yes,Day Scholar,Yes,8.0,7,0,12
STU103415,25,Female,2,CE,97,6.3,60,79,82,8.6,2.3,73242,None,Yes,Day Scholar,Yes,7.44,0,3,9.81
STU103416,21,Female,2,CSE,94,0.3,73,48,24,7.3,4.2,92729,Postgraduate,No,Day Scholar,No,6.35,4,3,6.72
STU103417,24,Male,1,DS,82,3.9,98,72,97,5.1,8.9,98857,School,Yes,Hostel,Yes,5.54,1,1,8.64
STU103418,21,Male,8,DS,55,2.6,37,21,61,4.0,8.1,82066,Graduate,No,Hostel,No,9.47,1,2,5.54
STU103419,19,Female,3,DS,70,1.1,60,82,69,7.7,7.5,18480,Postgraduate,Yes,Hostel,Yes,8.99,0,3,8.11
STU103420,25,Female,6,ME,50,0.1,67,45,42,5.6,8.7,43798,Graduate,No,Hostel,Yes,9.15,1,0,6.23
STU103421,21,Female,5,CSE,76,0.0,49,81,53,6.6,9.0,285335,None,No,Hostel,Yes,7.29,2,0,6.08
STU103422,25,Male,8,CSE,65,0.3,87,71,72,7.1,4.5,181658,School,Yes,Day Scholar,Yes,9.48,5,4,7.64
STU103423,18,Female,6,EEE,89,9.4,60,20,21,4.2,6.2,215830,Graduate,Yes,hostel,Yes,8.45,4,0,7.0
STU103424,18,Female,5,CE,96,6.4,77,71,21,5.7,2.6,124784,Graduate,No,Day Scholar,Yes,5.1,3,2,7.44
STU103425,21,Male,8,CE,79,6.4,42,98,83,6.8,7.0,120534,Graduate,No,Day Scholar,Yes,6.23,5,2,8.98
STU103426,20,Male,8,ECE,64,7.5,70,25,63,6.7,5.2,90808,Graduate,No,Day Scholar,Yes,6.13,2,3,12
STU103427,20,Female,6,IT,82,6.5,38,37,45,4.3,7.0,196296,Graduate,No,Hostel,No,5.14,6,4,6.92
STU103428,19,Male,3,DS,69,2.8,48,20,30,8.9,3.0,245930,School,No,Hostel,Yes,8.61,2,1,6.02
STU103429,22,Female,8,CE,67,2.8,81,96,96,8.6,8.0,54066,School,Yes,Hostel,Yes,9.42,7,0,9.88
STU103430,25,Female,4,CE,56,2.0,87,97,91,4.5,1.5,33783,School,No,Day Scholar,No,6.05,2,1,8.38
STU103431,23,Male,3,ME,76,4.8,84,88,23,5.4,8.2,297904,None,No,Hostel,No,9.47,5,3,7.56
STU103432,19,Female,7,IT,76,2.2,96,49,93,6.3,8.6,81486,School,No,Hostel,No,6.12,7,0,8.01
STU103433,19,Male,1,DS,52,6.9,93,23,89,7.7,4.2,32351,Grad,Yes,Day Scholar,Yes,6.67,0,2,7.78
STU103434,19,Male,7,CSE,83,1.8,95,89,97,4.9,4.8,168430,Postgraduate,Yes,Hostel,No,8.82,-1,2,10
STU103435,20,Male,4,IT,94,2.8,59,62,80,7.5,4.1,266396,School,No,Day Scholar,No,7.69,8,3,9.0
STU103436,18,Female,7,IT,93,9.0,49,87,33,7.8,4.2,21850,None,Yes,Hostel,Yes,5.11,1,1,7.26
STU103437,20,Male,2,IT,49,0.6,60,21,26,8.6,6.2,282874,Graduate,No,Hostel,Yes,5.78,5,2,4.97
STU103438,19,Female,8,EEE,67,0.1,91,84,23,5.2,2.9,218613,None,No,Day Scholar,No,7.62,2,4,7.0
STU103439,25,Female,4,CE,79,1.6,61,70,61,6.7,8.2,161109,School,No,Day Scholar,No,6.03,0,4,7.11
STU103440,25,Male,8,ME,70,7.3,96,37,46,4.4,8.6,240576,Graduate,Yes,Hostel,No,6.29,1,0,7.79
STU103441,23,Male,4,CE,65,0.8,48,44,83,8.8,6.2,124897,None,No,Hostel,No,8.12,4,1,7.98
STU103442,21,Female,5,DS,66,1.6,58,39,63,8.5,2.9,71922,None,Yes,Day Scholar,Yes,6.93,8,4,6.35
STU103443,24,Male,7,CE,92,8.1,61,39,57,7.6,8.0,280683,Graduate,No,Hostel,Yes,6.64,1,4,7.56
STU103444,23,Male,2,ME,90,9.6,71,63,96,4.6,2.5,104998,None,Yes,Day Scholar,Yes,9.35,4,4,9.56
STU103445,19,Female,3,CSE,91,7.9,98,52,89,4.3,7.6,45018,Postgraduate,Yes,Hostel,No,9.12,8,4,9.45
STU103446,21,Female,1,DS,76,2.4,45,51,21,8.1,3.7,47039,Graduate,Yes,Day Scholar,,8.02,8,2,6.77
STU103447,24,Male,3,ECE,86,6.7,80,90,44,8.1,5.9,240851,School,Yes,Day Scholar,No,7.95,2,3,7.99
STU103448,24,Male,3,EEE,81,1.0,96,75,73,4.6,3.1,184401,Graduate,Yes,Day Scholar,No,5.73,8,4,7.58
STU103449,23,Male,8,IT,52,5.4,60,20,58,8.0,6.3,102456,School,No,Day Scholar,Yes,9.55,7,0,7.48
STU103450,23,Male,4,CE,56,9.9,51,63,68,6.2,6.5,191606,School,Yes,Hostel,No,5.56,2,0,8.38
STU103451,20,Female,3,CE,61,8.8,79,51,57,5.4,3.5,177403,Postgraduate,No,Hostel,No,8.85,4,3,7.77
STU103452,25,Male,8,CSE,58,4.9,79,150,53,7.9,5.6,94160,Graduate,Yes,Hostel,Yes,8.36,5,4,7.79
STU103453,24,Female,6,ME,79,8.8,84,29,20,4.8,8.1,276782,Postgraduate,Yes,Day Scholar,No,8.73,6,3,7.38
STU103454,18,Female,5,ME,45,7.9,87,58,50,8.0,7.3,203619,School,Yes,Hostel,No,5.29,2,0,6.87
STU103455,18,Male,3,EEE,58,7.4,67,59,100,5.9,6.8,206785,Grad,No,Day Scholar,Yes,8.81,5,2,8.79
STU103456,24,Male,3,CE,67,1.0,70,38,58,4.7,8.5,203844,School,Yes,Hostel,No,8.38,7,2,7.03
STU103457,25,Male,4,CE,56,8.4,38,77,24,6.4,8.7,143936,Graduate,No,Hostel,No,6.62,2,4,7.04
STU103458,25,Male,5,DS,76,9.6,51,21,42,6.9,8.7,33707,None,Yes,Hostel,Yes,8.02,4,3,6.88
STU103459,19,Male,2,CE,95,5.1,51,43,74,7.9,6.5,106572,School,No,Day Scholar,No,6.52,8,2,8.08
STU103460,21,Male,8,EEE,89,5.1,98,100,51,8.6,4.8,263311,Postgraduate,Yes,Hostel,Yes,8.48,7,?,10
STU103461,19,Female,1,EEE,62,4.2,59,24,42,4.5,3.9,194171,School,No,Day Scholar,Yes,8.97,3,3,6.25
STU103462,18,Female,5,CE,65,6.4,67,64,69,4.8,1.6,262438,School,No,Day Scholar,Yes,5.29,7,0,8.31
STU103463,23,Male,1,CSE,82,6.5,86,71,27,5.8,4.5,263360,None,Yes,Day Scholar,No,5.59,1,4,7.08
STU103464,21,Male,3,DS,55,1.9,82,58,42,8.8,4.0,286521,School,Yes,Hostel,No,6.74,6,4,7.25
STU103465,20,Male,1,ME,55,1.3,44,49,58,5.7,3.3,245253,Postgraduate,No,Hostel,Yes,6.54,0,1,5.69
STU103466,20,Male,8,ME,63,3.9,87,29,55,5.6,6.7,231665,Postgraduate,Yes,Hostel,Yes,8.21,7,1,7.24
STU103467,19,Female,1,ECE,82,0.7,49,96,62,5.2,8.7,86945,School,Yes,Day Scholar,Yes,5.4,6,2,6.94
STU103468,20,Male,1,ME,75,7.0,61,64,82,6.7,2.7,277696,School,Yes,Hostel,Yes,8.25,8,2,8.91
STU103469,25,Female,7,EEE,71,2.5,79,72,84,5.4,8.3,46286,Postgraduate,No,Hostel,Yes,5.64,1,0,8.39
STU103470,20,Female,7,ECE,78,2.8,88,49,92,7.7,4.9,109864,Graduate,Yes,Day Scholar,No,6.6,4,3,8.87
STU103471,19,Female,7,ME,59,0.7,46,87,36,5.9,7.9,100209,None,Yes,Day Scholar,No,6.02,8,1,7.03
STU103472,23,Female,6,IT,84,9.8,93,69,52,4.8,4.0,118654,None,Yes,Day Scholar,Yes,5.83,1,2,8.87
STU103473,20,Male,8,CE,58,10.0,58,90,42,8.9,4.8,28989,Graduate,No,Day Scholar,Yes,8.36,6,3,8.56
STU103474,19,Male,5,CE,94,1.5,79,95,44,8.4,1.3,175439,Postgraduate,Yes,Hostel,No,5.33,6,3,8.39
STU103475,21,Male,7,IT,86,6.2,50,92,60,6.0,2.1,160947,None,No,Hostel,No,6.63,6,2,8.8
STU103476,25,Female,2,IT,98,3.3,88,81,60,4.9,6.1,80920,School,Yes,Hostel,Yes,5.24,8,2,8.41
STU103477,25,Female,1,IT,96,6.0,69,91,52,4.5,1.9,64628,Postgraduate,Yes,Day Scholar,Yes,6.4,8,1,8.63
STU103478,23,Male,9,IT,77,1.5,85,29,33,5.2,3.0,207077,Postgraduate,Yes,Day Scholar,No,5.53,2,3,5.32
STU103479,24,Male,2,EEE,51,9.9,37,38,84,8.9,6.4,280338,Postgraduate,No,Day Scholar,No,9.22,8,1,8.78
STU103480,19,Female,6,CSE,58,3.3,66,82,33,6.8,8.9,246806,Postgraduate,Yes,Hostel,No,6.55,1,3,7.0
STU103481,22,Male,4,CSE,99,9.8,52,87,65,5.4,5.1,287395,None,No,Day Scholar,No,5.67,5,4,8.99
STU103482,21,Female,3,EEE,82,8.5,73,87,36,8.5,6.6,182657,Graduate,Yes,Day Scholar,No,8.64,6,3,8.52
STU103483,25,Male,2,CSE,63,3.7,40,69,77,5.5,3.7,25291,Graduate,No,Day Scholar,No,5.98,1,3,6.39
STU103484,22,Female,7,CE,89,1.1,49,27,51,4.7,6.8,176381,Postgraduate,No,Hostel,No,5.83,5,0,6.16
STU103485,21,Female,9,CSE,66,2.1,97,66,41,4.9,8.0,279882,None,Yes,Day Scholar,Yes,5.92,3,3,6.71
STU103486,22,Female,2,DS,50,2.7,66,59,94,5.6,4.4,277658,Postgraduate,No,Day Scholar,No,5.6,3,0,7.19
STU103487,24,Female,6,ECE,66,3.2,83,60,75,4.2,6.1,136299,Postgraduate,No,Hostel,No,7.84,6,1,7.61
STU103488,19,Female,3,IT,78,1.9,38,72,26,7.8,6.9,84313,None,No,Hostel,No,6.75,1,4,5.62
STU103489,20,Male,1,DS,92,5.5,50,39,57,4.0,6.8,259009,Postgraduate,Yes,Day Scholar,No,5.56,4,3,6.89
STU103490,25,Male,5,DS,60,8.1,70,31,37,6.1,1.1,155802,None,No,Hostel,Yes,6.14,0,1,7.26
STU103491,22,Male,8,EEE,51,7.1,76,28,75,8.5,8.9,65238,Graduate,Yes,Day Scholar,No,7.16,7,4,8.32
STU103492,25,Female,3,CSE,67,9.9,96,69,53,6.9,6.4,296774,Postgraduate,Yes,Day Scholar,Yes,7.26,1,1,8.76
STU103493,21,Female,5,CSE,65,7.3,70,63,88,8.2,3.8,85707,Postgraduate,No,Hostel,Yes,8.33,8,2,9.83
STU103494,25,Male,5,DS,61,4.9,36,51,57,5.9,3.4,145957,Graduate,No,Hostel,Yes,5.73,5,3,6.96
STU103495,22,Male,1,CSE,61,2.8,55,92,43,6.5,1.4,278532,Graduate,No,Day Scholar,Yes,9.35,7,2,8.49
STU103496,19,Female,5,CE,100,1.2,77,56,33,8.5,2.2,63411,Graduate,Yes,Hostel,Yes,8.54,0,3,7.51
STU103497,25,Male,2,ECE,84,5.9,46,47,23,4.6,5.5,258502,Postgraduate,No,Hostel,No,7.16,0,0,6.69
STU103498,25,Female,4,CE,97,0.1,71,74,38,5.8,7.8,147470,Postgraduate,Yes,Day Scholar,No,5.43,5,2,6.44
STU103499,21,Male,1,DS,95,5.4,73,22,46,4.6,5.3,179809,Graduate,No,Day Scholar,No,8.86,8,2,7.39
STU103500,24,Male,2,ME,90,3.3,35,61,33,7.2,7.0,23505,Postgraduate,No,Hostel,Yes,5.49,6,3,6.0
STU103501,20,Female,7,ECE,85,1.5,77,86,79,4.5,1.8,245748,None,Yes,Day Scholar,Yes,6.8,4,3,8.08
STU103502,20,Male,7,ECE,59,7.5,55,65,66,7.0,5.7,140798,Postgraduate,Yes,Hostel,No,5.7,4,0,7.42
,18,Male,7,ME,80,0.7,35,78,63,6.3,8.5,21140,Postgraduate,No,Day Scholar,No,5.03,6,3,6.97
STU103504,23,Male,5,CSE,88,8.7,39,23,71,5.5,8.2,153415,None,No,Hostel,No,7.68,6,4,7.02
STU103505,18,Male,5,ME,64,3.6,43,42,100,8.2,4.1,125138,School,Yes,Hostel,Yes,6.69,2,0,7.82
STU103506,25,Male,7,EEE,79,3.0,68,95,25,6.5,3.1,25663,None,Yes,Hostel,No,8.04,1,3,6.71
STU103507,24,Male,6,CSE,49,7.5,99,33,61,5.9,3.7,44999,None,Yes,Hostel,Yes,7.36,1,4,8.23
STU103508,20,Male,2,CSE,66,5.1,41,41,46,6.8,5.4,67667,Graduate,No,Hostel,Yes,5.15,5,3,6.08
STU103509,18,Male,2,CE,73,2.6,87,57,43,4.8,7.6,24015,Graduate,No,hostel,Yes,8.9,6,1,8.07
STU103510,21,Male,6,DS,55,1.0,42,64,60,9.0,5.1,90836,School,No,Hostel,No,8.35,0,0,7.04
STU103511,24,Female,4,EEE,63,5.4,85,40,58,8.2,1.1,106047,School,Yes,Day Scholar,No,5.62,1,1,7.04
STU103512,24,Male,5,ME,66,3.8,89,40,52,7.5,5.6,159095,Postgraduate,Yes,Day Scholar,No,9.71,7,2,7.41
STU103513,18,Female,2,DS,73,1.5,38,100,66,7.7,8.5,168183,School,No,Day Scholar,Yes,6.01,8,2,8.26
STU103514,21,Female,8,CSE,100,2.2,100,63,95,6.1,7.4,55913,None,Yes,Day Scholar,No,8.17,5,1,10
STU103515,25,Female,3,ME,73,1.6,76,52,33,8.9,7.3,70946,None,Yes,Hostel,No,5.38,5,0,6.86
STU103516,18,Male,6,CSE,96,2.9,48,52,32,4.2,3.7,57816,Graduate,No,Day Scholar,No,8.28,8,2,6.85
STU103517,23,Male,8,ECE,79,9.4,38,22,69,6.7,3.3,47629,Graduate,No,Day Scholar,Yes,7.77,-1,0,7.82
STU103518,25,Female,8,EEE,90,3.6,82,79,50,6.1,7.2,191031,School,No,Hostel,Yes,7.38,0,4,8.07
STU103519,24,Female,3,IT,89,9.3,91,41,33,8.4,6.5,91159,Graduate,No,Day Scholar,No,9.33,8,2,8.22
STU103520,22,Male,8,CE,92,6.7,50,79,89,6.5,7.8,280769,Graduate,Yes,Hostel,No,7.12,1,3,9.45
STU103521,19,Female,1,IT,93,2.0,52,76,63,6.5,7.6,53963,Graduate,Yes,Day Scholar,No,8.95,4,1,7.7
STU103522,19,Female,7,CE,93,2.3,69,37,77,4.7,7.9,234776,Postgraduate,Yes,Day Scholar,No,6.67,4,2,8.14
STU103523,18,Female,8,CE,78,5.8,57,75,64,5.8,6.1,254606,Postgraduate,Yes,Day Scholar,Yes,6.85,6,0,8.79
STU103524,24,Male,7,CE,45,8.7,92,79,68,7.0,1.2,34391,None,No,Hostel,No,6.32,3,0,8.65
STU103525,23,Male,7,CE,47,2.0,89,85,88,8.6,7.7,35017,School,Yes,Hostel,No,7.77,3,4,7.93
STU103526,25,Male,2,ECE,90,7.5,37,72,50,5.8,2.6,139655,Graduate,Yes,Day Scholar,No,5.64,8,1,7.94
STU103527,23,Female,9,ME,49,0.6,50,87,58,6.3,0.7,237373,Postgraduate,No,Hostel,Yes,9.69,6,4,7.8
STU103528,18,Female,1,CE,98,1.5,43,55,84,7.3,3.8,18748,School,No,Day Scholar,Yes,5.65,2,0,7.26
STU103529,19,Male,5,DS,,0.1,37,36,49,5.2,3.7,79922,Graduate,No,Day Scholar,No,9.75,0,3,4.8
STU103530,25,Male,3,EEE,95,0.0,68,23,32,7.0,2.1,172369,Graduate,No,Hostel,Yes,5.85,4,4,5.2
STU103531,20,Male,6,ECE,69,0.3,42,87,100,4.4,6.2,86580,School,No,Hostel,No,5.44,8,1,8.04
STU103532,21,Male,8,DS,86,6.9,70,73,99,6.4,4.8,147557,Postgraduate,No,Hostel,Yes,8.15,5,4,10
STU103533,24,Female,7,CSE,81,1.9,60,73,81,7.7,4.1,61110,Graduate,Yes,Hostel,Yes,5.15,0,0,7.87
STU103534,18,Female,4,ECE,56,5.2,61,94,50,4.2,4.9,273334,Postgraduate,Yes,Day Scholar,No,5.08,6,3,7.61
STU103535,21,Female,5,ME,64,2.2,91,89,45,6.8,3.8,152566,School,Yes,Hostel,No,5.73,6,1,7.48
STU103536,23,Male,7,ME,79,7.9,58,100,76,5.8,6.8,95548,Graduate,Yes,Hostel,Yes,5.52,6,?,9.58
STU103537,21,Female,3,ECE,61,1.0,63,28,58,5.2,6.7,178851,Graduate,No,Day Scholar,Yes,9.25,3,4,6.67
STU103538,25,Female,2,ECE,55,5.2,37,96,96,6.0,8.3,19442,Postgraduate,No,Day Scholar,Yes,5.83,5,1,9.02
STU103539,25,Male,6,DS,68,6.3,38,24,78,6.7,3.8,209285,School,No,Day Scholar,Yes,7.63,3,2,7.75
STU103540,19,Female,4,IT,100,4.1,54,70,78,6.8,2.5,44638,School,Yes,Day Scholar,No,6.3,6,1,8.64
STU103541,23,Male,5,IT,46,-3,97,83,90,6.4,4.3,292013,Postgraduate,Yes,Hostel,Yes,9.03,5,0,9.32
STU103542,23,Female,2,IT,64,3.8,47,23,32,8.4,2.2,153235,School,No,Hostel,Yes,7.78,0,1,5.69
STU103543,20,Male,3,CSE,67,9.0,54,71,54,7.5,6.9,265082,Postgraduate,Yes,Hostel,No,6.66,5,3,8.69
STU103544,22,Female,4,ME,96,3.0,86,37,42,6.9,4.5,295068,Graduate,Yes,Hostel,Yes,9.51,1,0,7.34
STU103545,25,Female,8,EEE,63,8.6,38,42,31,7.6,7.6,68421,Graduate,No,Day Scholar,No,9.38,3,4,7.45
STU103546,22,Male,3,IT,100,1.3,92,23,50,6.9,3.7,241024,Postgraduate,Yes,Hostel,No,6.92,0,4,7.06
STU103547,20,Male,6,DS,57,0.5,60,92,44,7.7,2.9,119755,School,No,Day Scholar,No,8.2,2,2,6.31
STU103548,23,Male,3,ME,81,9.7,47,99,58,4.7,7.0,252317,School,No,Day Scholar,Yes,6.68,1,0,9.27
STU103549,24,Male,6,ME,45,3.1,38,30,50,5.1,3.3,60972,None,Yes,Hostel,Yes,9.37,4,0,5.42
STU103550,20,Male,7,ME,72,4.0,70,96,28,5.0,4.7,278245,School,Yes,Day Scholar,No,8.16,3,4,6.81
STU103551,24,Male,2,CSE,85,8.2,77,71,86,6.8,7.8,95931,None,Yes,Day Scholar,No,5.2,1,2,9.11
STU103552,20,Male,7,EEE,70,0.1,81,95,66,6.4,7.1,208817,School,No,Day Scholar,No,9.6,3,1,7.95
STU103553,23,Male,6,CSE,100,0.7,50,21,47,6.7,1.5,141909,School,Yes,Day Scholar,Yes,8.1,2,4,12
STU103554,25,Female,7,ECE,58,6.9,78,45,76,4.1,3.8,170207,School,No,Day Scholar,No,7.01,0,?,7.74
STU103555,23,Male,1,ECE,55,4.1,53,71,88,5.8,3.7,201807,Postgraduate,No,Hostel,No,11.5,2,3,7.63
STU103556,21,Female,5,DS,95,3.5,59,87,90,7.5,2.3,122450,School,Yes,Hostel,Yes,6.69,5,0,9.3
STU103557,24,Female,2,EEE,62,4.0,86,49,20,7.4,5.4,155257,Graduate,Yes,Hostel,Yes,6.85,0,0,6.0
STU103558,23,Female,3,DS,95,4.7,51,36,38,5.6,1.9,16118,Postgraduate,Yes,Day Scholar,No,5.27,5,1,6.39
STU103559,19,Male,7,ME,94,7.1,52,29,44,4.4,4.3,86274,Graduate,Yes,Day Scholar,No,8.15,5,2,6.73
STU103560,22,Male,4,ECE,77,3.6,50,99,31,4.6,4.3,168447,Graduate,No,Hostel,Yes,6.89,3,2,6.66
STU103561,18,Female,3,CSE,80,3.1,54,50,50,7.9,0.7,297760,School,No,Day Scholar,Yes,8.32,1,1,7.23
STU103562,24,Female,5,CE,56,6.3,93,91,25,7.1,3.4,37223,Postgraduate,No,Hostel,Yes,6.65,0,2,7.94
STU103563,19,Female,2,EEE,66,4.4,99,94,57,5.1,8.4,38113,Postgraduate,Yes,Day Scholar,Yes,7.75,4,4,8.14
STU103564,22,Male,4,ME,74,0.2,68,45,34,4.8,7.1,112855,Graduate,No,Hostel,No,9.0,3,0,6.6
STU103565,22,Female,5,DS,82,3.2,38,36,25,6.4,7.6,108490,Graduate,Yes,Day Scholar,No,6.46,4,4,5.32
STU103566,18,Female,4,ECE,99,7.9,95,99,99,6.2,7.5,239761,School,No,Hostel,No,8.21,7,1,10
STU103567,18,Male,6,DS,71,4.3,68,35,70,4.3,7.5,90313,School,No,Hostel,Yes,8.91,4,0,7.48
STU103568,24,Female,6,CE,51,8.0,48,41,53,7.1,7.5,125969,None,No,Day Scholar,No,5.14,5,2,6.99
STU103569,21,Male,8,CSE,82,5.4,54,85,32,7.4,2.9,181885,School,No,Day Scholar,Yes,8.3,0,2,7.18
STU103570,20,Female,5,ME,51,3.9,81,94,75,4.1,3.5,87527,None,Yes,Day Scholar,No,6.13,3,4,8.3
STU103571,20,Female,4,DS,86,2.1,55,37,33,8.6,7.3,62759,Graduate,No,Day Scholar,No,8.77,1,4,5.82
STU103572,20,Female,2,EEE,98,2.6,66,25,55,8.3,6.4,129271,School,No,Day Scholar,No,9.52,1,0,7.32
STU103573,22,Female,4,ECE,68,8.0,67,55,71,5.4,3.1,215035,None,Yes,Hostel,No,7.19,5,1,9.11
STU103574,24,Male,1,CSE,53,1.1,81,48,52,8.4,4.7,17313,None,Yes,Day Scholar,No,8.02,5,3,6.38
STU103575,23,Male,7,ME,54,9.1,74,33,46,8.1,3.2,19662,Graduate,Yes,Hostel,No,8.49,4,1,7.34
STU103576,21,Female,7,DS,86,7.0,77,27,76,5.4,7.9,160670,None,Yes,Day Scholar,No,8.45,6,4,8.93
STU103577,18,Female,6,CSE,96,7.8,65,49,63,5.9,4.3,59719,Graduate,Yes,Hostel,Yes,5.99,2,1,8.11
STU103578,22,Male,5,CSE,57,7.9,82,69,57,4.9,2.5,21988,None,Yes,Hostel,Yes,9.12,1,1,8.41
STU103579,22,Female,7,CE,76,6.2,40,30,47,6.8,2.6,164727,None,No,Hostel,Yes,8.17,7,0,7.44
STU103580,18,Male,3,CSE,63,5.5,99,91,57,6.9,3.4,79584,School,No,Day Scholar,No,5.91,5,2,9.25
STU103581,22,Female,5,CSE,69,3.9,74,30,31,4.8,2.1,48935,None,Yes,Hostel,No,8.84,7,3,7.29
STU103582,22,Female,8,EEE,67,4.9,46,42,99,8.9,0.9,224624,Postgraduate,Yes,Hostel,Yes,8.88,8,0,9.25
STU103583,22,Female,3,DS,95,7.0,90,62,66,7.7,7.7,195683,Graduate,No,Hostel,No,6.05,7,4,9.52
STU103584,22,Female,2,ME,55,6.0,48,54,100,8.2,2.8,190846,Postgraduate,Yes,Hostel,Yes,9.3,2,4,7.96
STU103585,24,Female,1,EEE,55,6.1,62,57,70,6.3,1.2,21712,Graduate,No,Hostel,Yes,6.82,4,4,7.17
STU103586,20,Male,4,IT,77,5.7,89,79,51,4.9,5.3,294398,School,Yes,Hostel,No,7.81,6,2,7.95
STU103587,18,Male,3,EEE,61,3.1,45,28,32,5.2,7.5,226144,Graduate,Yes,Day Scholar,Yes,6.2,2,3,5.39
STU103588,22,Male,2,DS,48,0.4,68,86,46,5.2,5.5,112265,None,No,Hostel,No,6.63,0,1,6.69
STU103589,21,Male,2,ECE,91,3.2,97,93,69,5.1,6.9,64835,None,No,Hostel,Yes,5.31,5,2,9.11
STU103590,20,Male,3,CSE,88,1.4,92,74,24,4.9,5.5,67227,None,Yes,Day Scholar,Yes,8.38,3,3,7.66
STU103591,18,Male,7,CSE,100,3.1,94,20,68,4.8,4.8,73711,School,Yes,Day Scholar,Yes,8.25,4,2,7.9
STU103592,24,Male,7,IT,48,8.2,71,90,31,6.9,5.2,100668,Postgraduate,Yes,Day Scholar,No,6.26,1,3,7.42
STU103593,21,Female,1,ECE,70,5.8,94,88,44,6.4,3.4,208638,Postgraduate,Yes,Day Scholar,No,8.57,6,1,9.6
STU103594,19,Female,8,EEE,85,1.1,77,45,41,8.9,2.1,253750,School,Yes,Hostel,Yes,8.57,5,0,8.04
STU103595,21,Female,6,IT,68,9.5,73,78,92,5.6,7.7,270357,School,No,Day Scholar,Yes,5.18,0,4,9.09
STU103596,21,Female,7,IT,72,6.2,71,93,57,7.2,6.7,227711,School,Yes,Day Scholar,No,8.41,5,3,8.27
STU103597,20,Male,8,DS,45,2.1,84,93,98,5.9,6.7,133426,Postgraduate,Yes,Day Scholar,No,7.56,2,1,8.55
STU103598,25,Female,6,ME,76,8.6,57,22,71,8.8,1.9,59250,None,No,Day Scholar,Yes,7.52,1,3,7.74
STU103599,21,Female,1,CSE,73,5.3,59,46,66,4.2,5.8,85503,Graduate,Yes,Hostel,No,6.01,1,0,6.62
STU103600,23,Female,6,EEE,69,6.4,77,40,66,6.1,4.6,124468,None,Yes,Day Scholar,No,9.41,5,3,8.18
STU103601,23,Female,7,ECE,50,9.4,66,65,46,8.5,0.9,47172,Postgraduate,No,Day Scholar,Yes,8.5,6,1,8.38
STU103602,22,Male,8,ME,77,1.7,39,52,85,6.8,3.0,69602,Graduate,Yes,Day Scholar,Yes,9.74,6,4,7.49
STU103603,24,Female,6,IT,77,8.6,93,81,99,8.9,1.4,85532,None,No,Hostel,Yes,6.55,0,2,10
STU103604,22,Male,6,CSE,52,1.8,43,27,36,8.0,2.0,24621,Graduate,Yes,Day Scholar,No,9.27,5,3,5.15
STU103605,25,Male,7,CSE,52,0.7,71,94,26,4.8,4.6,228610,Graduate,No,Hostel,Yes,9.26,3,1,6.41
STU103606,18,Male,2,ECE,98,0.9,53,150,83,4.7,5.8,110700,Graduate,Yes,Hostel,Yes,9.45,5,3,7.54
STU103607,20,Male,6,DS,46,1.8,47,69,46,6.8,1.4,62180,School,Yes,Hostel,Yes,6.54,7,0,7.01
STU103608,21,Male,4,IT,87,3.6,91,50,24,4.7,0.9,156336,None,No,Hostel,No,7.59,3,1,7.65
STU103609,22,Male,2,ECE,57,5.6,98,75,24,5.3,5.5,101528,School,Yes,Hostel,No,11.5,6,3,7.22
STU103610,19,male,5,IT,64,3.1,99,44,60,7.5,3.3,293184,None,No,Day Scholar,Yes,9.75,7,1,8.76
STU103611,20,Female,8,IT,98,9.1,98,54,76,8.2,8.9,274755,Graduate,Yes,Hostel,No,6.68,4,4,9.9
STU103612,21,Female,2,ME,60,3.9,65,26,63,6.6,4.2,103392,Graduate,No,Hostel,Yes,8.14,0,4,6.47
STU103613,20,Male,2,ECE,96,9.9,88,86,82,4.2,4.7,166221,None,Yes,Hostel,Yes,5.33,7,0,9.65
STU103614,21,Female,7,CSE,62,1.7,100,55,78,6.4,3.2,296262,Graduate,No,Day Scholar,No,6.02,3,4,8.31
STU103615,18,Female,7,ECE,88,4.3,63,37,82,8.5,2.0,46560,School,Yes,Day Scholar,No,8.94,2,1,8.61
STU103616,19,Female,2,CE,47,2.7,86,55,93,6.5,6.8,234133,Postgraduate,Yes,Day Scholar,Yes,7.59,3,3,8.69
STU103617,23,Male,6,EEE,77,3.9,44,46,34,8.4,7.9,26914,Postgraduate,Yes,Hostel,Yes,5.16,4,4,5.85
STU103618,20,Male,5,ECE,84,5.6,35,84,62,8.1,5.4,43764,Graduate,Yes,Day Scholar,Yes,5.78,8,2,7.84
STU103619,21,Female,7,IT,45,8.3,72,80,30,5.3,1.7,150656,School,Yes,Day Scholar,Yes,8.01,0,1,8.03
STU103620,23,Female,4,ME,88,4.2,68,20,27,8.8,0.9,60467,Postgraduate,No,Day Scholar,Yes,5.9,2,3,6.77
STU103621,24,Female,4,IT,51,4.3,63,90,46,6.7,5.0,60942,Graduate,Yes,Hostel,No,6.82,1,1,7.75
STU103622,23,Female,1,DS,69,6.9,57,78,32,4.7,2.0,258085,School,Yes,Day Scholar,No,5.53,4,?,7.41
STU103623,21,Female,6,CE,79,2.5,97,61,37,4.3,3.8,192458,School,No,Day Scholar,No,5.48,8,1,7.25
STU103624,24,Female,5,EEE,45,5.1,40,72,28,5.9,3.2,41320,Graduate,Yes,Day Scholar,Yes,5.63,0,1,6.2
STU103625,19,Female,3,EEE,47,5.4,99,67,56,7.6,3.0,36074,None,No,Day Scholar,No,6.11,0,2,8.38
STU103626,21,Male,4,ECE,81,2.7,95,24,51,6.6,5.2,205641,Graduate,No,Hostel,No,8.7,3,4,6.8
STU103627,18,Female,6,EEE,61,2.5,53,69,72,5.0,5.8,102055,Postgraduate,Yes,Hostel,Yes,7.92,1,1,7.58
STU103628,21,Female,2,ECE,95,4.6,81,100,63,6.2,1.0,166050,Graduate,No,Day Scholar,No,5.11,7,4,9.67
STU103629,23,Male,3,CE,82,8.5,59,42,28,5.2,2.5,196916,Graduate,No,Day Scholar,Yes,7.01,8,2,7.12
STU103630,20,Male,4,CSE,100,1.5,67,30,28,8.0,4.1,19351,Postgraduate,No,Hostel,No,8.68,1,2,6.29
STU103631,24,Female,8,ECE,73,0.7,61,82,70,6.0,7.9,263791,Graduate,No,Day Scholar,Yes,5.61,4,4,6.6
STU103632,19,Male,3,IT,74,2.8,55,76,100,5.5,6.7,unknown,Postgraduate,Yes,Day Scholar,No,6.53,5,3,8.2
STU103633,20,Male,2,ME,74,6.4,89,86,24,8.3,7.3,32407,Graduate,Yes,Day Scholar,Yes,7.37,0,1,7.75
STU103634,19,Male,5,EEE,83,6.6,36,64,47,5.3,3.9,193098,Graduate,No,Day Scholar,No,8.66,6,1,8.13
STU103635,25,Female,6,IT,59,1.1,99,59,62,7.2,3.8,262580,School,Yes,Hostel,Yes,6.74,7,2,7.49
STU103636,19,Female,2,ME,97,8.9,47,45,60,4.8,6.6,232256,Postgraduate,Yes,Hostel,Yes,6.09,3,2,7.38
STU103637,18,Female,7,ME,59,2.4,100,67,20,5.4,6.6,182504,School,Yes,Hostel,No,9.31,5,1,6.63
STU103638,24,Female,8,CSE,98,9.5,65,28,91,8.3,1.0,26957,School,Yes,Hostel,No,5.38,7,0,9.17
STU103639,18,Male,7,ME,74,4.7,66,62,85,4.0,7.6,229960,Postgraduate,Yes,Day Scholar,No,7.36,0,3,7.56
STU103640,25,Male,1,EEE,62,6.9,48,47,42,8.6,0.6,38562,Postgraduate,Yes,Hostel,Yes,5.09,6,3,7.54
STU103641,23,Female,4,CSE,70,2.7,91,29,59,4.9,5.4,284813,Graduate,No,Hostel,No,6.35,6,4,6.99
STU103642,18,Female,1,ME,68,6.6,62,66,21,4.6,4.7,163143,Postgraduate,No,Hostel,Yes,5.53,3,3,5.73
STU103643,19,Female,3,CE,55,1.3,94,88,45,7.8,1.9,232618,Postgraduate,Yes,Hostel,Yes,6.21,5,0,7.66
STU103644,20,Male,2,EEE,68,7.4,91,77,70,4.9,5.0,95747,None,No,Day Scholar,No,7.68,3,2,8.79
STU103645,21,Male,7,CE,78,3.5,45,77,48,5.8,3.6,162288,Graduate,No,Hostel,No,5.48,1,3,7.06
STU103646,18,Female,4,IT,98,7.1,69,76,49,7.7,7.9,207660,None,Yes,Hostel,No,5.18,0,2,8.35
STU103647,23,Male,7,CE,84,4.4,88,94,51,6.6,2.0,82093,Postgraduate,No,Hostel,Yes,6.94,2,3,9.08
STU103648,22,Female,2,DS,66,5.2,36,30,87,8.2,2.8,169635,School,Yes,Hostel,Yes,7.25,2,0,7.33
STU103649,19,Female,5,DS,84,5.8,76,63,45,5.8,7.0,44650,None,Yes,Day Scholar,Yes,5.68,5,1,8.07
STU103650,20,Female,2,ME,65,0.9,97,66,36,8.5,1.8,221726,Graduate,No,Hostel,Yes,5.45,4,1,6.49
STU103651,21,Female,8,DS,98,0.3,55,47,39,5.8,7.4,unknown,Graduate,No,Day Scholar,No,8.49,5,4,6.78
STU103652,23,Female,3,AI&ML,69,2.3,78,31,81,8.8,2.2,128538,Postgraduate,Yes,Hostel,No,9.46,5,0,8.93
STU103653,20,Male,6,IT,76,8.0,61,82,72,4.2,7.0,196190,None,Yes,Day Scholar,No,8.26,-1,1,8.85
STU103654,19,Female,6,CSE,59,9.8,73,87,53,4.1,6.7,68823,Graduate,No,Hostel,No,8.21,1,1,8.83
STU103655,25,Male,5,ECE,100,0.1,88,42,83,4.0,8.4,41111,Postgraduate,Yes,Hostel,No,5.95,8,1,8.51
STU103656,25,Male,7,DS,86,0.1,41,45,92,6.0,2.1,278770,Graduate,Yes,Hostel,Yes,8.62,5,0,7.66
STU103657,24,Male,8,CE,87,6.7,98,58,90,4.5,6.8,149505,None,Yes,Day Scholar,Yes,9.79,3,1,9.34
STU103658,20,Female,6,IT,60,1.2,85,77,42,4.3,2.8,172508,Postgraduate,Yes,Hostel,Yes,7.42,2,0,7.7
STU103659,19,Female,2,ECE,85,8.4,79,41,65,5.2,5.3,100927,Postgraduate,No,Hostel,Yes,7.33,1,3,8.08
STU103660,20,Female,4,CSE,55,8.1,83,35,64,8.3,5.5,242539,None,No,Day Scholar,No,9.16,3,1,8.28
STU103661,20,Male,6,ECE,98,8.2,53,91,37,6.6,2.0,148158,None,Yes,Hostel,Yes,5.86,5,1,8.83
STU103662,21,Female,3,EEE,100,7.8,94,98,33,7.1,0.9,195402,None,No,Day Scholar,No,8.91,3,1,9.25
STU103663,22,Female,4,ECE,,4.4,99,44,91,5.7,7.8,98763,School,Yes,Hostel,No,5.98,1,3,8.71
STU103664,21,Female,2,ECE,95,6.5,53,90,38,4.4,4.5,75986,School,No,Hostel,Yes,9.76,-1,2,7.54
STU103665,20,Female,5,IT,76,1.4,92,100,86,6.3,3.2,244345,Postgraduate,Yes,Hostel,No,7.13,4,4,9.42
STU103666,22,Male,1,IT,73,1.4,46,89,30,4.6,6.9,55740,School,Yes,Day Scholar,No,5.44,6,0,6.56
STU103667,24,Female,3,ME,76,9.3,38,78,48,6.5,6.3,252778,Graduate,No,hostel,No,5.6,0,2,6.87
STU103668,23,Female,7,CE,94,6.5,46,97,32,5.4,7.0,81544,School,No,Day Scholar,Yes,8.21,3,0,7.84
STU103669,23,Male,7,CE,50,0.4,65,25,40,6.0,2.4,56058,School,No,Hostel,No,7.49,6,4,5.5
STU103670,21,Female,3,CSE,77,5.6,61,93,54,4.2,1.4,199140,School,No,Hostel,No,9.66,4,0,9.13
STU103671,24,Male,8,EEE,63,9.6,62,97,82,6.2,2.9,181851,Postgraduate,No,Hostel,Yes,5.31,5,2,9.39
STU103672,19,Female,1,IT,71,6.8,49,67,46,6.1,8.2,293656,Postgraduate,No,Hostel,No,8.38,2,4,7.04
STU103673,24,Male,2,ME,85,7.5,93,31,30,6.8,2.9,122556,Postgraduate,Yes,Day Scholar,No,6.28,2,3,7.66
STU103674,22,Female,8,EEE,75,0.9,97,29,35,4.5,5.7,138547,Postgraduate,Yes,Day Scholar,No,6.99,6,1,6.48
STU103675,20,Female,2,CSE,63,0.6,77,79,91,6.7,5.1,163645,None,Yes,Hostel,No,9.68,0,1,8.68
STU103676,18,Male,1,EEE,72,2.1,90,21,20,6.6,7.8,182166,None,No,Hostel,Yes,7.43,6,3,5.49
STU103677,24,Female,8,IT,78,7.8,74,150,31,8.1,7.4,146841,Postgraduate,No,Day Scholar,Yes,9.45,7,4,7.9
STU103678,21,Male,4,ECE,72,2.5,44,89,43,5.6,1.0,156585,School,Yes,Day Scholar,Yes,7.28,2,4,6.97
STU103679,23,Female,6,EEE,59,8.6,100,64,32,8.4,7.7,17041,Postgraduate,Yes,Hostel,No,9.33,6,1,8.56
STU103680,23,Female,4,ME,94,4.4,39,63,20,8.3,,116528,School,No,Day Scholar,No,5.81,6,2,6.92
STU103681,19,Male,4,ECE,51,3.5,78,36,83,5.8,4.1,115077,Graduate,Yes,Hostel,Yes,5.16,7,4,6.95
STU103682,24,Female,2,ME,52,8.1,82,59,58,5.2,4.2,144494,Grad,No,Hostel,Yes,9.03,1,1,7.5
STU103683,18,Female,6,DS,99,4.7,46,50,94,4.3,5.9,112031,Postgraduate,Yes,Day Scholar,No,5.09,3,3,7.61
STU103684,18,Male,8,DS,67,2.8,53,40,64,7.7,2.7,35134,Postgraduate,Yes,Day Scholar,Yes,5.49,1,2,7.19
STU103685,20,Male,7,CE,84,0.9,49,98,78,4.3,6.4,245436,None,Yes,Day Scholar,No,7.47,1,1,7.74
STU103686,21,Male,4,EEE,49,4.6,66,33,94,7.9,1.9,172258,Graduate,No,Hostel,Yes,5.46,1,3,6.95
STU103687,23,Female,8,EEE,71,5.6,76,90,55,4.1,8.2,199195,School,No,Hostel,Yes,9.09,7,4,9.11
STU103688,22,Male,8,IT,57,7.7,44,36,23,8.0,3.7,184463,School,No,Day Scholar,No,8.47,0,3,6.42
STU103689,24,Male,7,ECE,64,2.3,72,32,72,8.9,5.0,175088,None,No,Day Scholar,No,9.63,1,2,8.23
STU103690,19,Female,6,CE,57,7.5,48,85,80,5.4,4.6,157403,None,Yes,Day Scholar,No,8.66,4,1,8.71
STU103691,24,Male,1,IT,73,1.0,42,82,50,6.5,4.9,266433,School,No,Day Scholar,No,8.1,7,0,7.32
STU103692,25,Male,7,IT,53,7.0,74,65,48,8.3,6.1,286113,Postgraduate,No,Hostel,No,8.32,3,3,7.2
STU103693,18,Female,2,CSE,56,5.4,57,49,90,6.9,4.8,118940,Postgraduate,Y,Hostel,Yes,7.97,2,4,7.49
STU103694,25,Female,5,DS,73,7.2,45,59,40,6.0,0.8,167726,School,No,Day Scholar,Yes,5.63,2,1,7.01
STU103695,19,Male,7,IT,46,5.0,40,95,72,6.2,7.9,147382,Postgraduate,Yes,Hostel,No,8.49,8,4,8.01
STU103696,18,Male,7,DS,72,0.0,88,23,93,5.2,4.5,47236,None,Yes,Day Scholar,No,7.12,6,1,7.76
STU103697,22,Female,7,DS,77,2.2,38,95,89,8.3,4.5,221434,Postgraduate,No,Day Scholar,Yes,7.15,5,3,8.14
STU103698,19,Male,3,AI&ML,76,7.5,38,60,32,8.8,6.3,217874,None,No,Day Scholar,No,5.68,1,0,6.85
STU103699,24,Male,1,CSE,70,7.7,77,58,78,7.7,6.3,230705,None,Yes,Hostel,No,8.53,7,4,9.1
STU103700,19,Male,3,DS,59,8.0,84,21,23,6.9,5.9,166647,None,No,Day Scholar,No,8.37,7,1,7.07
STU103701,25,Male,4,IT,68,4.1,93,79,79,5.5,2.4,252303,None,Yes,Day Scholar,Yes,8.96,3,4,8.51
STU103702,24,Male,2,CE,91,7.0,72,50,68,4.9,7.9,179883,Postgraduate,Yes,Day Scholar,No,6.06,2,2,8.01
STU103703,23,Male,2,DS,53,3.3,98,62,55,7.1,2.4,91107,School,Yes,Hostel,No,7.86,5,1,8.27
STU103704,23,Female,7,CE,52,10.0,93,99,77,7.9,7.1,297156,Postgraduate,No,Day Scholar,No,9.4,8,3,10
STU103705,21,Male,2,IT,100,0.8,61,90,29,5.6,,202269,None,Yes,Hostel,No,7.01,7,0,6.88
STU103706,19,Female,8,ME,57,6.9,52,96,92,7.2,6.1,179080,Grad,No,Day Scholar,Yes,7.95,7,4,9.77
STU103707,25,Female,7,ECE,90,7.9,59,92,100,5.1,1.2,178388,Graduate,No,Hostel,Yes,6.48,6,3,10
STU103708,23,Female,2,CE,49,8.0,41,59,47,4.5,8.5,181659,None,No,Day Scholar,Yes,6.03,7,2,6.4
STU103709,21,Male,1,EEE,79,8.0,52,90,77,6.5,3.3,252662,None,No,Hostel,Yes,5.19,2,3,9.07
STU103710,22,Male,7,CSE,49,8.1,46,41,41,8.1,5.5,68577,Postgraduate,No,Hostel,Yes,6.22,8,4,6.59
STU103711,19,Female,3,DS,66,8.6,72,20,57,7.1,2.3,21325,None,Yes,Hostel,No,7.43,6,4,7.2
STU103712,19,Female,6,IT,58,6.2,83,87,29,5.7,6.0,98624,Graduate,Yes,Day Scholar,Yes,7.96,5,3,7.85
STU103713,21,Female,1,AI&ML,91,6.7,91,90,42,5.0,1.5,233185,Postgraduate,No,Day Scholar,No,8.34,1,3,8.11
STU103714,23,Female,3,ME,78,7.5,86,26,52,6.4,8.5,164284,Postgraduate,No,Hostel,No,7.91,0,0,7.43
STU103715,22,Female,2,DS,70,8.9,42,27,70,6.7,2.4,284987,Graduate,No,Hostel,Yes,7.31,6,3,7.69
STU103716,23,Male,6,CE,66,3.9,60,65,79,8.0,3.1,227959,Graduate,No,Day Scholar,No,7.64,3,0,8.3
STU103717,25,Male,7,ECE,88,7.8,100,65,46,5.2,1.8,204506,None,Yes,Day Scholar,Yes,5.66,6,1,8.37
STU103718,19,Male,5,ECE,,6.2,61,95,70,5.3,1.5,200385,Postgraduate,No,Hostel,No,5.31,1,3,7.96
STU103719,25,Male,2,CE,63,9.0,85,95,51,5.9,6.9,186034,Graduate,Yes,Day Scholar,No,5.93,7,0,8.64
STU103720,22,Female,7,EEE,83,3.8,59,33,66,6.9,4.3,78894,Graduate,Yes,Hostel,No,5.98,0,3,7.03
STU103721,25,Female,1,DS,70,6.0,57,81,35,8.0,0.6,292785,School,Yes,Hostel,Yes,8.11,1,0,7.99
STU103722,23,Male,1,EEE,73,5.7,60,22,69,6.4,3.9,258097,Graduate,Yes,Hostel,No,7.74,3,3,6.66
STU103723,24,Male,8,CE,45,6.6,57,25,100,6.3,3.2,242643,None,Yes,Day Scholar,No,8.56,8,2,8.55
STU103724,21,Male,5,DS,91,3.0,77,56,95,4.2,8.5,144754,None,Yes,Day Scholar,No,8.73,7,2,8.59
STU103725,21,Female,1,IT,65,2.5,43,36,81,8.0,7.3,238603,None,Yes,Hostel,No,8.35,5,0,6.81
STU103726,20,Female,8,EEE,95,3.6,46,38,37,7.2,5.9,257520,Postgraduate,No,Day Scholar,No,8.87,6,4,6.96
STU103727,18,Female,7,ME,47,6.9,88,100,71,5.1,3.1,120672,School,Yes,Hostel,Yes,5.88,1,1,8.89
STU103728,21,Female,1,IT,60,1.1,73,86,52,6.9,7.3,211475,None,No,Hostel,Yes,8.44,2,1,8.07
STU103729,25,Female,3,IT,81,1.1,84,93,48,6.5,8.5,22540,Postgraduate,No,Day Scholar,Yes,5.4,3,1,7.0
STU103730,19,Male,6,CSE,70,9.5,59,95,38,5.6,8.1,252583,Postgraduate,No,Day Scholar,Yes,6.54,5,0,8.6
STU103731,19,Male,5,ECE,96,7.3,86,59,20,8.3,1.0,48336,School,Yes,Day Scholar,No,5.17,3,0,8.17
STU103732,23,Male,4,EEE,58,0.9,53,47,38,4.6,6.0,259513,Graduate,No,Hostel,No,8.82,7,3,5.65
STU103733,20,Female,3,ME,90,1.9,74,55,51,4.7,1.9,248578,School,Yes,Hostel,Yes,7.14,1,4,7.48
STU103734,20,Male,3,IT,78,8.9,58,28,61,4.2,7.7,237385,None,No,Hostel,No,9.01,8,0,8.85
STU103735,19,Female,1,CSE,95,9.9,75,96,97,4.8,2.7,221811,Postgraduate,No,Day Scholar,Yes,5.6,6,1,10
STU103736,21,Female,3,IT,64,0.7,92,49,100,5.3,6.3,270246,Postgraduate,No,Hostel,No,6.0,3,3,7.61
STU103737,19,Female,8,EEE,77,9.3,78,95,25,7.4,7.2,113682,School,Yes,Day Scholar,Yes,8.09,5,4,8.76
STU103738,25,Male,2,EEE,74,7.9,53,78,61,eight,0.7,15684,School,Yes,Day Scholar,No,5.2,2,2,8.4
STU103739,23,Male,8,EEE,61,0.8,58,38,48,8.4,5.9,140052,School,Yes,Hostel,No,8.13,0,2,5.67
STU103740,18,Male,3,CE,97,9.7,75,79,67,6.9,4.6,216849,School,No,Day Scholar,Yes,6.3,7,2,10
STU103741,23,Female,4,IT,62,6.3,92,86,44,5.5,3.6,127757,Graduate,Yes,Hostel,Yes,7.65,-1,0,8.77
STU103742,19,Female,1,ECE,70,1.4,77,47,26,6.4,1.2,100822,None,Yes,Hostel,No,5.51,3,0,5.51
STU103743,25,Female,6,CSE,60,4.8,49,42,44,6.8,5.0,238464,Graduate,No,Day Scholar,No,6.87,6,2,6.44
,19,Female,7,CE,49,1.1,64,84,98,7.1,1.0,170230,Postgraduate,Yes,Hostel,No,9.43,7,2,9.03
STU103745,19,Female,5,IT,58,5.8,83,49,63,4.3,4.0,183961,School,Yes,Day Scholar,Yes,5.93,1,1,7.12
STU103746,24,Male,7,DS,79,0.5,76,74,49,6.3,7.2,210274,School,Yes,Day Scholar,No,8.42,6,4,7.54
STU103747,25,Female,1,CE,81,4.5,68,38,36,7.5,5.8,70879,Graduate,No,Day Scholar,No,7.21,2,1,7.23
STU103748,18,Female,2,DS,46,0.2,51,42,23,4.8,1.0,52225,School,Yes,Day Scholar,Yes,6.19,1,4,4.09
STU103749,19,Male,5,IT,76,7.3,35,87,25,5.5,5.1,201922,None,No,Day Scholar,Yes,9.16,6,0,8.4
STU103750,21,Female,7,DS,48,0.7,43,65,29,4.3,4.9,296830,School,Yes,Hostel,Yes,6.57,1,2,4.54
STU103751,24,Female,1,DS,95,7.5,48,42,27,6.1,7.8,33419,School,Yes,Day Scholar,No,5.77,4,0,6.86
STU103752,20,Male,8,EEE,67,1.9,35,86,96,4.8,1.1,47158,School,Yes,Day Scholar,Yes,6.57,4,2,7.68
STU103753,25,Male,4,IT,89,10.0,77,89,68,7.9,7.4,243972,None,No,Hostel,Yes,5.75,3,2,9.53
STU103754,24,Male,8,EEE,58,0.3,51,96,88,4.6,5.6,67650,Postgraduate,Y,Hostel,No,8.52,3,1,8.12
STU103755,25,Female,3,DS,56,1.5,84,24,67,7.0,6.9,271732,None,No,Day Scholar,No,8.65,2,0,7.58
STU103756,25,Male,7,DS,64,7.8,45,71,31,8.9,1.4,215015,None,Yes,Hostel,Yes,8.01,2,4,6.77
STU103757,22,Female,2,IT,86,5.6,57,45,36,4.6,1.7,223972,None,No,Day Scholar,No,7.55,6,0,7.39
STU103758,22,Female,2,DS,45,3.6,63,48,84,4.7,8.8,284932,None,Yes,Hostel,Yes,11.5,1,3,6.11
STU103759,25,Male,2,ME,88,3.2,96,23,39,8.4,4.6,160591,Postgraduate,No,Day Scholar,No,8.72,6,1,7.67
STU103760,21,Female,5,ME,80,3.0,55,51,45,7.9,4.9,32696,Grad,Yes,Day Scholar,Yes,5.32,3,2,6.13
STU103761,23,Male,8,CSE,96,6.8,81,28,41,6.2,8.5,213032,School,Yes,Hostel,Yes,5.74,4,3,7.2
STU103762,20,Female,4,IT,54,5.8,48,46,76,7.2,1.7,22447,School,Yes,Hostel,No,7.4,4,3,7.96
STU103763,24,Male,3,CE,45,6.3,54,49,84,6.0,7.6,223316,None,Yes,Day Scholar,Yes,6.75,1,4,7.46
STU103764,24,Male,7,DS,48,5.6,39,83,59,4.1,5.1,251830,None,No,Hostel,Yes,5.83,5,?,7.17
STU103765,22,Male,4,ECE,57,9.7,39,43,38,8.5,8.4,170070,School,Yes,Day Scholar,Yes,8.58,1,2,7.52
STU103766,21,Female,3,EEE,68,4.7,49,42,73,6.0,8.1,281169,Graduate,No,Hostel,Yes,7.32,0,2,7.12
STU103767,25,Male,1,ECE,57,4.6,55,99,25,7.2,7.5,132489,School,No,Hostel,No,7.63,1,3,7.48
STU103768,21,Female,3,CE,77,6.7,39,30,90,5.9,8.3,197316,School,No,Hostel,No,7.05,5,4,7.11
STU103769,24,Male,3,CE,79,2.6,73,27,84,6.7,2.3,264578,School,Yes,Day Scholar,Yes,7.73,3,0,8.16
STU103770,20,Female,3,EEE,69,4.1,70,53,99,5.3,3.1,245179,School,No,Hostel,No,7.57,8,1,8.99
STU103771,25,Female,3,CSE,94,7.6,65,75,71,5.8,2.7,242409,Postgraduate,No,Day Scholar,Yes,9.15,4,0,9.75
STU103772,22,Male,8,DS,56,5.6,56,69,93,5.5,,195988,School,No,Hostel,No,6.88,1,1,7.93
STU103773,21,Female,1,IT,66,0.4,73,77,93,8.5,2.5,295804,Graduate,Yes,Day Scholar,Yes,8.69,8,2,9.31
STU103774,20,Female,6,DS,66,5.8,45,45,58,5.4,7.0,160999,Postgraduate,No,Day Scholar,Yes,6.65,7,3,6.77
STU103775,22,Female,8,DS,85,7.8,50,29,45,6.2,7.8,39534,Graduate,No,Hostel,Yes,5.4,4,4,7.16
STU103776,18,Female,5,ECE,51,7.7,42,58,41,6.2,7.3,299558,Graduate,Yes,Day Scholar,No,8.08,8,4,7.3
STU103777,23,Male,4,IT,64,2.3,51,37,36,6.3,6.7,137143,School,Yes,Day Scholar,Yes,8.37,4,3,6.25
STU103778,18,Male,2,CSE,66,1.1,86,95,82,4.4,3.3,91465,None,Yes,Hostel,Yes,8.42,2,3,8.43
STU103779,21,Male,4,ECE,96,1.9,37,63,38,4.3,4.2,150901,Graduate,No,Day Scholar,No,5.08,3,0,6.32
STU103780,21,Female,7,ECE,65,5.8,88,91,35,4.8,1.8,114279,Postgraduate,Yes,Day Scholar,No,7.83,1,4,8.36
STU103781,18,Female,5,DS,80,1.3,79,22,89,7.3,2.1,94788,Postgraduate,Yes,Hostel,Yes,9.58,4,2,7.53
STU103782,23,Female,2,ECE,56,1.3,99,23,91,4.1,4.1,115165,None,No,Day Scholar,Yes,6.07,1,2,7.78
STU103783,18,Female,3,IT,100,8.1,57,61,52,8.5,1.9,223909,Grad,Yes,Day Scholar,No,6.64,1,1,8.12
STU103784,21,Male,5,EEE,100,0.3,35,73,33,6.8,0.6,50050,School,No,Hostel,No,6.85,5,3,6.65
STU103785,25,Male,5,EEE,73,9.7,57,68,68,4.8,6.2,277776,Graduate,Yes,Hostel,Yes,8.87,5,4,9.47
STU103786,24,Female,7,EEE,81,3.9,61,76,100,5.8,4.9,192339,School,No,Day Scholar,No,7.4,7,4,9.28
STU103787,24,Male,7,EEE,76,5.8,46,61,46,8.0,1.0,235715,School,Yes,Day Scholar,No,9.34,5,4,7.55
STU103788,21,Male,6,DS,64,4.0,71,60,35,8.3,2.8,230814,School,No,Hostel,No,6.64,5,2,7.34
STU103789,18,Male,4,CSE,74,0.5,99,68,81,6.6,3.6,23939,Graduate,Yes,Hostel,Yes,7.87,8,4,8.62
STU103790,21,Female,7,EEE,48,0.4,75,97,47,5.4,8.0,269504,Graduate,Yes,Hostel,No,9.44,7,4,7.23
STU103791,20,Female,7,EEE,88,2.7,53,81,56,6.3,1.7,168460,Postgraduate,Yes,Day Scholar,No,9.1,6,2,8.84
STU103792,19,Male,5,ECE,96,7.5,54,75,96,6.8,7.9,74942,Graduate,Yes,Day Scholar,Yes,7.21,4,2,9.02
STU103793,21,Female,4,CSE,83,4.5,87,46,43,5.1,3.0,164673,School,No,Day Scholar,No,8.99,2,3,8.03
STU103794,18,Male,5,ECE,57,9.1,70,68,25,8.1,8.8,279359,School,Yes,Hostel,Yes,5.53,3,3,7.47
STU103795,18,Female,1,IT,68,0.0,63,32,62,5.0,3.8,17235,None,Yes,Day Scholar,Yes,5.21,2,?,6.47
STU103796,22,Female,3,EEE,98,0.2,82,56,40,8.4,5.7,111861,School,No,Hostel,Yes,8.4,5,2,7.84
STU103797,25,Female,3,DS,54,1.1,38,96,98,7.2,2.0,160351,Postgraduate,No,Day Scholar,No,7.0,6,0,8.25
STU103798,21,Male,7,ME,87,8.8,73,74,38,5.2,1.5,230791,Graduate,Yes,Day Scholar,Yes,5.5,2,0,8.66
STU103799,21,Female,1,DS,84,2.2,95,56,51,4.8,0.6,250206,None,Yes,Day Scholar,Yes,7.59,6,4,7.33
STU103800,25,Female,4,ECE,99,3.7,73,41,32,7.1,8.4,48760,Graduate,No,Hostel,No,8.69,4,1,7.75
STU103801,24,Male,1,ME,62,7.3,61,52,77,5.8,1.8,17752,School,No,Day Scholar,Yes,7.94,3,4,7.59
STU103802,21,Female,5,ME,70,4.1,47,60,22,8.6,7.6,252661,Graduate,No,Day Scholar,Yes,8.16,3,4,5.58
STU103803,20,Male,3,ECE,52,4.1,70,75,40,8.0,8.6,42486,School,No,Day Scholar,No,8.24,0,4,7.02
STU103804,22,Female,7,CSE,70,9.1,38,44,96,4.2,1.3,178794,Graduate,No,Hostel,No,5.53,5,2,8.17
STU103805,23,Female,3,CSE,76,2.7,40,90,87,6.8,7.9,297222,Graduate,Yes,Day Scholar,Yes,6.72,8,0,8.15
STU103806,20,Male,6,DS,59,5.3,82,28,92,5.6,3.8,182944,School,Yes,Hostel,Yes,8.66,8,3,8.47
STU103807,25,Male,5,CSE,50,6.6,73,57,97,eight,5.8,188164,Graduate,No,Hostel,Yes,7.38,2,3,9.38
STU103808,19,Female,6,ECE,79,8.3,36,88,84,8.7,0.7,221918,Graduate,No,Hostel,No,7.54,7,1,9.99
STU103809,18,Male,8,CE,82,9.6,46,35,24,7.6,1.8,206326,None,Yes,Day Scholar,Yes,6.46,8,3,7.62
STU103810,20,Male,6,CSE,99,5.7,50,93,63,8.5,3.9,84033,School,No,Hostel,Yes,7.63,7,0,8.83
STU103811,24,Male,6,IT,90,6.9,65,76,82,4.1,1.7,231652,Postgraduate,Yes,Hostel,No,7.82,3,2,9.93
STU103812,20,Female,1,ECE,96,0.2,69,55,67,5.9,7.1,139613,School,No,Hostel,Yes,9.63,8,4,8.48
STU103813,25,Male,2,CE,73,2.9,41,47,52,6.5,2.7,169877,School,Yes,Hostel,Yes,9.5,4,?,7.56
STU103814,23,Female,4,IT,71,8.8,60,93,34,4.6,5.6,43586,Graduate,Yes,Day Scholar,No,5.5,4,1,7.3
STU103815,24,Female,2,CE,76,-3,50,67,93,4.2,2.1,273862,Postgraduate,No,Hostel,Yes,9.39,6,1,8.81
STU103816,23,Male,7,DS,73,0.3,72,82,58,8.5,5.9,125837,Graduate,Yes,Hostel,No,9.19,5,3,8.12
STU103817,23,Male,9,ECE,64,8.7,38,35,81,6.3,6.3,292191,Postgraduate,No,Day Scholar,Yes,8.71,7,0,8.13
STU103818,19,Female,1,EEE,47,7.1,42,76,34,8.6,5.5,139890,Postgraduate,No,Day Scholar,No,11.5,0,1,6.44
STU103819,24,Female,2,CE,63,5.9,45,26,73,5.2,1.1,164654,Postgraduate,No,Day Scholar,No,6.95,7,1,8.12
STU103820,19,Male,5,ME,95,8.3,36,36,43,8.9,5.6,42605,None,No,Day Scholar,Yes,5.6,8,4,6.79
STU103821,21,Female,4,AI&ML,56,9.6,46,90,42,7.9,3.6,246357,None,No,Hostel,No,7.82,3,3,8.35
STU103822,20,Female,1,IT,81,9.1,46,81,58,4.4,6.5,46120,Postgraduate,No,Day Scholar,Yes,5.05,6,2,7.43
STU103823,22,Male,8,CSE,65,8.2,64,61,49,7.0,5.5,62162,Postgraduate,No,Day Scholar,Yes,5.97,1,1,8.19
STU103824,24,Male,6,CE,61,9.8,87,59,28,6.5,6.2,156874,School,No,Hostel,No,7.11,3,3,7.7
STU103825,23,Male,6,IT,83,2.2,93,89,85,5.7,6.4,60913,Graduate,No,Day Scholar,No,9.0,5,3,8.99
STU103826,25,Female,5,IT,50,8.7,94,77,51,7.0,4.0,159809,None,No,Day Scholar,Yes,9.26,7,0,9.48
STU103827,24,Male,7,IT,59,3.7,48,33,56,6.6,8.5,60705,None,No,Day Scholar,Yes,6.65,2,2,6.54
STU103828,18,Male,3,ECE,76,0.5,77,20,65,8.6,2.8,177435,Graduate,No,Hostel,No,6.94,3,1,6.94
STU103829,23,Male,1,ME,82,4.6,36,51,22,8.6,1.1,99062,Postgraduate,Yes,Hostel,No,6.41,1,2,6.69
STU103830,20,Female,2,CE,48,0.9,60,90,44,8.9,7.0,210654,Graduate,Yes,Day Scholar,No,7.69,0,4,7.07
STU103831,20,Female,3,EEE,61,0.1,66,76,80,5.4,6.8,110522,Graduate,No,Hostel,No,7.95,7,0,8.38
STU103832,21,Female,3,ECE,88,1.2,90,54,45,5.8,3.5,215004,None,Yes,Hostel,Yes,6.41,-1,2,7.28
STU103833,25,Male,3,IT,69,5.4,57,95,41,8.5,0.7,222644,Graduate,Yes,Hostel,No,9.53,8,0,8.32
STU103834,20,Female,6,CE,87,5.5,49,74,21,7.9,6.0,93537,School,Yes,Day Scholar,No,8.97,1,1,7.57
STU103835,18,Male,3,ECE,55,8.5,95,31,34,5.5,6.7,65441,None,Yes,Hostel,Yes,9.18,0,1,7.43
STU103836,24,Female,3,DS,85,1.9,43,49,50,8.7,0.6,222696,Postgraduate,No,Hostel,Yes,7.28,1,3,6.18
STU103837,19,Female,2,CSE,55,3.3,72,39,70,4.4,6.2,43884,School,Yes,Hostel,No,8.52,7,3,7.98
STU103838,20,Female,3,DS,68,4.9,49,29,87,4.9,1.1,145073,Graduate,No,Hostel,No,7.47,6,4,7.41
STU103839,18,Female,3,ECE,45,6.3,92,90,39,6.7,2.8,185633,None,Yes,Hostel,Yes,5.8,6,1,8.08
STU103840,22,Female,5,CSE,76,1.9,50,23,86,8.9,8.8,18371,Graduate,No,Hostel,No,6.14,7,0,7.14
STU103841,23,Female,6,ECE,85,5.8,81,69,70,6.4,2.8,104496,Postgraduate,Yes,Hostel,Yes,9.22,3,3,8.73
STU103842,25,Male,4,IT,48,7.0,87,63,98,6.0,5.0,22699,School,No,Day Scholar,Yes,9.24,2,2,9.86
STU103843,21,Male,5,CSE,59,8.3,64,34,68,6.8,3.2,68878,None,No,Hostel,No,9.05,3,3,8.15
STU103844,24,Male,6,DS,62,8.1,60,70,57,7.9,8.6,205059,Postgraduate,No,Day Scholar,No,6.74,7,2,8.96
STU103845,21,Male,8,CE,55,8.3,51,96,80,5.9,1.6,34337,None,Yes,Day Scholar,Yes,9.22,6,0,9.93
STU103846,21,Male,7,CE,87,1.4,84,31,32,6.0,2.1,163769,School,No,Hostel,No,9.79,3,2,6.28
STU103847,22,Female,5,ECE,49,2.6,62,89,72,8.2,7.0,252463,None,No,Day Scholar,No,7.23,3,0,8.01
STU103848,23,Female,5,DS,58,4.0,45,60,33,5.8,3.7,228423,None,No,Hostel,No,7.81,3,2,6.12
STU103849,20,Female,3,ECE,83,9.8,75,94,94,8.9,8.9,274437,School,Yes,Day Scholar,Yes,7.03,1,1,10
STU103850,25,Female,8,CSE,75,3.9,86,97,36,8.7,3.1,275914,School,No,Day Scholar,Yes,9.43,8,1,9.05
STU103851,24,Female,1,EEE,50,8.7,36,150,31,8.7,4.7,135165,Graduate,Yes,Day Scholar,No,8.31,2,3,7.04
STU103852,25,Male,5,DS,48,7.6,75,93,46,4.6,2.8,255444,Graduate,Yes,Hostel,No,7.06,8,3,8.94
STU103853,19,Male,5,CSE,68,1.9,71,94,26,6.9,6.2,283296,None,Yes,Day Scholar,Yes,6.23,0,3,6.48
STU103854,18,Male,4,DS,85,3.1,45,94,100,5.5,5.4,143797,Graduate,No,Hostel,Yes,5.26,1,3,7.97
STU103855,19,Female,4,CE,84,1.0,76,55,81,5.1,2.2,267258,Graduate,Yes,Hostel,No,8.76,6,2,8.69
STU103856,19,Female,6,CSE,95,4.3,64,21,46,5.2,3.0,172990,Postgraduate,No,Day Scholar,Yes,7.25,2,4,6.42
STU103857,19,Female,7,ME,82,3.0,59,24,58,7.4,1.3,219774,None,No,Day Scholar,No,6.74,4,2,6.37
STU103858,18,Female,8,ME,90,6.5,74,90,94,5.5,3.9,53019,Postgraduate,Yes,Day Scholar,No,6.31,4,3,9.24
STU103859,22,Male,1,ME,51,6.4,40,54,92,8.6,5.6,72462,Postgraduate,Yes,Day Scholar,Yes,9.71,8,3,9.09
STU103860,23,Male,6,DS,65,5.4,36,74,35,6.5,6.0,110160,Graduate,Yes,Hostel,No,8.92,8,4,7.41
STU103861,20,Male,3,EEE,94,7.1,99,93,31,5.5,6.2,74947,None,Yes,Day Scholar,No,7.91,0,2,8.57
STU103862,24,Female,3,CSE,45,3.4,41,90,48,4.1,4.1,230689,Graduate,Yes,Day Scholar,No,5.01,7,2,6.36
STU103863,21,Female,6,CE,69,5.8,52,57,46,6.7,7.2,211742,None,Yes,Day Scholar,No,8.01,1,2,6.45
STU103864,18,Female,1,CSE,54,0.8,41,32,67,6.9,0.8,64225,None,Yes,Day Scholar,Yes,6.0,4,0,5.96
STU103865,23,Female,7,ECE,47,0.5,74,85,45,6.1,0.8,31722,Graduate,No,Day Scholar,Yes,7.05,8,3,7.29
STU103866,23,Female,1,IT,71,4.4,62,46,20,8.8,6.3,31891,None,Yes,Hostel,Yes,7.93,3,4,5.84
STU103867,23,Female,4,ME,87,0.7,76,84,23,7.6,8.0,87997,Graduate,No,Day Scholar,No,8.98,6,3,6.93
STU103868,24,Male,2,CSE,71,4.1,91,93,28,6.1,5.7,154511,Graduate,No,Day Scholar,Yes,9.39,0,1,8.56
STU103869,19,Male,4,DS,89,8.0,53,76,71,7.8,4.0,94511,Postgraduate,Y,Day Scholar,Yes,6.87,3,2,9.62
STU103870,25,Male,4,ECE,72,4.1,75,27,91,6.5,2.5,186919,None,No,Day Scholar,No,6.5,0,1,8.32
STU103871,22,Female,8,CSE,85,2.9,47,72,91,6.4,8.4,237165,None,Yes,Hostel,Yes,5.74,0,1,7.82
STU103872,24,Female,2,IT,72,7.0,45,79,93,7.8,1.5,49111,School,No,Hostel,Yes,9.31,4,0,9.33
STU103873,24,Male,8,CE,75,3.0,38,22,73,6.7,3.3,91150,School,Yes,Hostel,Yes,6.83,3,3,6.14
STU103874,23,Male,6,EEE,93,5.4,99,79,98,5.9,2.2,125618,Graduate,Yes,Day Scholar,No,5.37,2,2,9.22
STU103875,18,Female,7,IT,46,3.7,42,150,49,7.7,1.5,208717,Graduate,Yes,Hostel,No,5.85,3,1,5.82
STU103876,22,Male,2,IT,100,1.5,64,92,89,5.0,5.8,183161,Postgraduate,Yes,Day Scholar,Yes,6.85,5,0,8.65
STU103877,19,Female,4,ME,81,3.1,45,78,67,5.5,4.4,284541,None,Yes,Day Scholar,Yes,8.33,4,0,8.54
STU103878,21,Female,7,CSE,76,0.8,96,42,81,6.9,3.7,39846,Postgraduate,No,Day Scholar,No,5.64,0,3,7.56
STU103879,22,Male,5,ECE,57,-3,99,75,76,6.0,8.3,72558,Graduate,No,Day Scholar,No,5.92,2,4,9.19
STU103880,20,Female,8,IT,81,5.9,79,67,93,6.3,4.1,200337,School,Yes,Day Scholar,Yes,6.57,6,3,9.07
STU103881,18,Female,4,CSE,71,8.9,38,28,60,4.5,6.4,104268,School,No,Hostel,Yes,7.13,5,4,7.56
STU103882,18,Male,9,CE,89,5.9,42,54,83,6.2,8.9,196680,Postgraduate,Yes,Hostel,Yes,9.33,6,1,8.63
STU103883,19,Female,4,ECE,82,7.9,97,44,39,6.6,2.4,285439,None,No,Hostel,Yes,7.17,1,1,8.11
STU103884,24,Male,3,CSE,85,5.1,57,82,83,6.7,8.5,unknown,Graduate,No,Hostel,Yes,9.63,4,3,8.93
STU103885,23,Male,3,ME,80,-3,93,47,25,4.7,8.8,99995,Postgraduate,No,Day Scholar,No,7.83,6,0,7.74
STU103886,23,Male,1,IT,55,4.1,56,47,32,4.1,6.5,220348,School,No,hostel,No,9.59,4,4,6.27
STU103887,18,Female,4,ME,73,6.1,91,53,88,8.9,8.9,147979,Graduate,Yes,Day Scholar,No,7.91,4,0,9.22
STU103888,19,Female,3,EEE,96,6.7,87,59,20,4.3,3.5,24308,School,No,Day Scholar,No,9.49,6,4,7.67
STU103889,23,Female,4,AI&ML,73,1.5,51,21,23,6.8,0.9,211675,Graduate,Yes,Hostel,No,7.79,8,1,5.68
STU103890,22,Female,4,CE,,7.3,91,73,94,5.6,3.7,20504,Graduate,No,Hostel,Yes,8.33,7,1,9.84
STU103891,24,Male,1,ECE,57,7.1,99,89,57,4.2,0.6,207034,None,No,Hostel,No,7.11,3,0,8.41
STU103892,25,Female,8,DS,89,5.2,84,56,75,5.9,5.7,153712,School,No,Hostel,Yes,6.72,3,0,9.0
STU103893,22,Female,4,ECE,49,0.9,96,88,45,7.1,1.1,161459,Graduate,No,Hostel,No,9.09,0,4,7.29
STU103894,23,Male,7,CE,91,4.9,59,59,30,7.0,3.2,279760,None,No,Hostel,Yes,6.23,4,2,7.56
STU103895,25,Female,8,ME,59,0.1,55,99,29,8.3,6.4,47010,Postgraduate,Yes,Day Scholar,Yes,9.02,0,1,6.53
STU103896,23,Female,2,ME,62,6.9,63,88,33,6.9,8.7,289495,Postgraduate,No,Hostel,No,8.83,1,2,7.7
STU103897,24,Male,1,ECE,63,2.1,78,77,21,8.7,7.0,197464,None,No,Day Scholar,Yes,6.44,6,2,6.59
STU103898,23,Male,8,IT,60,8.8,95,35,45,7.1,0.7,270855,None,Yes,Day Scholar,No,9.63,5,0,8.96
STU103899,18,Male,3,ECE,94,4.5,88,28,32,7.8,4.3,94053,None,Yes,Day Scholar,Yes,8.44,0,0,7.41
STU103900,20,Male,3,IT,93,1.3,83,88,53,5.1,6.0,259335,None,No,Hostel,No,5.13,8,2,8.65
STU103901,25,Male,2,IT,71,9.1,75,99,93,4.5,8.5,54628,School,Yes,Hostel,No,7.42,2,4,9.87
STU103902,21,Female,3,EEE,79,2.9,78,66,21,8.9,7.3,261002,Postgraduate,Yes,Day Scholar,Yes,5.67,6,2,7.19
STU103903,19,Female,6,CE,47,0.4,96,45,33,8.9,6.7,188505,Graduate,Yes,Hostel,Yes,9.27,6,3,6.15
STU103904,23,Female,4,EEE,66,3.2,77,90,31,7.5,8.1,252857,Graduate,No,Hostel,Yes,7.18,7,3,7.18
STU103905,18,Female,6,ECE,59,1.5,84,90,75,8.8,6.0,176826,Graduate,No,Hostel,Yes,7.02,4,0,7.92
STU103906,22,Male,2,DS,91,1.9,87,84,50,4.7,4.8,265347,None,No,Day Scholar,Yes,7.11,0,2,7.35
STU103907,22,Male,8,CSE,97,8.8,78,66,24,7.8,4.3,58981,Graduate,No,Hostel,Yes,7.48,3,3,8.48
STU103908,18,Male,3,CE,48,2.4,48,59,86,6.0,2.1,59727,None,Yes,Hostel,No,7.71,4,2,7.48
STU103909,25,Female,6,EEE,94,5.3,44,64,20,8.1,8.8,145186,School,No,Day Scholar,No,9.25,2,0,7.03
STU103910,25,Female,5,DS,72,7.2,75,91,31,6.8,8.3,106346,None,No,Day Scholar,No,7.59,8,4,8.77
STU103911,18,Male,6,EEE,87,6.4,50,91,37,4.3,5.5,276962,Graduate,Yes,Hostel,No,8.0,6,2,8.17
STU103912,25,Male,6,ME,66,0.7,65,65,60,5.7,7.5,115687,Graduate,No,Day Scholar,Yes,9.61,8,4,6.98
STU103913,18,Male,7,ME,47,5.0,59,60,21,7.5,1.8,102096,Postgraduate,Yes,Hostel,Yes,6.89,8,0,6.68
STU103914,19,Female,3,EEE,57,4.4,67,42,47,8.7,6.5,278293,None,No,Day Scholar,Yes,8.35,5,2,6.98
STU103915,22,Female,2,CSE,54,9.0,76,87,28,5.8,6.6,208541,Graduate,Yes,Day Scholar,No,5.78,6,1,8.33
STU103916,22,Male,1,CSE,70,9.5,82,69,58,4.4,3.6,50962,Graduate,Yes,Day Scholar,No,8.61,2,4,8.11
STU103917,22,Female,6,AI&ML,55,8.2,94,26,49,4.4,4.8,121478,Graduate,No,Hostel,Yes,6.93,3,3,7.76
STU103918,20,Male,8,CE,71,6.2,70,97,23,4.5,7.5,97541,None,Yes,Hostel,Yes,7.22,6,4,7.5
STU103919,20,Female,4,DS,64,6.5,57,51,37,7.3,7.4,264116,Graduate,No,Hostel,Yes,7.96,1,0,6.66
STU103920,24,Male,3,IT,50,5.5,87,49,66,4.7,2.0,148617,School,No,Day Scholar,No,5.38,7,3,7.14
STU103921,21,Female,8,CE,53,3.6,45,150,46,4.2,6.7,242299,School,Yes,Hostel,Yes,5.03,1,4,4.7
STU103922,20,Male,2,IT,87,1.1,35,80,52,6.2,0.8,19248,School,No,Day Scholar,Yes,7.5,0,4,6.86
STU103923,23,Male,7,DS,69,4.7,42,52,54,6.0,6.5,44750,None,No,Hostel,Yes,8.2,2,1,6.47
STU103924,21,Female,2,CE,76,1.9,37,50,56,7.2,8.2,172176,Graduate,Yes,Day Scholar,Yes,5.6,4,4,6.47
STU103925,22,male,6,ME,79,7.7,79,50,51,4.7,5.7,66635,School,Yes,Day Scholar,Yes,8.91,6,0,8.17
STU103926,23,Female,4,CE,81,4.3,39,88,64,6.4,4.6,70147,School,Yes,Day Scholar,No,7.4,4,2,7.78
STU103927,24,Male,4,IT,59,7.8,70,74,44,7.1,1.3,296011,None,Yes,Hostel,No,5.25,4,1,7.46
,20,Male,1,EEE,62,2.6,49,44,88,9.0,3.9,160285,School,Yes,Day Scholar,Yes,7.12,2,4,7.66
STU103929,23,Male,8,CE,98,3.2,88,77,64,5.3,8.8,226593,None,Yes,Hostel,No,8.14,5,4,9.03
STU103930,20,Female,3,ME,73,3.5,94,28,25,5.3,5.8,189677,School,No,Hostel,No,8.88,2,1,6.95
STU103931,21,Male,8,EEE,87,2.9,50,54,40,6.6,7.6,105767,None,Yes,Day Scholar,Yes,7.09,7,4,6.74
STU103932,19,Male,4,DS,79,1.4,64,70,37,6.9,8.8,36317,Postgraduate,Yes,Hostel,No,6.76,8,0,7.25
STU103933,24,Male,8,ME,65,6.0,79,61,30,5.7,2.3,87430,Postgraduate,Yes,Hostel,Yes,5.34,1,3,6.32
STU103934,25,Male,4,CSE,49,5.6,98,99,81,8.8,4.3,247090,Postgraduate,No,Day Scholar,No,5.83,5,0,8.98
STU103935,18,Female,2,EEE,60,7.3,48,88,74,4.6,6.3,96402,Postgraduate,Yes,Hostel,Yes,9.09,2,3,8.26
STU103936,21,Female,8,ME,65,5.0,43,33,68,7.0,3.3,25850,School,No,hostel,No,9.34,1,3,6.87
STU103937,23,Female,7,EEE,75,8.1,52,47,48,5.8,2.8,80862,Graduate,No,Day Scholar,Yes,7.95,2,2,7.39
STU103938,18,Male,2,ECE,59,6.4,69,47,26,7.9,4.3,294328,Graduate,No,Day Scholar,Yes,9.66,4,4,7.73
STU103939,24,Female,2,IT,70,8.0,72,83,94,8.3,8.8,266122,Graduate,No,Hostel,No,9.21,4,4,9.51
STU103940,21,Female,6,ECE,84,4.3,37,81,89,8.7,6.0,83423,Graduate,Yes,Hostel,No,5.59,3,4,8.28
STU103941,25,Male,5,EEE,48,1.0,99,61,24,5.3,3.3,164806,Graduate,No,Day Scholar,No,6.39,4,1,5.91
STU103942,21,Female,5,CSE,53,8.1,76,52,50,4.6,7.3,77641,None,Yes,Day Scholar,No,8.41,5,2,7.83
STU103943,18,Male,5,IT,92,6.9,57,85,26,4.1,1.6,28686,Postgraduate,No,Hostel,No,8.09,5,0,8.24
STU103944,21,Female,1,CSE,99,7.9,42,73,61,7.6,0.8,234383,None,No,Hostel,No,9.35,3,1,9.36
STU103945,25,Male,9,CE,93,9.4,40,76,34,6.6,2.7,208639,School,Yes,Hostel,No,6.29,3,2,7.16
STU103946,24,Female,5,EEE,88,9.1,65,81,80,4.2,7.7,43565,School,No,Day Scholar,No,6.23,0,3,9.02
STU103947,24,Female,7,IT,66,8.4,71,95,98,6.5,4.7,294551,None,No,Hostel,No,9.19,4,1,10
STU103948,20,Female,1,CSE,69,7.6,93,51,57,5.1,8.8,204991,Graduate,Yes,Hostel,No,8.63,4,4,7.71
STU103949,23,Female,4,ECE,47,0.4,83,20,89,8.9,3.8,246013,Postgraduate,Yes,Hostel,No,5.51,1,2,6.98
STU103950,25,Male,7,DS,99,7.8,87,40,27,6.1,4.3,155246,Graduate,No,Hostel,No,8.37,6,0,8.29
STU103951,21,Male,4,EEE,51,7.4,36,77,27,8.7,2.5,280267,None,No,Day Scholar,Yes,6.66,6,2,6.88
STU103952,19,male,3,IT,92,9.7,62,49,62,4.0,4.2,58640,School,No,Day Scholar,No,9.55,3,1,9.19
STU103953,18,Female,3,ME,,9.1,56,100,72,6.3,3.7,196310,Graduate,Yes,Day Scholar,Yes,9.08,1,0,10
STU103954,21,Female,5,DS,80,3.7,71,74,49,eight,7.4,71772,None,No,Hostel,Yes,7.57,1,0,7.25
STU103955,23,Female,4,DS,59,0.0,74,65,29,6.7,3.0,77050,School,No,Hostel,No,6.3,2,0,6.03
STU103956,22,Female,3,ME,63,0.7,61,74,69,5.8,2.0,127607,None,No,Day Scholar,Yes,6.23,6,1,8.1
STU103957,23,Male,2,CSE,53,0.5,90,36,98,7.9,7.7,122779,Postgraduate,Yes,Hostel,No,8.85,5,4,7.7
STU103958,24,Female,1,DS,55,2.3,92,98,42,5.6,7.8,176192,School,No,Day Scholar,No,9.58,5,4,8.37
STU103959,18,Female,6,CSE,73,8.5,64,81,51,7.8,1.6,40819,Postgraduate,No,Day Scholar,Yes,8.52,0,2,8.06
STU103960,19,Male,2,ME,92,1.5,61,94,29,7.9,8.1,259992,None,Yes,Hostel,Yes,7.25,4,1,7.32
STU103961,19,Female,1,EEE,68,7.2,42,27,78,5.9,3.2,225048,School,No,Hostel,No,6.88,2,4,7.38
STU103962,20,Female,6,CSE,52,0.8,99,75,49,5.4,4.6,226963,Postgraduate,No,Hostel,No,6.02,2,2,7.12
STU103963,21,Female,3,ECE,73,4.3,56,99,87,6.1,8.1,175092,Graduate,Yes,Day Scholar,Yes,8.49,7,1,9.6
STU103964,22,Male,3,CE,95,4.0,87,150,94,5.7,3.0,89057,School,Yes,Day Scholar,No,8.88,8,0,10
STU103965,21,Female,2,EEE,90,3.1,94,40,33,7.5,6.5,158587,Graduate,Yes,Day Scholar,No,5.96,7,1,7.19
STU103966,22,Male,5,IT,54,2.7,62,58,78,6.2,0.6,93438,School,Yes,Hostel,No,8.57,6,2,8.55
STU103967,19,Female,1,CSE,71,2.6,55,75,96,4.2,1.1,39858,Graduate,Yes,Day Scholar,Yes,5.66,3,3,8.05
STU103968,25,Female,7,ME,56,0.7,65,99,62,7.2,2.9,272722,None,No,Day Scholar,No,5.26,7,1,8.24
STU103969,24,Male,6,ME,91,2.2,92,89,40,8.9,3.5,280395,None,No,Day Scholar,Yes,5.38,2,2,8.64
STU103970,21,Female,7,ECE,58,8.4,54,25,72,4.7,5.5,130659,Graduate,Yes,Day Scholar,No,9.54,4,2,7.21
STU103971,21,Male,7,ECE,93,4.4,75,33,25,7.6,4.0,253425,None,Yes,Day Scholar,Yes,8.57,6,1,8.05
STU103972,25,Female,4,ME,86,6.8,57,36,78,5.2,7.3,93923,School,Yes,Hostel,No,8.93,8,0,9.16
STU103973,21,Female,6,IT,98,5.1,96,97,68,5.4,3.4,270814,School,Y,Day Scholar,No,8.91,7,4,10
STU103974,25,Male,5,CE,50,4.4,76,89,61,5.5,3.3,215883,Postgraduate,Yes,Day Scholar,No,5.72,8,0,8.47
STU103975,23,Male,7,EEE,69,2.0,52,38,85,4.8,1.6,89552,School,Yes,Day Scholar,Yes,5.54,6,3,7.47
STU103976,21,Male,3,ME,88,6.4,37,68,95,6.1,6.1,241534,None,No,Hostel,No,9.37,3,2,8.86
STU103977,21,Female,7,ME,76,6.7,52,62,42,4.7,7.5,146471,Graduate,No,Day Scholar,Yes,6.59,3,3,7.34
STU103978,25,Male,2,CE,49,0.6,73,44,45,7.7,5.2,231226,None,Yes,Day Scholar,Yes,8.08,5,0,6.59
STU103979,21,Male,4,EEE,80,7.7,59,26,45,4.1,6.4,50054,Postgraduate,Yes,Day Scholar,Yes,5.67,3,4,6.96
STU103980,25,Female,7,ECE,100,4.2,72,82,53,6.3,4.1,94572,Graduate,Yes,hostel,No,6.43,3,1,8.47
STU103981,19,Male,8,DS,99,8.0,77,72,39,6.9,0.5,97177,Postgraduate,No,Day Scholar,No,5.81,0,3,7.85
STU103982,20,Male,4,IT,55,5.5,53,81,55,7.6,0.7,15319,School,Yes,Day Scholar,Yes,6.43,2,0,7.72
,19,Male,8,IT,99,4.6,77,85,52,4.9,7.2,128602,Graduate,Yes,Hostel,No,9.01,3,3,9.05
STU103984,23,Female,7,IT,54,4.7,77,90,51,6.7,0.7,276315,None,No,Hostel,Yes,9.69,5,2,8.31
STU103985,24,Female,1,ME,77,1.6,53,45,41,7.7,4.5,129581,School,No,Day Scholar,No,9.53,3,4,6.92
STU103986,21,Male,3,DS,84,4.4,55,65,59,5.7,2.1,165643,Postgraduate,No,Hostel,Yes,7.78,2,0,7.45
STU103987,19,Male,8,IT,52,2.6,40,29,65,4.9,3.4,165901,Graduate,No,Hostel,No,8.9,3,4,6.65
STU103988,23,Male,6,EEE,91,9.2,82,59,46,6.3,7.0,83756,Graduate,No,Hostel,Yes,8.6,4,1,9.28
STU103989,25,Female,5,DS,78,3.6,65,60,82,8.1,8.3,123136,Postgraduate,Yes,Day Scholar,Yes,7.17,8,4,8.27
STU103990,23,Female,7,IT,55,6.2,99,91,34,5.7,0.8,78168,School,No,Hostel,Yes,5.02,7,1,7.51
STU103991,25,Female,6,ECE,56,3.1,60,94,54,5.4,2.8,236005,None,No,Day Scholar,No,5.4,8,2,7.83
STU103992,23,Female,6,AI&ML,57,0.4,55,45,31,6.7,5.4,276849,Postgraduate,No,Hostel,No,6.51,6,4,4.81
STU103993,22,Female,8,CSE,94,9.5,95,70,72,6.4,5.8,131524,Graduate,No,Day Scholar,Yes,6.82,7,4,9.54
STU103994,22,Male,1,IT,64,1.4,55,22,22,5.5,3.3,84131,None,Yes,Hostel,No,7.7,8,0,6.15
STU103995,18,Female,8,ECE,85,7.1,48,56,78,7.5,4.9,31038,School,No,Day Scholar,Yes,6.37,7,2,8.73
STU103996,22,Female,4,DS,61,8.7,58,87,53,4.5,5.1,190746,Graduate,Yes,Day Scholar,No,6.19,6,1,7.66
STU103997,21,Male,7,ME,84,7.7,87,27,93,8.4,6.6,121503,None,Yes,Hostel,No,9.55,3,3,9.24
STU103998,20,Male,8,CSE,96,5.7,48,46,29,5.0,8.1,274330,Postgraduate,No,Day Scholar,No,7.78,4,1,7.17
STU103999,24,Male,2,CE,89,5.0,35,23,-10,8.7,6.4,195427,School,Yes,Day Scholar,Yes,8.38,2,1,6.88
STU104000,19,Female,1,CSE,53,1.8,63,37,98,6.8,1.8,203501,Graduate,Yes,Day Scholar,Yes,6.0,5,0,7.52
STU104001,23,Male,8,CSE,76,8.4,64,65,29,8.3,1.5,200509,Graduate,No,Hostel,No,6.3,1,3,8.09
STU104002,25,Male,6,ME,66,2.1,40,76,64,5.9,1.5,133725,None,No,Hostel,Yes,5.77,8,1,7.89
STU104003,25,Female,7,CE,81,7.3,68,78,51,6.5,7.9,299142,None,No,Day Scholar,No,6.45,7,4,8.8
STU104004,22,Female,8,ME,90,0.5,43,86,94,7.9,7.7,121129,School,Yes,Hostel,No,9.64,0,2,7.85
STU104005,19,Female,1,DS,55,9.8,51,45,33,5.4,3.3,137838,None,Yes,Hostel,Yes,8.92,2,0,6.65
STU104006,20,Male,3,IT,94,0.9,49,35,87,5.8,3.7,unknown,None,No,Hostel,No,5.27,3,1,7.55
STU104007,20,Female,5,DS,69,8.6,43,83,64,7.0,1.7,226709,Postgraduate,Yes,Hostel,Yes,6.69,5,3,8.65
STU104008,24,Female,1,EEE,97,3.4,66,57,23,8.7,5.6,96231,School,No,Day Scholar,No,5.06,6,4,6.96
STU104009,25,Male,3,CSE,100,3.3,N/A,22,32,5.8,4.9,28694,None,Yes,Hostel,No,6.44,6,1,6.64
STU104010,19,Female,7,CSE,82,8.9,73,84,55,7.0,5.4,249965,Graduate,No,Day Scholar,Yes,8.79,7,1,9.57
STU104011,21,Female,7,ME,83,6.5,73,40,-10,4.8,5.3,28179,None,Yes,Day Scholar,No,7.98,3,3,6.96
STU104012,23,Male,5,EEE,86,4.4,43,71,62,7.1,8.8,245225,Graduate,Yes,Hostel,Yes,6.81,6,3,7.07
STU104013,20,Female,3,DS,64,9.1,65,64,34,5.3,6.6,222159,None,No,Hostel,Yes,9.36,0,4,7.86
STU104014,18,Female,7,EEE,62,3.1,74,39,99,6.2,1.7,25837,Graduate,Yes,Hostel,Yes,9.09,2,2,7.97
STU104015,19,Male,8,IT,63,8.9,73,90,28,7.2,5.0,141827,School,No,Hostel,No,9.22,5,4,7.92
STU104016,22,Male,1,EEE,92,8.5,84,86,78,4.4,7.7,61081,School,Yes,Hostel,Yes,5.25,6,0,9.21
STU104017,21,Female,1,EEE,62,4.5,59,27,77,4.8,6.2,226072,School,Yes,Hostel,Yes,6.38,1,3,6.16
STU104018,22,Female,5,ECE,55,9.9,84,98,90,8.5,1.1,54206,Postgraduate,No,Hostel,Yes,7.38,2,4,10
STU104019,25,Female,2,EEE,90,9.4,100,22,64,8.1,3.3,284405,Postgraduate,Yes,Hostel,No,5.93,2,3,8.93
STU104020,21,Female,7,DS,51,7.0,50,78,30,5.3,2.5,169380,School,Yes,Day Scholar,No,7.85,3,2,7.46
STU104021,22,Male,1,IT,89,9.8,56,97,60,6.6,2.7,36780,School,Yes,Hostel,No,5.16,0,0,8.93
STU104022,21,Female,2,CSE,57,5.6,54,97,54,6.4,8.6,49323,School,No,Day Scholar,Yes,5.15,0,4,7.07
STU104023,22,Male,4,CE,77,3.5,76,47,63,8.3,8.6,57731,Postgraduate,Yes,Hostel,Yes,8.3,2,1,7.54
STU104024,21,Female,1,IT,60,3.3,98,76,89,4.2,7.9,49499,Graduate,Yes,Hostel,No,5.81,2,3,8.7
STU104025,20,Female,7,DS,57,5.0,36,56,74,4.8,4.5,277050,School,Yes,Hostel,Yes,6.82,4,1,7.41
STU104026,18,Male,8,ECE,84,2.3,64,75,45,4.6,3.9,244236,None,No,Hostel,No,9.7,8,3,7.69
STU104027,19,Male,5,IT,94,5.4,44,99,92,4.5,5.2,36085,School,Yes,Hostel,No,7.74,0,4,8.48
STU104028,20,male,2,ME,71,7.5,93,84,88,5.6,1.6,122427,School,No,Day Scholar,Yes,8.69,5,0,10
STU104029,24,Male,3,DS,53,5.1,99,69,57,4.6,4.6,39915,Postgraduate,Yes,Day Scholar,Yes,7.42,2,1,8.44
STU104030,19,Female,8,CE,69,1.7,71,100,51,8.4,4.0,32804,Postgraduate,Yes,Hostel,No,5.3,8,2,8.63
STU104031,19,Male,6,IT,74,9.8,98,63,95,6.2,2.0,265654,Graduate,Yes,Day Scholar,No,8.38,1,4,10
STU104032,19,Female,7,CSE,66,2.7,77,67,84,7.5,7.8,263695,School,No,Day Scholar,Yes,9.45,2,2,8.76
STU104033,25,Male,1,ME,93,8.4,89,25,94,5.5,5.9,55821,None,No,Hostel,Yes,5.47,8,0,9.82
STU104034,18,Female,3,EEE,46,1.9,75,72,100,7.7,0.8,59684,None,Yes,Hostel,Yes,8.12,4,1,9.04
STU104035,21,Male,1,CE,53,1.4,65,59,91,6.6,1.0,136318,None,No,Day Scholar,No,8.25,5,1,8.19
STU104036,22,Female,5,DS,69,9.4,39,99,98,7.6,0.7,175301,School,Yes,Hostel,Yes,8.66,7,0,10
STU104037,18,Male,4,DS,94,2.2,100,38,65,8.3,8.2,123918,Grad,No,Hostel,No,9.61,2,2,8.96
STU104038,24,Female,5,CSE,90,5.0,97,67,51,5.3,2.4,85058,School,No,Hostel,No,7.7,2,1,8.5
STU104039,24,Female,4,EEE,94,9.1,91,75,99,4.2,5.8,64689,None,Yes,Hostel,No,9.24,1,1,10
STU104040,22,Male,4,IT,56,2.3,98,78,88,4.9,8.0,140272,School,No,Hostel,No,5.46,1,1,7.41
STU104041,25,Male,1,CE,94,9.7,83,53,82,8.0,5.2,295733,School,Yes,Hostel,Yes,6.32,2,1,9.12
STU104042,18,Female,1,ME,52,3.8,79,79,73,8.2,2.1,41386,Postgraduate,Yes,Hostel,No,6.3,4,4,7.54
STU104043,22,Male,5,ME,48,2.2,54,69,37,8.7,6.1,21640,Graduate,Yes,Day Scholar,No,8.42,6,0,7.3
STU104044,18,Female,8,DS,66,8.8,80,20,91,7.8,8.3,145193,Postgraduate,Yes,Hostel,Yes,5.26,5,4,8.2
STU104045,19,Female,7,EEE,69,3.2,50,91,24,4.3,3.3,54988,None,Yes,Hostel,No,9.42,4,?,7.6
STU104046,22,Female,4,ME,86,5.0,98,99,32,8.9,2.7,246490,None,No,Hostel,No,6.59,7,3,8.92
STU104047,19,Male,7,AI&ML,79,8.2,86,73,68,7.7,8.6,131602,None,Yes,Day Scholar,Yes,6.21,3,0,9.85
STU104048,19,Male,1,DS,88,5.3,67,20,60,7.1,5.5,141537,School,Yes,Hostel,Yes,7.1,0,1,6.88
,20,Male,2,ECE,88,3.9,69,38,59,8.1,5.8,42114,Graduate,No,Day Scholar,Yes,9.09,1,1,7.22
STU104050,24,Male,2,CE,70,8.7,93,34,87,6.4,4.1,135103,School,No,Hostel,Yes,5.23,0,1,9.15
STU104051,25,Male,7,CSE,84,0.2,96,39,81,7.7,3.2,192823,School,Yes,Day Scholar,Yes,8.19,1,2,8.17
STU104052,25,Male,2,ECE,91,7.6,50,82,-10,5.2,2.7,172443,School,No,Hostel,Yes,6.76,4,0,8.27
STU104053,21,Male,7,ME,73,1.5,92,82,82,7.1,2.1,268811,Graduate,No,Hostel,Yes,6.41,8,2,9.04
STU104054,20,Female,1,EEE,91,8.2,86,55,26,6.0,4.1,127510,Graduate,No,Hostel,No,6.84,1,4,8.21
STU104055,21,Female,5,ECE,85,2.3,82,61,76,8.0,4.8,65009,Graduate,No,Hostel,No,5.81,1,2,8.04
STU104056,19,Male,2,DS,98,2.5,39,40,94,5.7,8.0,206113,School,Yes,hostel,Yes,5.25,7,3,7.16
STU104057,19,Male,4,ME,75,7.3,42,52,80,4.4,8.1,229029,Graduate,Yes,Hostel,No,9.72,4,2,8.35
STU104058,23,Female,5,IT,79,7.4,97,95,73,6.2,7.8,114319,Graduate,No,Day Scholar,Yes,9.38,5,0,10
STU104059,18,Male,2,ME,81,6.4,89,36,93,5.8,8.5,113714,None,No,Day Scholar,No,7.82,8,3,9.86
STU104060,24,Male,2,ME,51,6.8,45,70,86,7.7,1.4,285567,Graduate,Yes,Hostel,No,5.85,7,1,8.98
STU104061,19,Male,8,ECE,96,4.4,77,40,31,4.6,4.5,60161,Graduate,Yes,Day Scholar,Yes,6.23,5,3,6.22
STU104062,25,Male,5,IT,90,5.3,97,88,68,5.0,6.0,63662,School,No,Day Scholar,No,7.37,4,3,8.81
STU104063,20,Female,5,EEE,59,9.3,86,59,59,7.9,8.6,152067,Graduate,No,Hostel,No,7.58,1,1,8.86
STU104064,23,Female,6,ECE,78,9.1,78,32,68,6.1,4.3,111192,Graduate,Yes,Day Scholar,No,9.04,2,2,7.94
STU104065,19,Male,1,ME,54,1.3,61,64,79,7.3,2.2,92950,None,Yes,Hostel,No,9.26,5,0,7.49
STU104066,22,Male,5,DS,91,4.5,49,56,99,7.6,2.4,128791,Graduate,No,Day Scholar,No,8.97,1,4,8.19
STU104067,24,Male,4,CE,61,0.9,93,38,57,8.9,4.8,unknown,Postgraduate,No,Hostel,No,6.48,7,4,7.39
STU104068,25,Female,8,EEE,94,5.5,79,88,38,eight,7.5,157694,None,No,Hostel,No,9.43,2,3,8.58
STU104069,25,Male,9,DS,65,9.8,82,91,86,6.1,3.4,276847,Graduate,No,Day Scholar,No,6.93,6,4,10
STU104070,23,Male,6,ME,86,4.5,77,53,56,6.6,8.6,272636,School,Yes,Day Scholar,Yes,5.87,2,3,7.33
STU104071,19,Male,3,CE,45,0.8,41,70,86,8.5,3.4,206163,Graduate,No,Day Scholar,Yes,7.61,0,0,7.76
STU104072,25,Male,5,EEE,71,7.7,81,52,100,7.0,7.4,67251,Graduate,Yes,Hostel,Yes,8.67,2,4,8.63
STU104073,23,Male,8,DS,57,1.8,72,83,47,7.2,3.1,151451,Graduate,Yes,Hostel,No,8.83,8,1,7.3
STU104074,24,Female,2,EEE,76,9.9,74,72,40,8.6,0.7,168115,Graduate,No,Day Scholar,Yes,8.72,3,4,8.98
STU104075,24,Female,7,EEE,85,6.7,95,20,52,6.0,3.7,189854,Postgraduate,Yes,Hostel,No,7.77,2,4,7.47
STU104076,20,Female,8,IT,91,3.4,40,45,30,8.3,3.4,292859,Postgraduate,Yes,Day Scholar,Yes,8.23,6,3,6.65
STU104077,18,Male,1,IT,73,1.0,35,51,40,5.4,8.0,229964,Graduate,No,Hostel,Yes,6.54,1,3,5.75
STU104078,21,Male,4,EEE,46,0.1,94,25,32,5.5,8.4,182532,Graduate,No,Hostel,Yes,7.34,3,0,4.95
STU104079,20,Female,5,ME,82,9.8,38,36,72,6.6,,223081,None,Yes,Hostel,Yes,9.61,5,3,8.13
STU104080,20,Male,2,CSE,65,0.6,39,74,85,6.7,1.2,269127,School,Yes,Day Scholar,Yes,8.99,7,3,8.47
STU104081,25,Female,1,IT,93,5.8,99,58,97,8.1,7.0,39872,School,Yes,Hostel,Yes,5.26,6,3,9.39
STU104082,19,Male,8,ECE,47,5.7,41,53,54,4.0,1.5,255141,Graduate,No,Day Scholar,Yes,9.65,0,2,6.6
STU104083,22,Female,6,CSE,82,9.1,95,71,47,4.0,6.9,112289,School,Yes,Day Scholar,Yes,8.05,1,4,8.39
STU104084,25,Male,2,CSE,51,9.2,45,25,73,7.8,8.2,39622,School,Yes,Day Scholar,No,6.26,5,3,7.03
STU104085,23,Male,3,CE,81,1.4,36,38,75,4.6,1.4,298058,None,Yes,Hostel,Yes,5.51,3,0,7.08
STU104086,20,Female,2,ME,75,5.5,67,89,77,8.3,5.2,222012,School,Yes,Day Scholar,No,5.46,1,4,8.63
STU104087,20,Female,6,CSE,46,3.1,51,94,87,7.6,2.7,120271,School,No,Day Scholar,Yes,6.27,5,4,7.64
STU104088,19,Male,6,EEE,54,2.6,69,30,54,4.2,3.6,37729,School,No,Day Scholar,No,9.54,2,3,6.1
STU104089,21,Male,7,EEE,88,6.6,99,23,35,4.2,7.8,38943,Graduate,Yes,Day Scholar,Yes,7.7,1,0,7.77
STU104090,22,Female,4,ME,56,4.2,40,60,30,8.8,9.0,250180,School,No,Day Scholar,Yes,5.91,0,0,6.39
STU104091,19,Male,4,ECE,51,3.5,42,50,99,8.0,7.3,205320,Postgraduate,Yes,Day Scholar,No,9.61,3,1,8.38
STU104092,21,Male,3,CSE,94,3.0,46,54,36,6.3,7.4,70176,School,No,Day Scholar,Yes,5.41,7,1,6.09
STU104093,22,Female,4,IT,76,3.1,92,76,22,8.8,4.7,233617,Graduate,Yes,Hostel,No,8.29,0,0,7.23
STU104094,22,Male,1,IT,70,6.6,55,56,65,4.6,5.7,26926,Postgraduate,No,Hostel,No,5.46,7,4,7.92
STU104095,19,Female,7,ME,100,8.1,99,69,89,5.3,3.3,52679,School,No,Hostel,Yes,9.02,1,1,9.83
STU104096,22,Female,2,ECE,45,2.6,84,23,41,7.7,1.8,275705,None,No,Hostel,Yes,8.85,2,0,6.31
STU104097,21,Female,3,ECE,49,9.9,80,86,-10,6.3,1.0,146117,None,Yes,Day Scholar,Yes,6.94,5,4,8.33
STU104098,20,Female,8,CE,78,3.4,52,90,47,7.0,5.9,257089,Postgraduate,No,Day Scholar,No,9.62,0,0,7.43
STU104099,20,Male,1,DS,77,6.4,85,54,76,6.6,3.6,156151,Graduate,Yes,Hostel,No,7.19,4,3,8.72
STU104100,22,Female,8,CSE,60,4.0,38,43,45,8.7,8.5,229507,Postgraduate,No,Day Scholar,No,6.89,0,3,6.38
STU104101,23,Male,8,IT,53,9.4,94,99,73,6.1,5.5,123663,None,Yes,Day Scholar,Yes,8.76,5,4,10
STU104102,18,Male,1,ME,89,0.5,76,33,93,5.8,1.2,184994,None,Yes,Day Scholar,No,7.95,3,1,7.7
STU104103,20,Female,3,ECE,83,5.9,93,88,89,8.7,7.0,198264,None,Yes,Hostel,No,5.11,7,4,9.87
STU104104,20,Male,6,ME,47,7.7,75,36,57,6.5,5.3,279564,Graduate,No,Day Scholar,No,5.74,3,1,7.4
STU104105,22,Male,7,ECE,73,3.2,76,24,35,4.4,3.8,128033,Postgraduate,No,Hostel,Yes,9.67,6,3,6.31
STU104106,24,Female,4,EEE,54,-3,52,92,45,5.0,8.1,279544,School,No,Hostel,Yes,7.69,4,2,6.28
STU104107,18,Female,5,DS,62,5.8,82,76,100,7.1,8.9,256960,None,Yes,Day Scholar,Yes,9.39,4,4,9.62
STU104108,20,Male,7,DS,52,5.1,85,64,24,4.0,6.4,249618,Postgraduate,Yes,Day Scholar,No,7.32,8,0,7.32
STU104109,19,Female,8,DS,95,2.7,88,54,30,4.4,3.8,245937,Graduate,No,Hostel,Yes,6.72,3,1,6.56
STU104110,19,Male,1,AI&ML,66,9.0,89,35,30,4.1,8.1,15222,School,Yes,Day Scholar,No,5.15,3,2,6.75
STU104111,20,Female,5,IT,68,1.1,72,33,74,8.2,0.9,202894,None,No,Hostel,No,7.73,3,4,7.23
STU104112,20,Female,7,CSE,94,5.9,51,92,61,7.0,5.0,76346,Graduate,No,Hostel,No,6.53,4,4,7.74
STU104113,18,Male,7,ECE,74,9.1,53,77,100,6.5,5.7,165518,Postgraduate,Yes,Hostel,Yes,8.63,6,0,10
STU104114,18,Female,4,DS,94,5.8,74,86,44,5.1,2.6,277696,Graduate,No,Day Scholar,Yes,9.7,2,0,8.19
STU104115,22,Male,6,EEE,79,0.7,83,87,78,6.6,2.9,135159,None,Yes,Day Scholar,No,8.33,4,2,9.48
STU104116,21,Female,7,CSE,100,4.3,61,84,72,9.0,6.1,268313,Postgraduate,Yes,Hostel,No,6.76,4,3,9.37
STU104117,23,Male,4,ECE,63,8.6,100,72,97,7.4,6.9,130929,Postgraduate,No,Hostel,No,5.12,7,3,10
STU104118,22,Female,4,ECE,89,5.7,40,48,64,5.2,5.5,256661,None,Yes,Day Scholar,No,9.57,0,3,7.49
STU104119,18,Female,4,CE,85,1.6,64,60,39,5.2,1.1,unknown,School,Yes,Day Scholar,Yes,6.88,4,4,7.29
STU104120,23,Male,1,EEE,90,3.5,65,58,26,6.6,1.0,198361,Graduate,No,Day Scholar,Yes,5.6,4,0,6.59
STU104121,22,Male,8,ECE,49,9.6,N/A,79,53,7.7,8.2,93817,Graduate,No,Hostel,Yes,8.39,3,4,8.01
STU104122,21,Female,6,CE,55,9.9,55,27,56,7.8,1.7,111981,School,No,Hostel,Yes,6.48,0,4,7.41
STU104123,25,Female,3,DS,88,8.2,69,63,75,6.3,2.7,23440,School,Yes,Hostel,No,8.55,6,2,9.86
STU104124,25,Female,3,EEE,96,7.7,83,36,47,4.9,6.1,24187,None,Yes,Day Scholar,No,9.57,4,4,8.49
STU104125,18,Male,8,IT,89,5.2,67,68,84,8.8,6.1,199136,None,No,Day Scholar,No,7.88,8,4,9.19
STU104126,21,Male,2,DS,97,8.0,77,61,60,6.2,7.8,198770,Graduate,No,Day Scholar,No,5.28,4,4,7.7
STU104127,23,Female,1,ME,99,2.2,89,67,80,5.2,1.0,86348,Graduate,No,Day Scholar,No,9.36,6,2,8.86
STU104128,21,Male,7,DS,100,3.9,41,55,91,5.3,2.3,256488,None,No,Hostel,No,9.73,5,2,8.99
STU104129,19,Female,4,DS,87,8.7,47,29,59,5.8,7.1,123928,None,Yes,Hostel,Yes,7.34,7,0,7.67
STU104130,23,Male,7,CSE,88,3.0,46,49,94,9.0,7.7,194173,Postgraduate,Yes,Hostel,No,5.79,8,1,8.09
STU104131,21,Male,4,ECE,65,9.7,94,87,88,7.6,1.6,106043,None,Yes,Day Scholar,Yes,6.28,0,1,10
STU104132,25,Female,5,IT,51,2.9,35,79,80,7.8,2.5,246862,Graduate,Yes,Hostel,,8.55,6,4,8.3
STU104133,19,Female,1,ME,65,1.7,56,56,78,4.9,7.3,201123,None,Yes,Hostel,No,5.97,6,2,7.04
STU104134,21,Female,5,CE,96,9.7,77,76,69,7.2,6.4,55905,None,Yes,Hostel,No,6.41,7,2,9.47
STU104135,22,Female,7,CSE,70,4.4,75,22,74,8.8,5.7,215710,School,Y,Hostel,No,7.13,5,4,7.31
STU104136,23,Female,5,IT,70,2.6,38,37,69,6.5,2.5,164945,Graduate,No,Day Scholar,No,6.26,7,0,7.14
STU104137,19,Male,2,ECE,55,1.4,88,84,41,7.3,9.0,161395,Postgraduate,No,Day Scholar,No,5.42,7,2,7.52
STU104138,22,Male,1,EEE,85,2.1,70,54,67,8.2,7.2,213402,None,No,Day Scholar,Yes,6.52,2,3,6.95
STU104139,23,Male,3,ECE,96,2.8,74,44,74,5.3,1.3,30201,Postgraduate,Yes,Day Scholar,Yes,9.76,1,2,7.73
STU104140,19,Female,5,CSE,67,9.9,73,65,53,6.9,5.5,284025,Graduate,No,Hostel,No,9.46,0,4,8.9
STU104141,22,Female,3,ME,97,0.8,73,76,40,5.0,7.9,45802,School,Yes,Hostel,Yes,5.55,5,0,6.66
STU104142,21,Male,5,AI&ML,81,1.6,63,90,88,7.9,2.3,56231,Graduate,Yes,Hostel,No,7.9,7,4,8.34
STU104143,21,Male,5,DS,77,9.6,98,61,92,eight,3.8,211786,Postgraduate,Yes,Day Scholar,Yes,5.4,4,3,9.51
STU104144,25,Male,5,ME,91,8.5,78,26,46,4.1,7.8,228547,None,Yes,Hostel,Yes,8.83,4,4,7.74
STU104145,25,Female,6,ME,78,5.6,93,50,30,4.7,7.4,275100,Graduate,No,Hostel,No,7.0,8,?,7.97
STU104146,24,Male,7,CE,98,2.5,40,23,23,5.4,5.8,58982,Postgraduate,No,Day Scholar,No,7.64,2,4,5.83
STU104147,25,Female,6,EEE,62,2.0,91,51,38,6.1,8.4,265905,Graduate,Yes,Hostel,No,5.82,5,4,6.98
STU104148,19,Female,6,ECE,72,0.1,83,48,78,7.8,8.8,85613,None,Yes,Day Scholar,Yes,8.81,5,2,7.36
STU104149,25,Female,8,CSE,63,7.5,96,86,24,6.6,2.8,272924,None,No,Day Scholar,Yes,6.67,0,4,7.68
STU104150,23,Male,5,EEE,67,1.8,35,60,48,8.8,5.4,106430,None,Yes,Hostel,No,5.47,6,3,5.56
STU104151,19,Female,4,DS,76,5.4,86,38,76,6.2,4.2,167502,Graduate,Yes,Day Scholar,No,6.54,8,?,7.84
STU104152,20,Male,1,DS,97,5.1,57,66,49,6.0,6.5,183687,Postgraduate,No,Day Scholar,Yes,8.17,5,4,7.91
STU104153,24,Female,2,CSE,99,6.8,97,98,64,8.3,2.3,154376,School,Yes,Hostel,No,7.3,8,2,10
STU104154,21,Female,8,IT,47,4.7,94,44,61,8.4,5.3,200846,School,No,Day Scholar,Yes,8.99,3,0,8.6
STU104155,22,Female,8,DS,51,4.9,49,40,79,4.5,2.4,165985,Postgraduate,Yes,Day Scholar,No,5.81,7,0,7.8
STU104156,21,Male,3,DS,58,6.0,75,77,84,4.2,2.7,128782,Graduate,Yes,Hostel,No,7.46,6,4,9.33
STU104157,23,Male,6,CSE,55,4.7,59,89,57,8.9,6.0,unknown,School,Yes,Day Scholar,Yes,9.14,7,2,7.76
STU104158,21,Female,2,IT,61,6.3,68,35,80,4.6,8.2,114262,Postgraduate,No,Day Scholar,No,9.58,6,1,7.63
STU104159,18,Female,7,CE,63,9.5,73,86,28,5.1,7.1,84112,Postgraduate,No,Day Scholar,Yes,7.83,8,3,7.8
STU104160,18,Male,2,DS,87,1.2,40,83,66,5.0,3.7,76866,Postgraduate,No,Hostel,Yes,11.5,3,3,7.84
STU104161,19,Male,6,IT,60,6.2,61,34,95,4.1,0.6,99920,None,Yes,Day Scholar,No,7.16,0,4,7.13
STU104162,22,Male,2,ME,66,0.6,84,65,44,4.9,2.3,71532,Graduate,No,Day Scholar,Yes,7.16,3,2,6.45
STU104163,24,Male,4,DS,97,8.5,94,30,89,7.5,3.6,110024,Graduate,Yes,Hostel,No,11.5,1,2,9.58
STU104164,25,Male,4,CE,60,3.7,95,82,82,6.3,7.9,91918,None,No,Hostel,Yes,5.14,2,2,7.96
STU104165,25,Male,6,IT,98,7.7,36,75,73,4.0,1.0,40908,Postgraduate,No,Hostel,No,8.0,4,0,8.27
STU104166,21,Male,5,DS,89,6.5,47,81,53,6.4,3.0,81319,Postgraduate,No,Hostel,Yes,7.41,5,1,8.68
STU104167,24,Female,6,IT,53,8.9,68,32,56,8.0,3.0,157608,Postgraduate,No,Day Scholar,Yes,8.22,4,2,8.27
STU104168,24,Male,1,IT,47,6.0,42,98,48,eight,0.7,142820,None,Yes,Hostel,Yes,5.11,4,4,7.28
STU104169,20,Female,4,CE,76,2.0,47,65,92,4.5,8.1,16804,School,No,Day Scholar,No,5.23,3,1,6.87
STU104170,19,Female,4,CE,90,9.9,90,87,32,5.6,6.0,74811,Postgraduate,No,Hostel,Yes,5.92,7,3,8.68
STU104171,22,Male,8,CSE,73,2.9,84,30,24,6.6,2.0,43592,School,No,Day Scholar,No,5.63,3,0,6.41
STU104172,23,Male,2,EEE,62,4.2,93,40,84,5.5,6.7,210417,None,No,Day Scholar,Yes,9.53,2,4,8.12
STU104173,19,Male,8,CSE,95,5.3,70,62,40,5.7,6.2,153701,School,Yes,Day Scholar,No,7.08,3,0,8.07
STU104174,18,Male,5,ECE,95,0.4,81,50,45,5.7,4.8,241613,Graduate,Yes,Hostel,No,6.07,0,1,6.7
STU104175,23,Female,2,ME,85,4.6,86,89,62,8.8,5.5,50082,Graduate,Yes,Hostel,No,7.94,8,1,9.75
STU104176,24,Male,3,EEE,91,3.5,55,41,31,5.7,6.2,93450,None,No,Hostel,Yes,8.06,7,2,6.23
STU104177,22,Female,2,DS,56,2.9,70,72,57,4.6,1.7,297857,Postgraduate,Yes,Hostel,Yes,7.97,4,3,7.93
STU104178,21,Female,6,IT,78,3.5,76,78,30,5.9,5.3,287507,Graduate,Yes,Day Scholar,Yes,8.46,3,2,7.11
STU104179,19,Female,6,CE,58,2.3,55,61,45,6.3,4.8,204434,Postgraduate,Yes,Hostel,Yes,5.21,8,2,6.7
STU104180,18,Male,3,IT,82,4.2,59,75,84,5.1,8.3,211151,None,Yes,Day Scholar,Yes,7.86,4,0,8.06
STU104181,21,Female,1,EEE,100,6.6,70,49,51,6.8,0.9,284094,Graduate,No,Day Scholar,Yes,6.52,1,4,7.52
STU104182,25,Female,4,DS,70,4.6,79,22,85,7.7,6.5,251363,None,No,Day Scholar,Yes,8.21,5,4,7.97
STU104183,18,Female,5,DS,93,6.8,52,60,45,5.9,4.7,298221,Postgraduate,Yes,hostel,No,8.13,5,1,8.28
STU104184,19,Male,7,DS,59,6.6,81,50,27,5.6,6.5,116058,School,No,Hostel,No,9.36,3,0,6.59
STU104185,18,Female,2,ECE,75,5.8,62,48,72,9.0,5.3,87968,None,Yes,Day Scholar,Yes,9.05,3,0,9.25
STU104186,19,Male,4,IT,81,7.8,81,28,84,4.4,0.9,152274,None,Yes,Day Scholar,No,7.37,8,4,8.8
STU104187,22,Male,7,ME,64,2.0,40,25,74,6.3,5.7,223922,Postgraduate,Yes,Hostel,Yes,5.77,5,0,6.73
STU104188,21,Male,1,EEE,60,0.5,40,58,66,6.5,6.1,191712,School,Yes,Day Scholar,Yes,8.57,8,0,6.46
STU104189,21,Male,5,EEE,89,7.9,63,86,32,4.6,2.6,31484,None,Yes,Day Scholar,Yes,7.44,6,1,9.04
STU104190,21,Male,1,CSE,56,6.9,47,52,72,4.9,4.0,193991,School,Yes,Hostel,Yes,7.02,1,1,7.44
STU104191,25,Male,1,CE,56,0.3,95,38,97,4.6,5.0,62529,None,No,Hostel,No,6.33,8,0,8.12
STU104192,20,Female,8,EEE,87,9.9,85,81,35,7.8,1.3,201867,School,Yes,Hostel,Yes,9.25,4,1,9.14
STU104193,21,Male,5,ECE,87,9.7,78,30,73,4.4,4.6,251048,Postgraduate,No,Day Scholar,Yes,7.01,2,1,8.39
STU104194,19,Female,7,DS,79,1.4,85,43,-10,8.5,5.7,66286,Graduate,No,Hostel,Yes,5.7,8,0,7.04
STU104195,18,Male,8,EEE,64,5.0,53,75,48,4.9,6.0,183391,Graduate,Yes,Hostel,No,8.57,4,1,7.96
STU104196,21,Female,9,ECE,62,8.9,54,88,32,7.0,2.9,182937,Graduate,Yes,Hostel,No,8.44,7,3,7.95
STU104197,19,Male,7,CSE,84,2.9,68,75,51,6.5,4.9,119095,Grad,Yes,Day Scholar,Yes,7.01,2,2,6.92
STU104198,18,Female,1,EEE,85,6.4,75,73,77,7.6,3.0,251771,Graduate,No,Hostel,No,6.8,6,0,9.84
STU104199,18,Female,5,IT,63,4.6,58,65,24,7.9,7.8,99797,Postgraduate,Yes,Day Scholar,No,8.96,3,0,6.87
STU104200,18,Male,8,CE,62,3.3,65,51,85,6.6,2.1,274210,Graduate,No,Day Scholar,Yes,6.55,5,0,8.53
STU104201,24,Female,2,CSE,88,7.7,100,30,47,5.8,4.2,132971,School,Yes,Day Scholar,Yes,9.27,2,1,8.23
STU104202,22,Male,7,EEE,63,1.4,80,81,92,5.1,7.1,214557,Graduate,Yes,Hostel,Yes,9.47,0,0,8.06
,21,Female,8,ME,97,4.3,55,59,27,5.3,1.0,155930,Graduate,Yes,Hostel,No,8.77,8,2,7.72
STU104204,18,Male,1,CSE,92,1.8,75,33,21,4.0,7.5,140198,None,Yes,Day Scholar,No,8.09,3,4,5.19
STU104205,25,Male,4,EEE,69,6.2,55,30,56,7.0,1.4,207057,None,Yes,Hostel,Yes,6.12,8,4,7.85
STU104206,25,Female,1,DS,85,7.2,74,80,73,4.1,0.5,65687,None,No,Day Scholar,Yes,5.18,7,0,9.06
STU104207,22,Female,1,EEE,84,3.7,43,36,56,6.6,2.8,83904,Graduate,Yes,Hostel,Yes,7.0,8,0,7.54
STU104208,22,Male,8,IT,69,9.1,75,99,40,5.7,6.4,135148,Graduate,Yes,Hostel,No,8.0,3,4,7.82
STU104209,22,Female,4,IT,93,1.4,64,21,46,5.9,8.0,293334,Graduate,No,Day Scholar,No,5.77,5,0,6.91
STU104210,25,Female,6,ECE,52,5.7,54,64,76,6.4,2.7,204223,Graduate,No,Day Scholar,No,7.9,1,2,7.73
STU104211,21,Male,2,ECE,77,6.8,73,79,85,6.9,4.7,26205,Graduate,No,Hostel,No,9.37,5,2,10
STU104212,24,Male,7,CE,95,1.0,90,27,60,4.9,7.4,36602,Graduate,No,Day Scholar,Yes,7.02,0,1,6.59
STU104213,20,Male,8,EEE,65,4.0,44,65,95,8.6,8.1,81401,None,Yes,Hostel,,6.81,7,1,7.95
STU104214,22,Female,3,DS,92,7.1,46,80,67,4.7,5.3,205180,School,No,Hostel,Yes,9.72,1,4,8.06
STU104215,23,Male,5,EEE,88,7.3,38,86,58,5.6,8.9,205035,Postgraduate,Yes,Hostel,Yes,5.17,7,4,8.55
STU104216,19,Female,4,CE,87,8.3,49,89,80,7.6,3.0,280197,School,No,Hostel,Yes,8.67,3,4,9.2
STU104217,20,Female,1,DS,99,0.4,99,99,64,5.8,0.9,84203,None,No,Hostel,No,6.06,0,0,8.54
STU104218,23,Female,7,CE,71,7.4,72,83,39,5.6,,143225,School,Yes,Day Scholar,Yes,5.32,1,4,7.18
STU104219,25,Female,3,DS,56,7.7,74,47,68,6.3,3.6,299190,Graduate,No,Hostel,Yes,6.91,3,3,7.62
STU104220,24,Male,7,CSE,88,3.6,70,95,36,6.7,5.6,281706,School,Yes,Hostel,Yes,6.04,2,0,7.27
STU104221,24,Male,7,ME,59,1.2,54,34,66,6.1,2.3,66170,School,No,Day Scholar,Yes,8.32,0,0,5.99
STU104222,22,Female,4,DS,87,0.5,80,65,28,4.7,1.7,231797,Postgraduate,No,Hostel,Yes,7.21,8,4,7.55
STU104223,19,Female,3,IT,92,5.0,75,51,25,4.6,1.4,195390,None,Yes,Hostel,,6.27,6,3,7.62
STU104224,24,male,6,ME,49,6.1,62,30,80,8.8,1.5,236328,Graduate,Yes,Hostel,Yes,9.45,3,0,8.81
STU104225,18,Female,3,ME,67,2.1,38,99,61,4.0,4.1,50484,Graduate,No,Hostel,No,8.57,8,4,6.92
STU104226,18,Female,6,DS,45,5.7,92,36,100,8.1,9.0,198973,School,No,Day Scholar,No,9.58,4,3,8.36
STU104227,19,Female,2,CSE,80,1.8,44,72,92,8.7,7.7,90901,School,No,Day Scholar,No,5.0,7,4,8.3
STU104228,18,Female,8,ECE,47,3.4,54,46,60,7.0,8.4,116057,School,No,Day Scholar,No,7.64,3,2,6.02
STU104229,25,Male,2,EEE,83,0.2,87,35,46,4.6,7.3,90633,Postgraduate,No,Hostel,No,5.26,3,4,6.39
STU104230,25,Male,2,EEE,62,0.7,91,76,48,7.1,1.5,173512,None,Y,Day Scholar,No,5.14,2,0,6.55
STU104231,23,Female,4,DS,92,9.0,73,66,44,6.4,1.2,266297,Graduate,No,Hostel,Yes,6.27,4,0,8.21
STU104232,20,Female,6,ME,73,9.0,68,20,87,5.7,5.7,240922,None,Yes,Day Scholar,Yes,11.5,5,2,8.6
STU104233,20,Female,8,ME,77,2.7,85,82,84,4.8,3.0,293253,None,Yes,Hostel,No,6.23,3,0,9.03
STU104234,18,male,6,EEE,47,7.1,88,79,64,7.3,8.0,244764,Graduate,No,Day Scholar,Yes,9.79,1,3,8.8
STU104235,24,Female,8,CSE,95,9.3,39,86,35,8.7,8.5,76002,Postgraduate,No,Day Scholar,No,9.6,7,3,8.95
STU104236,21,Female,3,CE,97,9.4,85,80,38,8.1,2.8,241630,Graduate,No,Hostel,Yes,7.95,7,2,9.48
STU104237,23,Male,1,DS,78,4.7,81,48,42,8.4,6.1,21444,Graduate,No,Day Scholar,Yes,8.23,7,1,7.82
STU104238,23,Male,5,IT,100,7.0,93,74,78,8.6,3.3,274475,School,Yes,Day Scholar,No,6.29,8,0,10
STU104239,24,Female,1,ECE,98,7.3,N/A,48,83,6.3,0.5,167068,Postgraduate,Yes,Day Scholar,No,9.61,5,2,10
STU104240,21,Female,8,CSE,79,7.7,97,97,65,8.9,5.8,80406,None,Yes,Hostel,No,9.31,7,0,10
STU104241,18,Male,4,EEE,52,4.5,84,97,73,5.0,5.4,30637,School,No,Hostel,,6.11,8,0,8.53
STU104242,21,Male,5,EEE,47,3.4,98,65,66,7.9,3.7,236183,School,Yes,Day Scholar,Yes,7.73,2,2,7.54
STU104243,24,Female,6,IT,77,2.0,71,100,55,8.4,5.2,283216,Graduate,Yes,Day Scholar,Yes,8.88,4,0,9.15
STU104244,25,Male,2,ME,60,3.1,73,97,56,5.0,1.4,144823,None,Yes,Hostel,Yes,9.73,0,2,8.08
STU104245,25,Male,5,EEE,83,7.2,58,76,54,4.8,4.5,126627,Graduate,Yes,Day Scholar,Yes,9.12,7,4,8.19
STU104246,23,Female,1,ECE,55,0.8,69,75,43,4.2,6.1,226705,School,No,Day Scholar,Yes,9.45,8,1,7.63
STU104247,20,Female,8,DS,46,2.8,49,83,76,8.7,7.4,138839,None,No,hostel,Yes,5.95,8,0,7.51
STU104248,18,Male,3,CSE,99,4.6,49,66,94,7.3,8.4,22477,Graduate,Yes,Hostel,Yes,7.68,8,4,9.67
STU104249,23,Male,2,EEE,90,3.2,86,94,30,5.8,7.2,195740,Postgraduate,No,Hostel,Yes,7.23,3,4,7.07
STU104250,23,Female,7,ECE,96,9.1,96,41,44,6.2,0.7,200368,School,No,Day Scholar,Yes,7.13,0,4,8.84
STU104251,24,Male,5,EEE,54,7.2,38,64,46,7.1,6.9,68791,Graduate,Yes,Hostel,Yes,6.11,6,3,6.97
STU104252,25,Female,7,ECE,53,1.1,82,97,72,4.0,1.1,192946,School,No,Hostel,No,5.04,8,4,8.08
STU104253,18,Female,1,ME,99,9.0,90,59,24,5.3,7.6,203109,School,No,Day Scholar,Yes,5.93,0,3,8.05
STU104254,22,Male,3,CSE,66,5.0,44,33,93,8.0,1.5,216540,Graduate,Yes,Day Scholar,Yes,5.78,4,2,7.26
STU104255,19,Female,4,CSE,98,3.8,57,36,23,7.3,2.2,261879,Postgraduate,No,Hostel,No,8.89,0,1,6.23
STU104256,24,Female,7,CSE,50,7.1,55,75,28,7.6,6.9,180665,None,No,Day Scholar,Yes,7.43,3,1,6.68
STU104257,20,Female,8,CE,52,2.2,93,22,79,7.8,6.2,269576,Graduate,Yes,Hostel,No,7.97,3,2,6.83
STU104258,23,Male,6,CSE,100,3.2,81,73,67,7.0,4.3,101013,School,No,Day Scholar,No,6.2,8,2,8.5
STU104259,22,Male,3,IT,88,5.5,92,61,74,6.7,4.1,148594,Graduate,Yes,Day Scholar,No,7.08,1,4,8.99
STU104260,18,Female,8,EEE,73,5.4,87,77,80,5.5,4.9,259542,None,Yes,Hostel,No,8.25,4,4,9.15
STU104261,22,Female,8,IT,73,0.7,66,34,51,5.1,8.5,61708,Postgraduate,No,Day Scholar,No,6.14,6,4,5.9
STU104262,23,Male,4,IT,86,2.0,69,93,36,5.8,3.4,148993,None,Yes,Hostel,No,6.01,6,0,8.15
STU104263,20,Male,8,ECE,65,2.9,40,80,73,8.5,5.7,33235,None,Yes,Day Scholar,No,7.98,3,1,7.41
STU104264,20,Male,8,DS,52,2.6,73,44,21,7.2,4.5,172485,Postgraduate,Yes,Day Scholar,No,5.37,6,4,5.14
STU104265,18,Female,6,ECE,46,7.5,35,26,22,6.2,2.3,170925,School,Yes,Hostel,No,6.15,5,3,5.2
STU104266,23,Female,4,ECE,86,7.0,66,84,77,5.3,3.2,274091,Postgraduate,No,Hostel,Yes,7.11,5,0,9.13
STU104267,19,Female,2,ECE,80,7.0,62,40,78,8.5,1.8,183541,Graduate,No,Day Scholar,No,6.18,7,3,8.05
STU104268,18,Male,1,CE,87,1.8,42,65,44,6.6,6.9,139834,Graduate,Yes,Hostel,No,5.62,3,2,6.18
STU104269,23,Female,4,IT,72,8.2,56,25,39,5.7,7.7,39390,School,Yes,Day Scholar,Yes,6.91,6,3,6.24
STU104270,25,Male,1,IT,80,10.0,76,22,68,7.6,5.9,229146,School,No,Hostel,Yes,6.77,1,3,8.62
STU104271,21,Male,3,IT,72,0.9,36,39,85,9.0,7.5,76516,None,No,Day Scholar,No,8.88,4,1,7.94
STU104272,20,Male,2,CE,53,9.2,43,31,59,6.6,1.6,243735,School,No,Day Scholar,Yes,5.14,7,2,6.45
STU104273,18,Male,8,DS,74,8.1,64,66,54,7.1,6.8,23920,None,No,Hostel,No,8.31,0,2,8.32
STU104274,25,Male,3,ME,87,9.4,73,82,80,5.2,2.1,83893,Graduate,No,Hostel,No,8.52,3,0,10
STU104275,22,Female,3,EEE,90,7.8,42,85,50,7.3,2.8,263021,School,Yes,Hostel,Yes,7.44,8,0,8.65
STU104276,22,Female,6,ME,48,4.3,66,72,88,6.3,5.9,67864,None,No,Day Scholar,Yes,9.52,7,0,8.54
STU104277,23,Male,8,EEE,83,7.7,66,27,21,6.6,5.5,145046,None,Yes,Day Scholar,Yes,8.18,5,0,6.53
STU104278,23,Male,5,IT,70,1.3,85,29,80,5.4,4.4,70066,School,No,Day Scholar,Yes,5.97,8,0,7.61
STU104279,25,Female,3,CSE,99,3.4,70,74,28,4.2,4.9,113664,Postgraduate,No,Day Scholar,Yes,5.83,7,3,6.7
STU104280,25,Male,6,EEE,52,1.3,61,53,40,8.2,6.7,264417,None,Yes,Hostel,Yes,5.46,5,4,5.25
STU104281,18,Male,3,IT,89,6.3,49,89,76,5.5,8.4,114447,None,Yes,Day Scholar,No,5.82,7,3,9.11
STU104282,18,Female,1,CSE,59,8.0,68,60,80,4.7,7.9,30052,Postgraduate,Yes,Hostel,No,5.83,4,1,8.23
STU104283,23,Male,6,EEE,84,0.4,37,44,21,6.3,2.1,93041,None,No,Hostel,No,7.74,5,2,5.97
STU104284,20,Female,6,EEE,94,0.6,93,67,38,5.2,7.0,50854,Postgraduate,No,Hostel,No,6.26,2,4,6.9
STU104285,20,Male,4,DS,55,2.5,55,75,42,8.4,1.1,40038,Postgraduate,Yes,Day Scholar,Yes,6.04,2,4,6.92
STU104286,24,Female,4,EEE,63,5.0,52,65,29,6.1,8.8,33372,School,No,Hostel,Yes,6.71,3,0,6.39
STU104287,20,Female,1,ECE,97,5.0,53,63,67,8.8,4.3,242715,School,Y,Day Scholar,Yes,6.13,6,0,8.64
STU104288,23,Male,4,IT,64,5.3,42,63,37,8.2,2.9,223183,School,Yes,Hostel,No,7.79,7,2,7.16
STU104289,23,Female,8,CE,52,7.0,61,93,-10,7.2,4.8,26824,School,No,Hostel,Yes,8.13,6,0,9.47
STU104290,21,Male,8,CSE,89,4.1,58,48,89,8.8,2.4,51316,School,No,Day Scholar,No,5.32,6,1,8.5
STU104291,20,Male,3,IT,76,0.1,36,88,30,8.9,3.8,255259,School,Yes,Hostel,Yes,6.95,-1,2,6.28
STU104292,19,Female,6,EEE,81,4.5,86,68,94,4.7,2.1,204600,Postgraduate,Yes,Day Scholar,Yes,8.71,4,4,9.95
STU104293,20,Male,8,CE,90,6.7,76,67,32,5.9,5.6,179311,Postgraduate,No,Hostel,No,8.33,0,0,8.35
STU104294,20,Male,3,ECE,74,5.8,54,92,54,6.7,3.7,213926,Graduate,Yes,Day Scholar,Yes,9.64,2,?,8.45
STU104295,24,Female,6,CSE,82,8.2,51,93,30,8.2,3.0,270670,School,No,Hostel,Yes,9.49,4,2,8.5
STU104296,19,Female,7,IT,88,4.5,63,80,38,4.0,4.2,84496,Postgraduate,No,Hostel,No,8.61,2,2,8.28
STU104297,18,Male,8,ECE,50,0.5,57,96,89,8.8,5.8,87004,Graduate,No,Hostel,No,7.73,4,0,8.7
STU104298,20,Male,3,ME,77,1.4,83,31,58,6.2,7.6,288944,Postgraduate,Yes,Hostel,No,6.55,3,0,7.49
STU104299,23,Male,6,CSE,61,6.0,95,99,49,5.6,7.4,81683,Graduate,No,Hostel,Yes,6.63,4,2,8.48
STU104300,19,Female,5,EEE,45,3.3,69,61,27,7.5,3.6,291938,Graduate,Yes,Day Scholar,Yes,5.95,5,3,6.48
STU104301,22,Male,5,IT,45,8.2,96,94,50,5.6,6.9,221122,Graduate,Yes,Day Scholar,No,7.99,2,4,8.0
STU104302,25,Male,1,CE,85,0.8,70,61,30,6.2,5.3,38677,None,Yes,Day Scholar,No,6.78,1,1,6.88
STU104303,18,Male,2,EEE,56,6.3,45,74,27,6.8,8.1,283172,Postgraduate,No,Hostel,No,11.5,6,4,6.98
STU104304,20,Female,4,ME,56,9.6,53,82,64,5.8,4.2,55613,School,Yes,Hostel,Yes,9.04,7,3,9.01
STU104305,23,Female,1,ME,62,0.5,63,37,64,8.0,7.0,295119,School,No,Hostel,No,9.55,6,0,7.96
STU104306,24,Male,1,ME,65,0.2,81,54,81,6.4,5.8,249010,Postgraduate,Yes,Day Scholar,Yes,8.63,0,0,7.34
STU104307,21,Male,3,ME,52,2.2,100,84,32,8.1,5.1,61449,None,No,Day Scholar,No,8.06,2,1,8.11
STU104308,23,Female,6,DS,94,7.6,50,30,50,8.8,2.2,109151,Graduate,Yes,Day Scholar,Yes,8.85,7,1,9.01
STU104309,24,Female,6,DS,53,7.1,89,64,90,4.0,3.4,59061,Grad,Yes,Hostel,Yes,7.5,1,4,8.06
STU104310,20,Male,4,EEE,65,4.1,37,54,88,6.3,6.2,134433,Postgraduate,No,Day Scholar,Yes,9.19,4,0,8.52
STU104311,23,Male,1,IT,61,8.5,38,93,95,7.1,5.3,267935,Postgraduate,No,Day Scholar,Yes,7.55,0,1,8.37
STU104312,21,Female,8,CSE,53,7.8,56,81,97,7.6,5.5,87763,Postgraduate,No,Hostel,Yes,6.66,3,2,8.71
STU104313,25,Female,3,EEE,48,4.6,36,36,40,8.8,1.6,25416,Postgraduate,No,Day Scholar,No,5.09,1,1,4.97
STU104314,20,Female,8,ME,73,2.9,51,79,62,7.4,8.3,162262,Postgraduate,No,Hostel,Yes,8.72,2,?,8.33
STU104315,24,Male,1,CE,45,5.8,98,63,90,8.7,5.4,138608,Postgraduate,Yes,Hostel,Yes,7.67,6,1,9.29
STU104316,24,Male,1,EEE,78,1.6,95,51,87,7.9,6.3,24926,School,Yes,Hostel,Yes,8.23,4,1,8.34
STU104317,25,Male,1,EEE,81,2.1,98,60,90,7.3,,188503,School,Yes,Hostel,No,8.09,3,3,9.03
STU104318,23,Male,7,IT,98,2.4,92,36,55,5.7,3.2,44452,Graduate,Yes,Day Scholar,Yes,5.76,4,2,6.88
STU104319,18,Male,8,ME,84,0.7,53,54,61,8.4,5.7,200456,Graduate,Yes,Hostel,No,5.27,0,2,6.35
STU104320,18,Female,8,CSE,68,8.5,85,72,99,4.6,2.0,136688,School,Yes,Day Scholar,Yes,8.63,5,3,10
STU104321,24,Male,2,DS,84,0.2,94,72,75,7.0,3.8,54404,None,No,Day Scholar,No,9.43,0,2,9.03
STU104322,22,Male,4,ME,90,7.1,46,49,21,8.7,4.3,284129,School,Yes,Day Scholar,No,7.25,7,2,6.78
STU104323,25,Male,4,ME,78,3.7,85,83,47,7.3,8.4,61869,Postgraduate,Yes,Hostel,No,7.02,5,4,7.28
STU104324,21,Female,4,ECE,63,9.4,81,41,91,5.8,8.6,171467,School,Yes,Day Scholar,No,5.76,4,4,8.37
STU104325,25,Female,7,CE,69,9.9,47,69,86,6.9,6.2,177130,School,No,Hostel,No,5.34,0,1,8.06
STU104326,24,Female,3,IT,49,7.7,78,37,72,4.2,2.7,293113,School,Yes,Day Scholar,Yes,5.61,4,1,6.94
STU104327,25,Female,2,ECE,57,8.1,59,40,-10,8.3,2.6,271423,Graduate,Yes,Hostel,No,6.18,6,2,7.02
STU104328,19,Male,5,CSE,97,8.2,38,31,57,7.6,8.4,26945,School,Y,Day Scholar,No,7.58,2,0,7.08
STU104329,24,Female,7,ECE,70,0.1,83,84,92,6.2,1.9,212578,School,No,Day Scholar,Yes,5.35,5,2,8.44
STU104330,18,Female,5,CE,84,4.8,72,86,73,5.1,1.3,65238,None,Yes,Hostel,Yes,9.76,3,1,9.94
STU104331,21,Male,1,ME,64,9.0,44,92,36,6.3,4.4,243044,Graduate,Yes,Hostel,No,8.67,1,1,7.81
STU104332,19,Female,8,DS,51,9.4,38,41,94,7.8,5.8,160502,Graduate,No,Day Scholar,No,5.55,6,2,8.17
STU104333,19,Female,1,ECE,82,5.2,47,80,52,8.9,7.3,61350,None,Yes,Day Scholar,Yes,9.02,2,2,7.53
STU104334,23,Female,3,EEE,85,7.8,64,23,55,4.7,1.8,219397,School,Yes,Hostel,No,8.54,3,4,7.71
STU104335,23,Female,4,CE,72,7.7,46,71,91,8.7,6.5,55644,Graduate,No,Day Scholar,Yes,9.35,8,0,10
STU104336,18,Female,4,CE,97,1.6,45,29,46,6.8,,279134,School,No,Hostel,Yes,8.4,1,2,6.23
STU104337,19,Male,2,DS,73,6.1,47,52,42,4.8,0.8,126261,Graduate,Yes,Hostel,Yes,9.62,1,3,7.83
STU104338,19,Male,8,ECE,56,4.6,56,21,87,8.7,1.6,231713,School,Yes,Hostel,Yes,6.58,8,3,7.8
STU104339,23,Female,5,EEE,63,4.8,60,80,72,4.1,2.2,40298,Graduate,Yes,Hostel,No,5.52,0,2,6.77
STU104340,25,Female,3,DS,64,9.3,60,80,86,8.4,1.1,100248,Graduate,Yes,Hostel,Yes,7.58,4,0,9.21
STU104341,24,Female,3,ME,81,2.3,67,25,39,5.8,4.4,17678,None,Yes,Hostel,No,7.28,8,3,6.75
STU104342,19,Female,2,DS,78,9.3,54,49,96,7.2,4.5,258966,None,No,Hostel,No,6.75,5,2,9.04
STU104343,23,Male,4,ECE,60,2.3,95,79,26,4.7,6.5,51485,None,No,Day Scholar,Yes,9.33,4,0,7.72
STU104344,23,Male,5,EEE,93,5.7,73,88,21,4.1,8.6,220448,Graduate,No,Hostel,No,9.6,8,1,8.53
STU104345,18,Female,8,CE,52,9.9,89,62,81,5.1,6.0,209231,Postgraduate,No,Hostel,No,9.42,0,3,9.08
STU104346,21,Male,1,DS,72,1.3,50,90,45,7.7,3.3,151385,School,No,Day Scholar,No,6.77,8,1,8.06
STU104347,25,Male,4,ME,93,3.1,37,57,29,4.3,3.4,62381,School,No,Hostel,Yes,6.53,8,2,6.36
STU104348,25,Male,6,ECE,95,8.8,N/A,27,29,7.3,0.8,101687,School,Yes,Day Scholar,No,9.47,0,1,7.42
STU104349,24,Female,6,DS,54,1.7,60,38,44,5.9,1.1,122366,None,Yes,Hostel,Yes,8.31,8,0,6.17
STU104350,25,Male,7,DS,67,3.6,94,88,55,7.2,8.1,65219,Graduate,No,Day Scholar,No,7.21,8,2,8.07
STU104351,18,Female,4,ECE,70,3.7,88,64,72,4.6,8.2,189939,Grad,No,Hostel,No,5.33,3,3,7.35
STU104352,19,Male,5,ME,83,2.0,75,58,100,4.2,5.1,87615,School,No,Hostel,Yes,6.11,3,0,8.88
STU104353,23,Female,1,CE,64,5.1,90,57,57,5.4,8.3,30015,Postgraduate,Yes,Day Scholar,No,7.16,4,0,7.27
STU104354,18,Male,1,ECE,62,6.6,52,74,47,5.3,2.2,235927,Grad,Yes,Day Scholar,Yes,5.3,3,2,7.35
STU104355,25,Female,4,EEE,74,7.9,88,46,65,7.6,2.0,144594,School,No,Hostel,Yes,5.5,6,4,8.54
STU104356,18,Male,8,ECE,47,9.2,74,86,56,8.6,3.5,268848,School,Yes,hostel,Yes,7.94,4,2,9.34
STU104357,24,Female,9,ME,53,4.5,92,76,81,4.5,7.5,226413,Graduate,Yes,Hostel,No,8.03,2,3,9.02
STU104358,23,Male,7,CSE,57,7.6,39,54,51,4.1,7.3,281589,Postgraduate,No,Day Scholar,Yes,8.49,8,3,6.92
STU104359,23,Male,7,EEE,90,6.3,95,30,43,7.1,6.9,19907,School,No,Day Scholar,No,9.04,5,2,8.3
STU104360,18,Male,4,EEE,91,0.3,61,86,71,4.7,3.2,286083,Postgraduate,Yes,Hostel,Yes,5.59,7,0,7.8
STU104361,19,Female,4,CSE,53,3.9,59,98,66,7.2,9.0,75164,Graduate,No,Day Scholar,Yes,7.6,0,3,8.12
STU104362,19,Male,1,IT,88,7.7,69,64,29,4.8,6.8,61740,School,No,Day Scholar,No,5.61,3,4,6.62
STU104363,19,Female,1,CE,61,7.6,57,27,34,5.8,4.3,39143,None,Yes,Hostel,No,8.74,2,0,12
STU104364,20,Female,7,CE,77,6.4,60,50,37,8.3,7.2,277514,Postgraduate,Yes,Day Scholar,No,7.22,7,3,7.74
STU104365,25,Female,7,IT,63,5.0,48,60,64,8.4,1.0,40572,Graduate,No,Hostel,No,9.25,8,2,8.25
STU104366,21,Female,6,ME,95,7.3,60,69,97,8.1,4.9,226042,School,No,Day Scholar,No,7.68,5,0,10
STU104367,18,Female,5,ME,50,2.1,52,23,20,5.3,8.8,224315,None,Yes,Hostel,Yes,6.02,6,2,4.08
STU104368,20,Male,8,CSE,71,6.3,71,33,31,8.4,4.4,241289,School,Yes,Day Scholar,No,6.49,2,1,7.35
STU104369,24,Female,8,AI&ML,84,3.4,48,54,63,7.3,1.5,254163,Graduate,No,Day Scholar,Yes,9.11,6,0,8.33
STU104370,21,Male,5,CSE,78,3.7,90,85,86,7.1,6.2,100363,None,Yes,Hostel,No,9.7,8,3,10
STU104371,19,Female,3,CE,96,6.0,54,23,20,4.7,2.1,155602,Postgraduate,No,Day Scholar,No,7.07,4,3,5.68
STU104372,24,Female,4,IT,94,6.6,51,26,20,6.1,8.7,134333,Postgraduate,No,Hostel,No,6.27,1,2,6.05
STU104373,19,Male,3,EEE,63,3.8,93,86,85,6.7,2.8,152341,Graduate,Yes,Hostel,No,5.69,2,0,8.95
STU104374,18,Male,6,IT,59,3.5,37,30,94,7.1,8.9,278254,School,Yes,Hostel,Yes,8.28,1,0,6.63
STU104375,21,Male,3,IT,60,5.1,64,70,96,4.3,6.0,296399,Postgraduate,No,Hostel,No,8.03,7,2,9.26
STU104376,24,Female,6,ECE,87,2.5,35,83,28,8.8,6.8,292389,Graduate,No,Day Scholar,Yes,7.9,8,2,7.26
STU104377,22,Female,2,ECE,54,2.2,51,81,96,8.1,5.5,187158,None,No,Hostel,No,7.09,2,4,8.41
STU104378,18,Female,3,CE,85,6.0,37,83,96,8.8,1.6,235447,None,Yes,Hostel,Yes,5.08,3,0,9.15
STU104379,20,Female,7,DS,52,4.8,37,82,43,6.6,6.1,111026,Postgraduate,Yes,Day Scholar,Yes,5.47,3,4,6.33
STU104380,22,Male,6,ECE,82,3.0,39,40,92,eight,6.0,208176,Graduate,No,Day Scholar,Yes,8.94,5,4,8.61
STU104381,22,Male,8,ME,62,1.6,75,81,73,8.6,6.8,108731,None,Yes,Day Scholar,Yes,6.06,0,2,7.96
STU104382,18,Male,8,CSE,74,8.9,51,92,77,7.2,5.7,248276,School,No,Hostel,No,6.64,8,4,9.28
STU104383,19,Male,5,ME,50,6.1,83,69,79,4.1,3.3,54396,Graduate,No,Hostel,No,7.21,4,4,8.21
STU104384,23,Female,6,CSE,88,2.8,35,20,99,7.9,8.6,73524,Graduate,Yes,Day Scholar,Yes,6.07,8,4,8.11
STU104385,20,Female,7,IT,74,7.9,63,85,58,4.4,3.2,264948,Graduate,Yes,Hostel,No,7.36,1,3,12
STU104386,19,Female,5,EEE,90,1.6,35,61,94,8.3,8.6,293571,None,No,Day Scholar,Yes,6.79,6,4,8.0
STU104387,23,Female,5,DS,67,5.1,74,54,37,5.0,6.0,297712,None,No,Hostel,No,8.26,7,1,7.57
STU104388,18,Male,8,IT,91,4.3,45,54,89,7.0,6.0,91304,School,Yes,Day Scholar,No,5.78,2,0,7.92
STU104389,24,Female,5,CE,62,9.2,44,82,79,7.5,0.7,169418,Graduate,Yes,Day Scholar,No,7.47,8,2,8.79
STU104390,21,Male,5,CSE,97,4.1,67,82,65,7.4,2.3,240290,Postgraduate,Yes,Day Scholar,Yes,5.33,7,?,8.73
STU104391,23,Male,5,CSE,97,3.8,78,44,47,8.9,0.7,294237,None,Yes,Hostel,Yes,5.19,6,0,7.5
STU104392,23,Female,4,EEE,49,5.1,94,66,63,8.5,8.5,89327,School,Yes,Day Scholar,Yes,6.35,5,1,7.67
STU104393,25,Female,7,CSE,45,6.8,74,60,24,7.0,2.3,170406,Postgraduate,Yes,Day Scholar,Yes,6.35,3,1,6.87
STU104394,24,Female,3,DS,64,9.5,48,70,62,7.1,8.5,161081,Graduate,Yes,Hostel,No,6.44,6,2,8.07
STU104395,21,Male,4,ECE,46,1.5,85,55,29,5.9,0.7,104509,Graduate,No,Day Scholar,Yes,7.5,2,2,5.81
STU104396,18,Female,9,DS,76,3.9,88,56,70,6.1,8.0,166706,School,Yes,Hostel,Yes,9.08,2,3,8.23
STU104397,18,Female,5,CE,98,1.1,77,28,74,7.3,6.5,271670,Postgraduate,Yes,Day Scholar,Yes,6.16,3,2,6.93
STU104398,18,Female,4,ECE,97,7.3,56,99,47,6.1,7.8,74939,Graduate,No,Hostel,Yes,6.0,8,0,9.47
STU104399,18,Male,5,ME,85,2.3,86,31,46,8.2,2.7,62630,Postgraduate,No,Hostel,No,5.31,8,0,7.75
STU104400,19,Male,2,CE,87,8.3,36,38,89,8.5,7.3,219333,Graduate,Yes,Hostel,No,9.21,7,1,9.3
STU104401,22,Male,8,IT,61,9.5,95,34,39,4.1,3.2,286511,Graduate,No,Hostel,No,8.97,4,1,7.74
STU104402,25,Female,3,CE,73,0.5,88,94,34,7.4,0.9,214408,School,No,Day Scholar,Yes,6.89,7,3,7.64
STU104403,23,Male,3,CSE,53,4.9,57,66,83,8.8,4.8,163136,None,Yes,Hostel,No,9.09,2,4,8.35
STU104404,19,Female,2,IT,81,9.9,46,78,53,8.7,8.4,100548,None,No,Hostel,No,9.78,6,3,8.61
STU104405,21,Male,8,EEE,91,2.5,61,70,77,7.7,0.5,177683,School,No,Hostel,No,7.16,3,0,8.07
STU104406,23,Male,8,ME,71,8.8,98,61,95,9.0,8.5,61380,None,Yes,Day Scholar,Yes,8.94,4,2,10
STU104407,21,Male,5,CSE,68,0.3,40,43,72,8.0,8.2,152556,School,No,Hostel,No,7.52,6,1,7.31
STU104408,18,Male,2,CE,50,5.9,59,27,66,6.9,5.7,194842,None,No,Day Scholar,Yes,7.12,2,2,6.42
STU104409,25,Male,2,EEE,62,8.4,58,69,22,5.2,6.1,243578,None,No,Day Scholar,No,5.5,3,4,7.19
STU104410,21,Female,3,DS,61,3.2,66,29,96,8.8,1.5,75200,Postgraduate,No,Day Scholar,Yes,7.34,2,0,7.53
STU104411,19,Female,8,CE,90,9.9,62,52,50,4.6,0.7,208402,Postgraduate,No,Hostel,Yes,7.07,8,1,8.62
STU104412,21,Male,3,ECE,71,2.7,99,51,31,4.3,4.1,194026,Postgraduate,Yes,Day Scholar,Yes,8.71,1,1,7.42
STU104413,20,Female,8,DS,57,3.2,56,99,33,5.0,6.5,147950,Graduate,No,Hostel,Yes,6.45,8,3,7.43
STU104414,24,Female,1,ME,58,3.2,57,27,82,6.0,5.6,211135,Graduate,No,Day Scholar,No,6.89,1,0,7.1
STU104415,19,Female,3,ECE,52,2.5,43,34,28,5.4,9.0,211738,None,No,Hostel,Yes,5.6,5,0,5.59
STU104416,24,Female,5,ME,78,5.0,97,30,62,4.6,1.4,162033,None,No,Day Scholar,Yes,7.12,2,3,7.71
STU104417,24,Female,8,ME,91,5.6,39,41,87,6.2,3.7,138070,School,No,Day Scholar,No,8.13,0,2,8.63
STU104418,20,Female,5,CSE,59,0.2,38,61,77,8.1,2.2,158118,None,Yes,Day Scholar,No,8.86,1,1,6.84
STU104419,23,Male,7,EEE,62,2.1,64,63,45,4.5,6.6,199083,Postgraduate,No,Hostel,No,6.03,8,1,6.28
STU104420,18,Male,2,EEE,71,4.2,43,49,41,6.0,3.4,263363,None,Yes,Hostel,No,9.03,0,4,6.22
STU104421,23,Female,5,ME,99,3.7,43,53,86,6.2,0.5,206750,School,Yes,Hostel,Yes,5.04,1,3,7.54
STU104422,22,Male,1,CE,99,6.1,96,91,53,5.7,6.1,176798,Postgraduate,No,Day Scholar,Yes,6.67,1,4,9.53
STU104423,25,Female,7,CE,95,8.3,59,20,82,5.0,7.7,52338,School,Yes,Day Scholar,Yes,7.46,4,4,7.63
STU104424,23,Female,8,DS,53,7.7,99,68,66,7.5,0.8,266300,Graduate,No,Hostel,No,9.07,5,3,9.4
STU104425,19,Male,4,CSE,54,2.7,50,48,29,5.6,7.5,232798,Postgraduate,Yes,Day Scholar,Yes,6.11,7,3,6.03
STU104426,19,Female,5,CSE,74,2.6,74,100,49,7.7,8.0,268451,None,No,Hostel,No,7.03,7,3,7.53
STU104427,24,Male,3,CSE,69,2.1,37,47,72,6.7,2.3,179838,School,Yes,Day Scholar,No,5.55,5,0,7.08
STU104428,22,Female,6,CE,54,7.8,41,48,22,7.9,6.3,27174,Postgraduate,No,Hostel,No,6.06,8,2,7.11
STU104429,18,Male,1,CE,93,6.8,90,75,48,5.6,2.4,283857,None,No,Day Scholar,No,7.01,1,4,7.94
STU104430,25,Female,5,EEE,89,8.4,42,66,81,4.0,,190313,Postgraduate,No,Hostel,Yes,7.88,0,2,8.5
STU104431,22,Female,5,ECE,73,6.7,50,80,64,4.1,5.2,205730,Graduate,Yes,Hostel,Yes,9.21,2,4,8.05
STU104432,22,Male,5,CE,60,2.8,77,51,87,6.5,6.9,19107,None,No,Hostel,No,5.26,8,1,7.98
STU104433,20,Female,8,DS,59,2.4,71,74,57,5.1,1.3,103808,Graduate,No,Hostel,Yes,6.98,6,0,7.55
STU104434,20,Female,3,DS,77,1.7,43,72,97,8.4,3.4,231586,School,No,Day Scholar,Yes,5.73,7,0,8.13
STU104435,24,Male,8,EEE,91,5.7,84,72,21,6.2,6.1,69144,Graduate,No,Day Scholar,Yes,9.44,3,0,8.6
STU104436,20,Male,1,ME,98,0.8,36,37,43,6.3,3.2,261645,Postgraduate,Yes,Hostel,Yes,9.12,8,3,6.47
STU104437,19,Female,4,EEE,69,6.0,35,32,38,eight,2.1,144491,School,Yes,Hostel,Yes,7.92,5,2,6.7
STU104438,21,Female,4,EEE,68,10.0,47,34,47,6.3,6.0,201514,Postgraduate,Yes,Hostel,No,9.34,6,1,8.01
STU104439,20,Male,7,CE,88,8.7,70,46,79,4.8,2.2,133987,School,No,Day Scholar,No,8.55,4,0,9.81
STU104440,21,Male,5,ECE,94,2.8,71,72,48,5.3,0.6,219270,School,No,Day Scholar,No,8.66,0,0,7.85
STU104441,23,Female,8,CSE,53,3.4,37,96,29,8.7,6.9,65434,School,No,Day Scholar,Yes,5.86,8,1,6.86
STU104442,23,Female,7,EEE,96,1.9,52,45,52,4.8,9.0,94809,School,Yes,Hostel,No,6.06,1,1,6.84
STU104443,19,Male,7,CSE,94,5.6,69,20,50,4.4,7.7,193874,Graduate,No,Hostel,Yes,5.32,3,3,6.3
STU104444,23,Female,2,ECE,78,3.3,37,24,28,7.6,1.3,249228,Postgraduate,Yes,Day Scholar,No,7.57,4,4,5.94
STU104445,19,Female,5,ECE,64,8.5,71,90,40,6.0,2.8,91387,Postgraduate,Yes,Day Scholar,No,6.79,1,4,7.99
STU104446,21,Female,7,IT,64,7.2,82,54,39,9.0,7.6,282371,Graduate,Yes,Hostel,Yes,5.84,5,4,7.63
STU104447,20,Male,4,ME,72,0.4,98,21,79,6.8,2.1,265501,Postgraduate,Yes,Day Scholar,Yes,5.56,4,4,7.35
STU104448,24,Male,1,CSE,48,9.0,82,74,80,4.2,2.1,233580,Postgraduate,Yes,Day Scholar,No,5.8,5,0,8.54
STU104449,23,Female,3,CE,51,9.1,62,90,70,5.6,7.3,42945,Graduate,Yes,Hostel,No,6.01,7,3,9.2
STU104450,24,Female,9,ME,49,6.6,49,93,92,6.2,3.4,236012,Graduate,Yes,Hostel,No,6.13,6,4,8.84
STU104451,21,Male,4,ME,90,0.5,75,55,57,4.1,8.2,89172,None,No,Day Scholar,No,9.25,7,2,7.93
STU104452,25,Female,6,DS,68,6.9,50,82,48,7.7,3.7,72903,Graduate,No,Hostel,No,5.89,1,3,7.22
STU104453,23,Female,7,CSE,74,2.7,88,22,98,8.2,6.4,205844,None,Yes,Day Scholar,No,8.29,4,1,9.13
STU104454,21,Female,1,DS,64,6.2,88,81,70,4.5,2.6,143598,None,No,Hostel,Yes,6.06,8,3,8.79
STU104455,19,Female,5,CSE,51,6.0,73,53,77,8.8,5.4,15524,Graduate,No,Hostel,Yes,7.72,6,0,8.25
STU104456,21,Female,8,DS,71,1.6,52,94,57,5.3,3.4,122966,Postgraduate,Yes,Hostel,Yes,6.79,7,3,8.11
STU104457,22,Male,4,ME,55,5.5,56,48,82,4.5,1.0,145358,School,Yes,Day Scholar,Yes,9.52,7,0,8.67
STU104458,18,Female,7,IT,63,4.9,65,82,73,7.2,5.0,176786,Postgraduate,No,Hostel,Yes,9.63,1,4,7.76
STU104459,20,Male,1,IT,47,0.8,89,42,59,7.2,1.8,123832,Postgraduate,Yes,Day Scholar,No,9.13,2,0,7.52
STU104460,20,Female,6,CSE,52,5.7,82,31,52,7.8,,190281,None,Yes,Day Scholar,Yes,8.85,4,3,8.1
STU104461,25,Female,4,DS,81,1.8,74,65,81,7.5,3.1,83281,Graduate,No,Hostel,Yes,7.76,4,2,8.75
STU104462,21,Male,6,CSE,89,7.6,68,23,42,8.8,3.6,197393,Graduate,Yes,Hostel,Yes,7.9,8,2,7.39
STU104463,25,Female,2,IT,86,9.7,89,39,40,5.1,3.0,253173,None,Yes,Day Scholar,No,5.7,2,0,8.33
STU104464,23,Female,4,CSE,63,0.5,49,72,60,4.2,8.2,51932,School,No,Hostel,No,6.57,1,0,5.81
STU104465,21,Male,3,ME,65,4.0,44,40,49,8.7,7.3,281933,Graduate,Yes,Day Scholar,No,9.75,7,1,7.38
STU104466,22,Female,1,ECE,67,1.0,59,39,20,5.8,2.9,273635,None,No,Hostel,Yes,7.92,7,3,5.73
STU104467,21,Female,7,CE,98,0.3,68,45,75,4.5,5.3,187726,School,No,Day Scholar,Yes,7.83,4,4,7.43
STU104468,21,Female,8,IT,54,5.5,98,71,47,6.6,8.4,117938,Graduate,No,Day Scholar,No,8.04,5,0,8.17
STU104469,25,Female,6,EEE,64,3.8,76,37,29,7.4,5.7,194663,None,No,Day Scholar,No,5.74,1,4,6.19
STU104470,20,Male,4,CSE,92,8.2,77,44,92,7.8,3.4,55147,Postgraduate,No,Hostel,Yes,8.62,3,4,10
STU104471,23,Male,7,DS,79,3.5,69,76,82,8.4,8.0,32434,Graduate,No,Day Scholar,No,7.22,1,2,8.96
STU104472,24,Female,2,CSE,97,5.7,55,94,78,8.8,2.5,157094,School,Yes,Day Scholar,No,5.26,8,0,9.36
STU104473,24,Female,7,CSE,72,1.5,43,51,84,6.3,8.3,162793,Postgraduate,No,Day Scholar,No,5.58,-1,1,6.54
STU104474,19,Male,4,CE,65,1.4,85,26,72,6.2,4.5,220832,School,No,Day Scholar,No,7.67,7,3,6.62
STU104475,21,Female,3,DS,95,4.9,99,88,81,5.7,2.6,210101,Postgraduate,Yes,Day Scholar,Yes,6.46,3,3,9.87
STU104476,22,Male,6,DS,58,7.2,56,55,57,7.5,5.9,217815,Postgraduate,No,Hostel,No,8.19,3,1,8.44
STU104477,21,Male,5,DS,79,6.6,37,54,32,8.5,4.5,226489,School,Yes,Hostel,Yes,9.62,2,2,7.09
STU104478,18,Male,7,DS,93,1.3,97,34,51,7.6,3.9,166312,Postgraduate,Yes,Hostel,Yes,5.11,6,1,6.91
STU104479,22,Male,5,IT,76,9.0,48,38,76,7.1,3.3,97502,Postgraduate,Yes,Day Scholar,No,7.92,3,0,9.11
STU104480,25,Female,6,EEE,69,0.4,53,67,61,6.3,2.7,251777,Graduate,No,Hostel,Yes,8.26,0,2,6.79
STU104481,23,Female,4,DS,70,2.1,56,71,84,6.9,0.7,213029,Graduate,Yes,Hostel,No,5.5,2,3,6.96
STU104482,22,Male,2,CE,83,1.1,86,74,38,4.6,6.4,unknown,School,Yes,Day Scholar,Yes,8.66,5,4,7.46
STU104483,23,Male,6,ECE,97,0.1,44,82,51,4.5,6.1,103533,School,Yes,Hostel,No,6.35,3,4,6.38
STU104484,25,Male,4,EEE,86,5.6,60,63,37,7.2,3.6,105219,Postgraduate,Yes,Day Scholar,Yes,5.66,3,4,7.78
STU104485,22,Female,6,EEE,91,9.7,71,40,29,8.3,3.0,28797,School,Yes,Hostel,No,8.78,4,1,7.8
STU104486,23,Female,5,EEE,62,1.8,89,30,64,7.8,6.5,229765,None,No,Day Scholar,No,7.35,3,3,6.49
STU104487,19,Female,7,CSE,45,3.7,74,26,42,5.1,2.5,166626,School,No,Day Scholar,No,6.85,3,0,6.22
STU104488,18,Female,3,DS,67,9.0,67,150,64,5.9,7.3,182439,School,Yes,Hostel,Yes,7.21,7,2,9.55
STU104489,19,Male,1,ME,47,0.4,37,48,58,4.5,8.1,262480,School,Yes,Hostel,No,8.3,2,2,5.31
STU104490,20,Male,7,DS,86,8.1,57,22,54,6.9,2.1,124099,Postgraduate,No,Day Scholar,No,8.74,0,1,7.37
STU104491,19,Female,5,IT,51,1.2,95,100,26,7.0,8.1,199266,Postgraduate,No,Day Scholar,Yes,5.58,0,1,6.97
STU104492,22,Female,4,CE,75,-3,94,31,78,6.5,6.8,173499,None,Yes,Day Scholar,No,9.05,0,0,8.24
STU104493,18,Male,3,EEE,79,9.2,71,92,54,7.1,5.8,289749,Graduate,No,Hostel,Yes,9.35,2,1,10
STU104494,24,Male,8,IT,76,6.0,59,60,27,7.1,6.0,41637,Graduate,No,Hostel,No,5.38,0,4,5.63
STU104495,21,Female,6,DS,52,-3,48,91,30,7.5,4.2,167705,Postgraduate,No,Hostel,No,8.04,7,3,6.18
STU104496,22,Female,8,IT,57,3.8,97,73,98,6.1,1.1,56517,None,No,Hostel,No,8.56,6,0,9.77
STU104497,25,Female,3,IT,80,9.5,52,97,34,6.3,1.2,94197,School,Yes,Hostel,Yes,5.84,7,2,8.61
STU104498,21,Male,5,CSE,99,5.5,78,31,84,6.9,3.0,202612,School,No,Day Scholar,Yes,8.93,6,1,8.77
STU104499,25,Female,3,IT,77,0.8,N/A,31,78,7.3,3.3,58259,None,No,Hostel,No,7.8,0,3,6.66
STU104500,24,Female,8,CE,68,7.0,57,22,45,4.9,7.1,263057,None,Yes,Day Scholar,No,7.87,5,3,6.89
STU104501,19,Female,3,DS,64,9.4,96,55,50,9.0,1.7,72951,Postgraduate,Yes,Hostel,Yes,6.8,0,0,8.96
STU104502,19,Female,8,EEE,98,10.0,95,90,59,5.4,7.5,203488,School,Yes,Hostel,Yes,11.5,3,0,10
STU104503,19,Female,3,IT,45,0.4,74,60,46,6.5,0.6,114817,Graduate,No,Hostel,No,6.58,7,1,7.33
STU104504,20,Female,1,DS,61,0.4,39,70,60,7.3,4.8,242204,Graduate,No,Hostel,Yes,6.73,8,1,6.22
STU104505,18,Male,8,ME,53,8.1,75,62,56,7.7,1.2,211426,School,No,Day Scholar,Yes,5.71,8,1,9.05
STU104506,23,Male,2,ME,67,6.2,44,76,62,4.0,6.4,221892,School,Yes,Day Scholar,No,5.46,5,0,7.64
STU104507,18,Female,3,EEE,48,9.6,63,93,22,7.5,1.8,22042,Graduate,No,Hostel,No,5.73,5,1,7.92
STU104508,19,Male,5,ECE,47,6.8,65,48,37,5.1,,31427,Postgraduate,No,Hostel,No,6.1,0,4,6.3
STU104509,25,Female,4,IT,80,1.3,67,96,65,8.6,4.6,153196,Postgraduate,No,Day Scholar,No,5.35,1,4,7.87
STU104510,25,Male,2,CSE,74,1.4,60,26,49,7.7,3.1,200673,School,No,Day Scholar,No,6.76,7,3,5.89
STU104511,25,Male,1,CSE,46,0.5,85,90,73,6.0,1.1,230584,None,Yes,Hostel,Yes,8.47,3,3,7.81
STU104512,18,Male,7,ECE,58,0.9,70,83,94,7.1,4.9,242265,Graduate,No,Day Scholar,Yes,6.82,8,3,8.54
STU104513,21,Male,3,ECE,53,8.3,51,72,74,7.3,7.3,202858,School,No,Day Scholar,Yes,9.66,2,2,8.92
STU104514,18,Male,3,CE,49,4.9,59,37,22,6.9,5.2,199778,Postgraduate,No,Day Scholar,Yes,7.45,1,4,5.6
STU104515,19,Female,7,EEE,47,8.2,66,28,89,5.2,8.5,49975,None,Yes,Hostel,Yes,11.5,6,3,7.39
STU104516,22,Female,6,EEE,54,2.3,42,69,27,8.7,6.5,262296,Postgraduate,No,Day Scholar,Yes,9.36,0,2,6.04
STU104517,19,Male,6,IT,91,0.5,94,46,100,8.9,3.4,150493,None,No,Day Scholar,Yes,8.96,5,2,9.8
STU104518,18,Male,2,ECE,90,1.1,88,90,71,8.0,5.9,56631,Graduate,No,Hostel,No,9.69,3,3,9.34
STU104519,20,Female,5,EEE,54,8.9,99,80,34,7.9,5.9,126738,Postgraduate,Yes,Hostel,Yes,8.16,6,2,8.38
STU104520,24,Male,5,IT,82,9.6,91,90,77,4.9,4.2,271048,School,Yes,Day Scholar,No,5.44,4,1,9.64
STU104521,20,Male,1,CE,70,4.3,46,30,93,7.6,6.0,203647,School,No,Day Scholar,Yes,7.9,5,3,7.73
STU104522,21,Female,1,ME,87,3.8,71,38,35,5.6,0.9,146561,Postgraduate,Yes,Day Scholar,No,6.53,1,3,6.44
STU104523,24,Male,1,ME,65,8.2,97,93,73,8.7,4.1,256542,None,No,Hostel,Yes,7.03,1,2,9.18
STU104524,19,Male,6,CSE,74,4.8,74,66,87,5.1,8.0,27945,None,No,Hostel,No,9.49,7,4,8.75
STU104525,24,Male,7,ME,79,7.4,63,88,50,5.8,3.6,252621,Postgraduate,No,Day Scholar,Yes,6.89,1,3,8.73
STU104526,20,Male,4,CSE,86,6.7,95,87,39,8.0,7.2,160768,Postgraduate,Yes,Day Scholar,Yes,7.27,7,3,8.68
STU104527,24,Female,2,DS,71,5.9,70,77,76,4.5,6.4,215739,School,No,Hostel,No,7.13,3,4,7.82
STU104528,25,Female,7,CSE,93,8.9,82,20,52,6.3,4.8,34207,None,No,Hostel,No,6.83,6,0,7.97
STU104529,25,Female,4,DS,68,2.3,76,61,74,6.7,1.1,265182,None,Yes,Day Scholar,Yes,5.67,4,0,8.08
STU104530,23,Male,2,IT,65,5.4,98,21,90,6.0,8.9,90015,Graduate,Yes,Hostel,Yes,6.92,2,1,8.4
STU104531,20,Female,9,IT,99,1.9,94,26,36,5.5,6.7,223908,Postgraduate,Yes,Day Scholar,No,6.52,5,2,6.39
STU104532,19,Female,2,IT,48,2.0,89,74,92,4.8,0.8,177267,Graduate,No,Day Scholar,Yes,5.48,6,2,8.3
STU104533,24,Female,4,ECE,96,8.5,82,86,60,5.6,3.2,286354,None,Yes,Day Scholar,No,5.09,7,3,9.06
STU104534,18,Male,2,DS,48,3.2,73,80,45,6.9,2.4,46590,School,Yes,Hostel,Yes,5.56,6,0,7.51
STU104535,19,Female,3,CSE,56,5.4,39,96,74,8.7,3.9,280516,School,No,Day Scholar,Yes,6.89,4,4,7.6
STU104536,21,Male,5,ECE,46,4.6,69,51,34,6.4,4.3,31851,None,Yes,Day Scholar,Yes,6.69,8,2,6.73
STU104537,19,Male,6,EEE,81,0.1,87,41,55,5.0,8.0,77204,Graduate,No,Hostel,Yes,6.66,2,2,7.23
STU104538,24,Male,6,CSE,58,5.6,56,24,24,4.1,3.5,243782,Postgraduate,No,Hostel,Yes,7.98,1,0,5.0
STU104539,21,Female,5,DS,68,4.8,44,38,88,6.1,5.5,202461,School,Yes,Hostel,No,11.5,0,0,8.08
STU104540,20,Female,4,ME,92,7.4,95,87,68,5.4,3.7,255694,School,No,Hostel,Yes,9.49,8,3,9.77
STU104541,22,Male,3,CE,68,3.1,55,34,68,6.7,1.4,214197,None,No,Hostel,No,6.94,5,1,7.56
STU104542,19,Male,1,EEE,57,9.8,43,56,84,6.6,7.7,267202,Graduate,Yes,Hostel,No,5.58,6,0,8.16
STU104543,19,Female,3,ECE,47,4.4,90,35,41,7.0,2.5,239866,Postgraduate,No,Hostel,Yes,8.21,1,3,7.42
STU104544,18,Female,5,ME,57,7.2,80,62,52,4.8,0.6,175257,None,No,Day Scholar,Yes,9.69,8,0,9.35
STU104545,18,Male,7,ME,95,2.5,35,64,93,4.7,4.8,262577,School,Yes,Day Scholar,No,6.27,8,4,8.26
STU104546,18,Male,5,IT,93,0.5,36,64,99,6.8,7.2,234010,School,No,Hostel,Yes,8.98,2,1,8.88
STU104547,21,Male,3,DS,90,0.2,60,87,61,5.7,6.7,216307,School,Yes,Day Scholar,Yes,8.9,7,0,8.77
STU104548,24,Male,3,IT,98,2.3,71,58,33,4.0,8.3,221320,Postgraduate,Yes,Day Scholar,No,5.63,4,4,5.72
STU104549,22,Female,1,ECE,89,3.4,40,98,69,8.2,1.7,164588,None,Yes,Hostel,Yes,5.65,4,2,8.79
STU104550,19,Female,8,ECE,53,4.6,71,86,48,8.7,4.1,46961,None,Yes,Day Scholar,Yes,7.33,5,3,7.95
STU104551,19,Male,6,CSE,92,3.9,75,55,60,eight,3.6,233252,Postgraduate,No,Hostel,No,7.83,3,3,7.7
STU104552,18,Male,3,CE,83,2.2,59,100,95,5.0,6.3,299385,Postgraduate,Yes,Hostel,No,7.83,8,3,8.86
STU104553,24,Male,1,CSE,74,6.2,47,77,55,4.4,7.6,143436,Postgraduate,Yes,Day Scholar,Yes,6.19,1,0,6.86
STU104554,22,Female,5,DS,54,2.9,43,52,74,8.8,4.3,264626,Postgraduate,No,Hostel,Yes,8.36,0,2,7.0
STU104555,24,Male,5,DS,72,2.4,62,97,85,4.5,2.9,204146,Graduate,No,Hostel,Yes,9.38,7,1,8.58
STU104556,18,Female,8,CE,52,6.7,93,73,33,7.1,3.7,239052,Postgraduate,Yes,Hostel,No,5.74,3,0,7.99
STU104557,20,Female,1,CE,91,5.0,51,96,43,7.2,4.1,273696,Graduate,No,Hostel,No,8.74,0,0,8.86
STU104558,22,Male,2,IT,57,3.9,50,66,36,5.3,0.5,156104,School,No,Day Scholar,Yes,9.42,8,3,6.66
STU104559,24,Female,5,IT,,7.7,99,46,64,8.7,7.7,201885,Postgraduate,No,Day Scholar,Yes,5.92,2,2,8.6
STU104560,23,Male,7,IT,90,3.3,84,23,21,8.2,4.7,112605,School,No,Hostel,Yes,8.21,7,1,7.35
STU104561,24,Female,3,ME,93,1.0,90,90,46,5.3,,161858,School,Yes,Day Scholar,Yes,8.18,2,4,7.88
STU104562,20,Male,5,ECE,50,0.1,36,99,88,7.3,2.1,288443,None,No,Day Scholar,Yes,8.45,4,0,8.43
STU104563,18,Male,1,CSE,70,3.4,81,63,92,7.6,2.8,168650,None,Yes,Hostel,No,7.91,4,2,8.85
STU104564,20,Female,1,CSE,91,9.2,84,53,96,7.3,4.7,261831,Postgraduate,No,Hostel,No,6.78,3,1,10
STU104565,20,Female,2,EEE,89,1.9,55,43,54,8.2,7.1,295775,Graduate,No,Day Scholar,No,9.52,4,1,7.62
STU104566,18,Female,5,IT,73,0.3,71,96,81,4.2,3.9,274111,Graduate,No,Hostel,Yes,6.32,8,2,9.05
STU104567,20,Female,6,ECE,56,8.9,36,48,40,4.1,2.2,198462,School,No,Hostel,Yes,8.69,7,0,7.25
STU104568,18,Male,1,DS,72,7.4,52,52,61,4.0,4.0,97348,Postgraduate,Yes,Day Scholar,No,7.17,7,4,7.91
STU104569,18,Male,4,CSE,71,4.9,45,89,61,6.6,0.7,86559,School,No,Day Scholar,Yes,8.44,4,4,8.87
STU104570,18,Female,5,ECE,65,4.2,71,23,78,6.1,8.1,47996,Graduate,No,Hostel,No,7.93,1,2,7.15
STU104571,25,Female,3,ECE,93,3.4,37,45,84,6.7,5.8,234000,Postgraduate,No,Day Scholar,No,9.19,5,1,8.16
STU104572,19,Male,2,CE,99,4.6,42,69,92,4.3,5.5,unknown,None,No,Day Scholar,Yes,9.65,6,3,9.61
STU104573,23,Female,4,IT,72,2.3,41,43,73,6.4,6.7,187540,School,No,Hostel,No,8.96,4,3,6.66
STU104574,24,Female,7,ME,78,2.1,50,51,80,8.6,5.7,260800,School,Yes,Hostel,No,7.44,0,4,7.73
STU104575,18,Female,4,ECE,66,5.8,85,79,97,4.4,8.4,120583,Postgraduate,Yes,Hostel,Yes,8.32,8,2,10
STU104576,18,male,1,DS,65,1.1,64,75,74,7.2,3.9,95351,Graduate,Yes,Hostel,No,6.64,1,1,6.8
STU104577,20,Male,5,CE,45,3.0,86,61,85,5.4,7.5,46094,School,Yes,Hostel,No,9.65,4,3,8.78
STU104578,20,Male,1,IT,60,4.1,81,98,51,8.7,2.4,85546,Postgraduate,No,Day Scholar,Yes,5.12,8,3,8.21
STU104579,19,Male,1,ME,100,8.1,74,23,100,6.6,1.6,56870,School,No,Day Scholar,No,8.28,6,0,10
STU104580,21,Female,7,IT,95,7.3,35,93,56,7.1,4.2,229267,Postgraduate,No,Day Scholar,Yes,6.19,6,3,8.54
STU104581,24,Male,1,DS,91,8.5,66,54,94,5.0,7.2,68244,Postgraduate,No,Hostel,No,7.69,5,1,8.86
,20,Female,2,IT,86,0.8,86,34,54,8.9,7.8,104149,Graduate,Yes,Hostel,No,6.78,2,2,6.72
STU104583,22,Male,7,ME,98,0.9,92,81,34,7.7,6.9,237909,Postgraduate,Yes,Day Scholar,Yes,8.52,1,1,7.47
STU104584,24,Male,5,ECE,65,6.6,84,53,36,8.1,,261292,Postgraduate,No,Hostel,Yes,9.11,6,2,7.51
STU104585,22,Female,7,CE,73,2.5,64,63,30,7.1,8.4,55085,Postgraduate,No,Day Scholar,Yes,9.09,1,0,6.62
STU104586,22,Male,4,CSE,95,6.1,91,79,50,6.6,7.4,194282,School,Yes,Hostel,No,9.06,2,1,9.13
STU104587,18,Male,6,IT,55,7.3,35,86,35,6.9,2.2,201363,None,Yes,Hostel,Yes,8.32,5,2,7.76
STU104588,18,Female,3,CSE,66,2.5,85,57,57,4.3,3.6,276405,School,No,Day Scholar,Yes,5.21,1,4,7.23
STU104589,25,Female,3,ME,72,4.3,40,41,33,8.5,5.1,146755,Graduate,No,Day Scholar,Yes,9.33,4,1,5.99
STU104590,19,Male,4,IT,70,4.7,57,97,39,8.1,7.9,105242,Graduate,Y,Day Scholar,Yes,8.76,4,0,8.69
STU104591,25,Female,5,EEE,51,6.6,48,28,48,8.2,5.8,187031,Graduate,Yes,Hostel,No,8.29,7,3,6.92
STU104592,18,Male,3,EEE,58,0.9,84,49,38,7.9,7.9,17119,Graduate,No,Hostel,Yes,6.64,3,4,5.4
STU104593,22,Male,2,IT,80,4.6,35,30,91,5.5,3.6,276141,Postgraduate,No,Day Scholar,No,6.86,6,4,7.76
STU104594,18,Male,6,ECE,64,0.8,71,41,71,6.7,8.0,261660,None,No,Day Scholar,Yes,9.04,1,3,6.36
STU104595,20,Male,6,CSE,91,4.1,81,66,88,8.4,8.0,118181,Graduate,Yes,Hostel,No,5.16,7,1,8.79
STU104596,22,Male,8,EEE,89,3.9,95,58,72,4.6,5.7,166304,Graduate,No,Hostel,Yes,8.24,8,4,9.41
STU104597,19,Female,7,DS,88,2.2,58,36,80,4.1,5.9,219361,None,No,Day Scholar,No,8.32,7,0,8.34
STU104598,18,Male,3,EEE,77,0.1,38,58,62,8.6,7.3,211741,School,No,Day Scholar,Yes,8.69,0,1,7.33
STU104599,21,Male,2,DS,81,1.3,83,29,92,6.6,3.7,69946,Graduate,Yes,Hostel,Yes,9.35,8,1,8.09
STU104600,24,Male,7,CSE,61,3.7,61,40,50,5.0,1.2,30530,Postgraduate,No,Day Scholar,Yes,5.43,5,4,6.92
STU104601,21,Female,8,EEE,90,6.0,35,34,97,8.2,5.1,70931,School,Yes,Hostel,Yes,7.78,1,0,9.09
STU104602,19,Male,2,CE,75,7.4,91,94,77,8.2,1.4,251928,School,Y,Hostel,No,8.35,8,1,10
STU104603,18,Male,7,ECE,70,1.0,91,72,31,7.7,8.4,126672,School,Yes,Day Scholar,No,5.09,5,2,6.59
STU104604,19,Male,1,IT,62,9.5,97,32,45,8.4,4.5,165219,School,Yes,Day Scholar,No,8.86,3,4,7.67
STU104605,18,Female,7,CE,98,7.1,35,53,33,7.6,7.6,37340,None,No,Hostel,Yes,8.35,2,0,7.77
STU104606,19,Female,3,DS,61,0.2,72,56,64,5.3,2.7,51662,School,No,Day Scholar,No,9.73,3,0,7.52
STU104607,19,Male,1,ECE,45,5.6,44,21,53,6.7,2.4,27154,School,No,Hostel,No,9.79,4,0,7.12
STU104608,19,Female,3,EEE,53,0.1,77,46,74,8.7,7.6,93754,Postgraduate,Yes,Day Scholar,Yes,6.27,1,1,7.18
STU104609,24,Female,7,DS,47,9.0,59,29,27,4.9,8.4,68454,Postgraduate,No,Hostel,Yes,8.06,6,1,5.93
STU104610,18,Female,8,EEE,88,7.0,42,61,76,8.2,8.5,23997,None,Yes,Day Scholar,No,5.89,1,2,8.01
STU104611,18,Female,4,ME,95,1.8,61,29,70,4.1,8.2,27798,School,No,Day Scholar,Yes,9.44,8,4,7.12
STU104612,19,Female,4,EEE,67,6.4,38,43,52,8.9,7.9,237018,School,Yes,Hostel,Yes,5.89,5,0,7.14
STU104613,21,Male,6,ECE,60,3.5,98,25,46,8.7,1.2,246635,Postgraduate,Yes,Hostel,No,9.11,3,2,7.5
STU104614,19,Female,8,ECE,57,7.2,74,35,56,8.3,1.3,250576,None,No,Hostel,No,9.58,6,3,7.85
STU104615,18,Female,7,EEE,57,6.9,89,60,78,7.6,2.6,42471,School,Yes,Hostel,No,6.93,2,4,9.17
STU104616,23,Female,4,ECE,56,6.9,54,25,84,5.0,4.3,212586,None,Yes,Day Scholar,No,9.41,0,3,7.04
STU104617,25,Female,3,IT,96,2.8,46,71,28,5.9,2.6,124498,Postgraduate,Yes,Hostel,No,8.49,4,2,7.65
STU104618,18,Female,2,CSE,72,5.5,75,63,90,6.0,6.8,240280,Postgraduate,Yes,Hostel,Yes,8.58,0,3,8.01
STU104619,24,Male,1,IT,65,2.3,98,44,49,5.0,5.1,261799,School,No,Day Scholar,Yes,8.1,1,4,6.7
STU104620,21,Female,6,CSE,91,4.9,73,88,53,4.7,8.4,133985,Postgraduate,No,Hostel,Yes,9.01,8,2,8.88
STU104621,19,Male,3,IT,50,5.6,35,59,70,7.3,1.5,177593,Graduate,No,Hostel,Yes,9.53,8,3,8.37
STU104622,19,Female,6,EEE,79,2.2,68,56,38,6.8,7.4,189076,Postgraduate,No,Hostel,No,5.36,3,3,6.99
STU104623,24,Female,8,DS,100,8.0,63,58,83,8.6,7.2,182531,Postgraduate,No,Hostel,No,8.9,1,3,9.26
STU104624,24,Female,9,CE,85,2.8,46,37,38,4.1,5.0,42009,School,Yes,Hostel,No,6.73,3,2,5.28
STU104625,19,Male,6,ME,81,6.8,51,61,36,5.3,2.7,225168,Postgraduate,No,Day Scholar,Yes,6.28,2,1,7.72
STU104626,19,Male,2,IT,66,1.2,70,41,46,7.8,4.9,76638,None,Yes,Day Scholar,No,7.6,0,4,6.12
STU104627,21,Female,6,ECE,77,3.6,79,69,57,4.6,7.1,240481,None,Yes,Day Scholar,Yes,7.7,8,1,7.94
STU104628,22,Female,4,CE,94,8.1,90,77,76,7.3,6.4,104614,Postgraduate,No,Day Scholar,Yes,6.32,6,4,9.35
STU104629,25,Male,2,CE,49,5.3,80,22,44,7.5,5.3,251204,None,No,Day Scholar,Yes,9.72,3,0,7.25
STU104630,25,Male,3,CSE,80,3.5,96,95,49,6.4,0.8,74899,Graduate,No,Hostel,Yes,7.94,6,0,8.99
STU104631,24,Male,8,IT,58,3.9,40,27,45,6.8,7.9,281056,None,No,Hostel,Yes,8.24,0,3,5.57
STU104632,19,Female,2,ECE,95,2.0,73,97,42,6.9,3.6,91844,School,Yes,Hostel,Yes,5.34,1,4,7.37
STU104633,21,Male,1,ECE,85,0.4,83,100,86,5.0,5.3,unknown,Postgraduate,No,Hostel,Yes,5.22,4,4,8.49
STU104634,21,Female,7,IT,89,9.9,67,81,81,8.0,3.4,263405,None,Yes,Day Scholar,No,5.69,7,4,10
STU104635,19,Male,4,CE,51,5.6,36,46,40,4.9,2.2,233098,Graduate,No,Day Scholar,No,5.24,5,1,5.28
STU104636,18,Female,1,CSE,77,8.1,89,63,43,6.4,6.5,163942,School,No,Hostel,No,6.77,5,0,8.27
STU104637,24,Male,4,ME,66,3.7,81,99,37,8.8,1.1,103787,School,No,Hostel,No,7.32,7,2,8.17
STU104638,21,Female,6,ME,92,1.5,52,42,41,6.3,1.0,233436,Graduate,Yes,Hostel,No,7.49,7,0,6.84
STU104639,24,Male,1,ECE,73,0.7,99,60,75,5.7,7.6,110725,Postgraduate,No,Day Scholar,Yes,5.59,3,0,8.39
STU104640,20,Male,8,EEE,45,3.1,85,45,61,6.6,0.6,36012,School,Yes,Hostel,Yes,7.89,0,1,12
STU104641,25,Male,2,IT,50,4.6,71,78,26,7.6,8.2,259213,Graduate,Yes,Day Scholar,No,6.97,5,4,7.37
STU104642,22,Male,1,ME,97,9.2,50,71,57,7.7,5.8,257678,None,Yes,Hostel,No,8.72,7,1,10
STU104643,21,Male,6,CE,57,9.6,94,50,84,5.3,5.8,219841,School,Yes,Day Scholar,Yes,8.4,1,0,9.93
STU104644,22,Female,7,DS,58,1.1,48,80,38,6.6,3.8,233160,Postgraduate,Yes,Day Scholar,,5.78,2,3,6.54
STU104645,23,Male,1,EEE,58,0.5,43,20,53,6.8,4.7,293822,Graduate,No,Hostel,No,6.43,4,3,5.05
STU104646,19,Female,2,ECE,46,8.4,95,95,60,6.0,2.0,288318,Graduate,No,Hostel,No,7.83,7,3,9.59
STU104647,22,Female,2,EEE,84,7.6,88,81,47,9.0,0.6,121061,School,No,Day Scholar,Yes,8.66,6,0,9.05
STU104648,20,Female,7,IT,49,2.5,35,80,37,8.7,3.8,112183,School,Yes,Hostel,Yes,6.97,6,1,7.18
STU104649,19,Female,6,CSE,70,0.0,45,96,39,5.8,7.7,198512,None,Yes,Hostel,No,8.31,5,0,6.15
STU104650,19,Male,1,IT,62,1.4,91,96,50,7.9,3.1,141879,Postgraduate,Yes,Hostel,Yes,8.07,3,4,7.43
STU104651,20,Male,7,ME,46,9.1,45,69,59,6.5,6.6,124164,Postgraduate,No,Hostel,No,7.31,3,4,7.75
STU104652,20,Female,9,IT,63,6.1,63,99,95,8.3,0.6,98074,Graduate,No,Hostel,No,9.51,4,0,10
STU104653,18,Female,6,ECE,88,8.7,50,45,90,7.3,3.8,52669,Postgraduate,No,Day Scholar,Yes,8.83,0,1,8.47
STU104654,22,Male,4,ECE,69,9.4,93,21,35,7.8,7.6,254887,None,No,Hostel,Yes,8.32,6,1,8.17
STU104655,23,Male,8,CE,85,3.8,39,67,64,6.5,3.6,248501,Postgraduate,Yes,Day Scholar,No,8.0,4,4,8.04
STU104656,18,Male,2,ME,57,6.8,72,54,100,6.1,8.2,121302,Postgraduate,Yes,Day Scholar,No,8.02,1,1,8.02
STU104657,19,Female,1,CSE,71,9.7,37,90,-10,6.6,2.3,64499,Postgraduate,No,Hostel,Yes,8.74,3,0,9.16
STU104658,18,Female,4,EEE,70,8.8,55,69,53,8.7,3.6,180936,Graduate,No,Day Scholar,No,9.08,3,2,8.22
STU104659,21,Male,1,DS,59,0.8,70,79,55,4.2,4.6,176166,Graduate,No,Hostel,No,5.27,6,4,6.9
STU104660,25,Female,4,ME,62,6.5,93,92,21,5.2,6.2,269225,Graduate,Yes,Day Scholar,No,7.26,3,2,7.62
STU104661,23,Female,6,CE,74,9.9,97,27,65,7.8,6.8,96862,School,No,Hostel,Yes,5.58,1,3,8.8
STU104662,19,Female,1,ME,74,8.3,99,38,73,6.6,2.1,145576,Graduate,No,Day Scholar,No,7.0,6,2,9.73
STU104663,19,Female,4,EEE,58,2.9,72,67,72,8.5,4.8,246912,School,No,Hostel,Yes,8.23,4,3,8.01
STU104664,19,Female,2,CSE,63,2.7,85,29,59,4.7,6.6,106483,School,No,Hostel,Yes,9.39,7,2,6.69
STU104665,22,Female,3,DS,53,1.8,70,67,40,5.3,3.5,91276,Postgraduate,Yes,Day Scholar,Yes,7.4,8,1,6.43
STU104666,22,Male,7,CSE,60,2.4,96,60,87,4.9,7.4,287785,Postgraduate,Yes,Day Scholar,No,9.14,3,0,8.24
STU104667,18,Male,1,ME,76,0.0,91,21,99,5.1,4.0,267726,None,No,Hostel,No,9.02,4,1,8.82
STU104668,20,Female,3,ME,96,4.5,93,25,72,5.9,4.6,50005,None,Yes,Hostel,No,7.9,8,2,9.41
STU104669,25,Male,1,CSE,51,8.0,40,20,28,4.0,8.2,196313,School,Yes,Hostel,Yes,9.33,3,1,6.3
STU104670,19,Female,8,CE,48,6.2,75,58,41,7.3,4.5,290488,School,No,Day Scholar,No,9.34,2,1,6.98
STU104671,24,Female,3,CSE,70,5.6,45,68,25,7.4,0.6,263632,Graduate,Yes,Hostel,Yes,6.95,2,3,6.72
STU104672,18,Male,5,CE,77,2.8,47,25,28,7.3,4.1,29508,School,Yes,Day Scholar,Yes,8.35,7,3,6.11
STU104673,25,Female,1,ME,54,6.5,54,81,87,5.2,5.7,202944,Postgraduate,No,Day Scholar,Yes,8.64,1,2,8.08
STU104674,21,Male,3,CSE,82,4.3,87,98,46,4.6,2.7,46717,School,No,Day Scholar,Yes,6.34,6,3,8.52
STU104675,18,Female,7,IT,45,-3,66,50,88,4.7,3.6,20920,None,Yes,Day Scholar,Yes,5.34,5,2,7.56
STU104676,25,Male,7,ECE,71,2.3,63,84,89,7.1,1.0,295367,None,No,Day Scholar,No,5.75,1,1,7.83
STU104677,18,Male,3,ECE,82,1.0,82,44,91,8.5,3.8,138200,Graduate,Yes,Day Scholar,,6.27,0,1,7.29
STU104678,23,Female,5,IT,90,9.1,52,92,69,7.3,2.7,254033,Postgraduate,No,Day Scholar,Yes,8.86,8,2,10
STU104679,24,Male,6,DS,68,7.1,47,87,22,4.1,8.9,263907,School,No,Hostel,No,8.14,2,4,7.29
STU104680,18,Male,6,ME,81,3.5,58,48,41,eight,4.2,65890,Postgraduate,No,Hostel,Yes,9.25,5,0,7.17
STU104681,21,Female,4,CSE,94,1.9,69,43,95,6.8,1.3,141018,Postgraduate,Yes,Day Scholar,Yes,9.11,1,1,9.32
STU104682,22,Female,2,ME,65,0.1,67,52,89,7.3,4.4,85097,School,No,Hostel,No,8.23,7,1,7.44
STU104683,20,Male,3,EEE,76,1.3,40,87,69,9.0,5.7,236522,School,No,Hostel,Yes,8.52,1,1,8.33
STU104684,25,Female,8,EEE,74,1.6,62,58,27,4.9,7.3,103439,Postgraduate,No,Hostel,Yes,5.75,4,0,6.32
STU104685,21,Female,1,CE,56,1.0,65,94,79,6.8,2.9,267908,School,No,Hostel,Yes,9.22,5,2,8.78
STU104686,24,Male,8,EEE,78,4.9,45,31,92,4.8,5.1,268954,None,No,Day Scholar,No,7.0,6,4,8.04
STU104687,18,Female,2,ECE,64,5.5,84,79,48,7.5,1.3,105240,None,No,Day Scholar,Yes,6.05,0,4,7.13
STU104688,24,Male,1,IT,57,2.8,54,50,79,8.8,8.8,179617,None,Yes,Day Scholar,No,6.65,3,1,7.34
STU104689,20,Male,4,CE,95,3.0,83,79,23,8.3,2.6,142186,School,No,Day Scholar,Yes,8.95,6,3,7.89
STU104690,21,Female,7,ME,63,5.3,58,40,98,8.4,2.3,194312,Postgraduate,No,Day Scholar,No,7.51,7,0,8.54
STU104691,24,Female,1,ME,83,6.4,64,45,32,5.5,8.4,190551,School,Yes,Day Scholar,Yes,9.11,4,4,7.77
STU104692,19,Male,1,ECE,71,5.7,55,53,40,6.8,3.5,38685,Graduate,Yes,Day Scholar,Yes,7.26,5,0,6.87
STU104693,20,Male,6,EEE,48,6.7,53,38,74,8.5,5.1,122361,Graduate,Yes,Hostel,No,8.59,8,4,7.41
STU104694,24,Female,5,CSE,84,2.3,81,98,44,5.4,1.7,107502,None,No,Day Scholar,Yes,7.26,3,2,7.35
STU104695,18,Female,5,ME,47,3.7,86,89,95,4.0,1.8,unknown,Postgraduate,No,Hostel,No,7.53,3,0,8.93
STU104696,18,Female,2,ME,84,5.6,63,62,51,4.8,3.3,285684,School,No,Hostel,Yes,6.07,1,0,6.83
STU104697,25,Male,6,DS,94,1.4,50,94,22,6.7,4.6,145478,School,Yes,Hostel,No,9.49,8,0,8.31
STU104698,25,Male,4,IT,49,1.9,73,35,27,5.2,4.7,207810,School,Yes,Day Scholar,No,8.48,1,0,6.15
STU104699,21,Male,8,CE,49,9.3,75,26,69,8.3,2.5,246408,School,No,Day Scholar,No,5.09,2,2,8.24
STU104700,21,Female,7,CE,65,1.5,43,45,71,7.4,5.0,236337,Postgraduate,Yes,Day Scholar,No,8.24,7,2,7.73
STU104701,25,Female,8,CSE,75,2.6,91,38,88,8.9,1.9,117516,School,No,Day Scholar,Yes,8.38,0,1,7.85
STU104702,20,Female,1,CSE,53,1.9,40,57,57,8.7,6.6,272768,Graduate,No,Hostel,No,8.49,0,3,6.29
STU104703,22,Female,5,ME,60,8.7,82,93,63,5.7,7.0,19648,School,No,Day Scholar,No,7.92,8,1,8.87
STU104704,22,Male,3,DS,63,2.9,37,39,66,7.3,0.7,135393,None,Yes,Hostel,Yes,7.57,4,1,6.93
STU104705,19,Female,6,ME,76,0.4,53,28,27,8.2,3.9,157587,Graduate,No,Hostel,No,9.18,4,4,5.48
STU104706,22,Female,7,DS,82,9.2,80,82,72,6.6,8.4,286876,School,Yes,Day Scholar,Yes,7.43,-1,1,10
STU104707,19,Female,1,CSE,57,7.6,69,75,55,4.2,1.6,224744,None,Yes,Hostel,Yes,8.1,2,2,8.67
STU104708,19,Male,6,CE,91,7.1,66,87,46,8.5,7.5,296885,School,Yes,Hostel,No,8.85,2,4,8.12
STU104709,21,Male,7,CE,87,5.7,72,72,52,8.8,7.0,158642,None,Yes,Day Scholar,No,8.38,3,2,8.29
STU104710,21,Female,4,ME,93,9.0,47,40,72,6.8,3.8,185741,School,Yes,Hostel,Yes,6.25,8,3,8.83
STU104711,25,Male,5,ME,45,1.8,77,75,62,8.6,0.5,95998,School,Yes,Hostel,No,6.37,8,4,7.66
STU104712,22,Male,5,CSE,52,1.4,49,81,51,7.5,0.8,201478,Postgraduate,No,Day Scholar,No,7.55,1,3,7.3
STU104713,19,Female,7,ME,68,2.0,64,53,98,5.7,5.9,112642,Postgraduate,No,Hostel,Yes,9.01,7,0,9.03
STU104714,18,Male,3,CSE,75,4.8,58,67,60,6.7,2.3,161065,None,Yes,Day Scholar,Yes,7.04,2,0,8.12
STU104715,18,Female,2,DS,77,3.5,41,41,40,4.9,2.4,76057,School,Yes,Day Scholar,No,6.26,0,2,5.64
STU104716,24,Male,3,DS,96,9.7,62,50,33,6.0,3.0,19570,School,Yes,Hostel,Yes,9.65,7,3,9.15
STU104717,18,Male,1,CE,92,8.3,68,37,65,5.0,6.7,121403,None,Yes,Day Scholar,Yes,5.93,6,2,8.38
STU104718,18,Male,6,EEE,77,2.8,53,93,85,7.6,2.1,73379,None,Yes,Day Scholar,No,6.69,2,2,8.05
STU104719,19,Male,2,CSE,55,9.7,66,28,87,4.5,3.5,237072,Graduate,Yes,Day Scholar,Yes,5.27,3,4,8.37
STU104720,18,Female,2,CSE,76,8.3,40,49,80,4.4,2.5,199179,None,Yes,Hostel,No,9.1,5,0,9.22
STU104721,24,Male,8,DS,67,5.9,74,59,91,5.1,7.0,22276,None,No,Day Scholar,No,6.45,7,1,9.44
STU104722,18,Female,4,CE,72,4.6,58,52,71,7.5,8.6,119544,Graduate,No,Day Scholar,Yes,9.6,5,1,7.85
STU104723,22,Female,2,IT,82,0.5,54,100,99,7.0,8.8,187529,School,No,Day Scholar,No,6.06,1,3,7.7
STU104724,20,Male,4,IT,99,5.8,62,81,24,5.4,3.7,31718,Postgraduate,Yes,Day Scholar,No,8.29,4,0,7.91
STU104725,21,Male,2,IT,55,3.9,96,97,74,5.9,6.4,162464,Postgraduate,Yes,Day Scholar,No,9.56,1,3,9.54
STU104726,21,Female,1,ME,85,9.6,56,74,41,4.3,8.8,225276,Postgraduate,No,Day Scholar,Yes,7.89,1,3,7.66
STU104727,23,Male,8,ECE,95,8.8,47,73,93,5.6,7.5,255098,Graduate,Yes,Hostel,Yes,8.74,1,2,10
STU104728,25,Female,6,CSE,75,4.3,47,27,72,4.5,,47433,Postgraduate,No,Day Scholar,Yes,5.38,2,0,6.02
STU104729,20,Male,7,DS,74,3.3,89,55,75,4.5,3.8,18302,Postgraduate,Yes,Hostel,No,7.4,6,4,8.17
STU104730,20,Male,5,ECE,80,1.2,77,31,56,8.0,8.5,171798,None,No,Day Scholar,No,8.63,4,2,6.46
STU104731,19,Male,3,IT,58,2.9,39,32,56,4.6,2.6,166575,None,No,Day Scholar,No,5.41,2,4,4.86
STU104732,23,Female,5,DS,63,3.4,61,20,55,5.0,7.5,76655,Postgraduate,Yes,Hostel,Yes,8.28,2,1,6.49
STU104733,22,Female,3,CSE,83,3.9,89,29,31,8.8,6.8,205487,Postgraduate,Yes,Day Scholar,No,9.63,1,1,6.93
STU104734,21,Male,5,ME,74,9.5,69,91,45,4.5,6.3,70596,School,Yes,Hostel,No,5.88,7,2,8.25
,25,Female,3,CSE,93,1.4,59,94,41,5.0,4.5,215708,Graduate,Yes,Day Scholar,Yes,9.67,2,0,7.39
STU104736,25,Male,4,DS,59,6.1,66,76,58,4.8,4.8,22195,Postgraduate,No,Hostel,No,5.79,5,0,8.17
STU104737,19,Male,7,IT,96,6.0,75,80,94,7.8,8.4,52327,Graduate,Yes,Day Scholar,No,8.45,7,0,10
STU104738,23,Female,6,CSE,94,1.3,87,58,65,5.6,1.5,121223,Graduate,Yes,Day Scholar,No,8.7,8,0,8.12
STU104739,19,Male,5,EEE,49,1.5,70,72,24,7.1,4.3,286722,School,Yes,Day Scholar,Yes,9.78,3,2,7.24
STU104740,19,Female,1,EEE,47,7.7,79,84,76,5.4,6.2,88736,None,Yes,Day Scholar,Yes,8.25,0,4,7.93
STU104741,20,Female,1,EEE,74,0.8,50,90,47,5.4,4.3,188282,Graduate,Yes,Day Scholar,No,9.57,8,0,8.04
STU104742,25,Female,6,ECE,54,3.2,61,94,57,6.4,6.1,220747,School,No,Day Scholar,No,5.61,3,1,7.25
STU104743,18,Male,2,IT,55,9.6,88,62,99,9.0,1.8,151293,School,No,Day Scholar,Yes,9.56,8,0,10
STU104744,19,Female,7,CE,72,6.5,49,85,87,5.7,2.7,227340,None,No,Day Scholar,No,8.28,0,4,8.02
STU104745,23,Male,3,CE,58,8.8,90,40,74,8.1,6.4,228875,None,No,Hostel,Yes,9.68,7,2,9.93
STU104746,20,Female,5,ME,88,8.9,42,77,32,4.3,7.7,81283,None,No,Day Scholar,Yes,7.66,7,4,7.88
STU104747,24,Female,2,ME,80,8.3,49,50,28,8.9,4.4,189139,None,No,Day Scholar,Yes,9.8,2,2,7.07
STU104748,19,Female,2,CE,59,4.0,64,30,35,8.1,2.6,77111,Postgraduate,No,Hostel,Yes,7.22,4,2,6.94
STU104749,24,Male,7,DS,60,9.3,100,77,64,5.1,8.8,54729,School,Yes,Hostel,Yes,7.43,4,2,9.69
STU104750,25,Male,3,EEE,60,2.6,36,20,29,5.3,0.8,114923,Graduate,Yes,Hostel,No,6.86,5,4,5.56
STU104751,23,Female,7,IT,70,2.1,40,33,82,5.4,4.3,unknown,Postgraduate,Yes,Day Scholar,No,9.36,2,0,6.72
STU104752,20,Female,4,IT,71,0.8,82,46,26,4.7,9.0,223817,None,No,Day Scholar,Yes,9.46,5,4,6.74
STU104753,22,Female,5,IT,92,8.7,72,28,60,8.2,7.7,218302,Postgraduate,No,Hostel,No,8.65,3,2,9.18
STU104754,24,Female,8,CSE,86,2.7,59,59,100,4.1,7.8,63925,Postgraduate,No,Day Scholar,Yes,7.13,0,1,7.86
STU104755,20,Male,2,CE,93,0.3,81,98,69,4.1,2.3,219740,School,Yes,Day Scholar,No,5.35,8,2,8.44
STU104756,21,Female,3,CE,45,9.8,44,44,60,5.2,1.8,58237,None,Yes,Hostel,No,8.44,4,1,8.35
STU104757,18,Male,1,CE,88,3.8,46,23,50,7.5,6.1,147605,None,Yes,Day Scholar,No,9.12,1,1,6.77
STU104758,19,Male,7,ME,98,4.3,62,73,25,7.7,2.7,284422,School,No,Hostel,Yes,8.86,6,3,8.01
STU104759,22,Male,8,EEE,59,3.6,67,24,81,7.0,4.6,219337,Graduate,Yes,Hostel,No,8.84,7,4,7.01
STU104760,23,Female,2,ECE,79,2.0,37,80,36,4.5,2.7,288975,Postgraduate,No,Hostel,No,9.07,5,1,7.24
STU104761,18,Female,5,ECE,89,9.4,67,78,99,5.8,6.7,32505,None,Yes,Hostel,Yes,9.8,7,0,10
STU104762,18,Male,2,ECE,85,1.5,90,41,93,7.2,6.4,125589,Postgraduate,No,Day Scholar,No,9.62,0,0,8.58
STU104763,20,Male,3,ME,81,0.9,94,92,44,8.3,2.7,142766,Graduate,No,Hostel,No,7.91,0,4,8.51
STU104764,21,Male,5,CSE,58,6.1,48,89,66,5.4,1.8,120021,Postgraduate,Y,Hostel,Yes,5.46,0,1,7.31
STU104765,20,Male,5,EEE,60,4.1,42,81,49,4.5,5.3,unknown,School,Yes,Day Scholar,Yes,6.41,8,3,7.64
STU104766,19,Female,1,EEE,72,3.8,49,93,94,5.9,7.3,49542,Postgraduate,No,Day Scholar,No,5.06,1,2,8.7
STU104767,22,Male,7,IT,71,7.4,94,90,36,4.3,8.8,141513,Postgraduate,No,Hostel,Yes,7.15,8,3,7.95
STU104768,19,Female,8,ME,81,3.7,55,38,94,8.1,8.3,226107,None,Yes,Hostel,No,8.71,8,1,8.53
STU104769,22,Female,1,ME,46,7.3,42,79,86,9.0,4.8,151545,Graduate,No,Hostel,Yes,9.16,0,0,9.05
STU104770,20,Female,7,ME,97,8.6,74,77,89,5.7,1.7,239265,Graduate,Yes,Hostel,No,6.46,0,3,9.47
STU104771,22,Male,7,ME,76,0.7,73,30,24,6.7,2.3,221815,Graduate,Yes,Day Scholar,Yes,5.9,1,1,5.49
STU104772,21,Female,6,IT,55,7.8,36,57,45,7.3,4.8,16184,Postgraduate,Yes,Hostel,No,8.7,1,3,6.65
STU104773,20,Male,6,DS,93,7.0,70,45,46,7.7,3.0,208987,Postgraduate,No,Hostel,No,5.7,1,2,7.26
STU104774,21,Female,7,CE,84,6.9,49,70,68,6.0,2.6,104951,Graduate,Yes,Day Scholar,Yes,6.83,6,0,9.07
STU104775,25,male,2,ECE,65,8.2,81,60,64,7.6,8.7,92448,Postgraduate,No,Day Scholar,Yes,7.02,4,3,8.0
STU104776,23,Female,6,CSE,62,7.9,42,58,-10,5.5,6.6,214340,Postgraduate,Yes,Hostel,No,6.74,6,4,7.1
STU104777,24,Male,1,IT,71,8.2,98,35,30,6.5,2.8,76448,None,Yes,Day Scholar,Yes,8.43,0,3,8.13
STU104778,22,Female,5,CSE,75,3.2,69,53,79,7.6,0.7,125528,Graduate,No,Hostel,No,6.06,0,2,7.28
STU104779,25,Male,4,EEE,49,7.1,39,150,55,4.8,3.9,147259,None,Yes,Hostel,No,8.38,1,2,6.07
STU104780,18,Male,6,ECE,47,0.5,77,32,45,8.0,3.1,195899,None,Yes,Day Scholar,Yes,5.85,6,3,6.59
STU104781,23,Male,7,IT,66,8.7,35,56,25,4.5,2.1,290848,Postgraduate,No,Hostel,No,6.17,4,3,6.5
STU104782,18,Female,3,IT,68,3.2,90,29,63,8.7,3.8,228876,Postgraduate,No,Hostel,Yes,8.11,6,3,7.9
STU104783,25,Male,2,EEE,49,4.3,75,33,24,8.4,2.9,224558,None,No,Hostel,Yes,5.54,7,1,6.34
STU104784,23,Female,3,ECE,96,5.1,47,71,30,5.9,1.3,138277,Graduate,No,Day Scholar,Yes,7.58,6,3,7.0
STU104785,22,Male,7,CSE,89,5.0,100,50,25,7.7,,298022,Postgraduate,No,Hostel,Yes,9.34,3,2,8.74
STU104786,22,Female,7,IT,86,6.1,50,95,58,7.3,8.5,55433,Graduate,No,Day Scholar,No,6.99,4,1,7.81
STU104787,20,Female,3,CSE,80,7.2,94,43,24,7.2,2.2,136666,Postgraduate,Yes,Hostel,Yes,7.63,4,4,8.05
STU104788,20,Male,2,EEE,87,7.2,46,94,73,4.1,5.8,89735,Postgraduate,No,Hostel,No,7.2,0,0,8.27
STU104789,23,Female,5,CE,94,4.1,71,51,69,8.5,6.7,34008,School,Yes,Day Scholar,No,5.99,8,2,8.25
STU104790,25,Male,2,IT,93,0.1,90,20,53,7.3,4.8,288411,Graduate,No,Hostel,No,9.11,5,3,7.87
STU104791,19,Male,5,ECE,54,5.3,52,74,47,6.9,5.2,174669,None,No,Hostel,No,5.1,7,0,7.92
STU104792,20,Female,5,EEE,91,1.0,91,54,91,6.6,8.5,223093,School,Yes,Day Scholar,Yes,8.83,7,3,8.95
STU104793,23,Female,2,CSE,95,4.9,81,95,69,5.5,8.8,27286,Postgraduate,Yes,Hostel,Yes,5.83,3,1,9.12
STU104794,19,Female,5,CE,84,9.1,59,53,43,7.9,0.5,204595,None,Yes,Day Scholar,Yes,8.91,1,0,8.08
STU104795,25,Female,1,ME,59,7.6,91,44,53,5.7,3.1,277171,None,No,Day Scholar,Yes,9.75,0,3,8.68
STU104796,24,Male,8,ECE,53,3.6,94,24,22,4.3,6.2,131968,School,No,Hostel,No,9.39,2,1,5.8
STU104797,24,Female,5,ME,86,1.6,68,87,84,6.0,1.1,137105,School,Yes,Hostel,,6.37,2,1,8.25
STU104798,18,Male,4,ECE,,2.6,54,83,77,5.2,3.1,249230,Postgraduate,No,Hostel,No,7.78,6,1,8.61
STU104799,22,Male,7,CE,78,8.1,57,71,20,7.3,0.7,234040,Postgraduate,Yes,Hostel,No,9.13,3,0,7.99
STU104800,24,Female,1,CE,65,4.2,79,90,86,7.7,2.6,90745,School,Yes,Hostel,No,9.45,8,2,9.64
STU104801,21,Female,1,ME,80,6.7,44,91,38,6.6,7.1,190092,None,No,Hostel,No,7.48,3,4,6.85
STU104802,24,Male,7,EEE,70,2.1,59,58,34,5.7,5.4,171919,School,Yes,Hostel,No,6.2,1,0,5.52
STU104803,25,Female,4,CE,76,7.5,93,30,20,7.7,5.4,145794,Postgraduate,Yes,Day Scholar,No,7.22,1,1,7.55
STU104804,21,Male,4,IT,56,4.3,90,24,100,4.2,8.7,122739,School,No,Day Scholar,Yes,8.69,5,3,8.82
STU104805,23,Female,4,CSE,80,1.9,97,74,71,5.2,2.5,175133,None,Yes,Day Scholar,Yes,11.5,8,3,9.39
STU104806,20,Male,3,CE,73,5.0,75,73,77,5.3,1.3,82346,None,No,Day Scholar,No,7.11,6,2,8.41
STU104807,18,Male,4,DS,82,5.1,55,74,42,8.4,6.2,27178,School,Yes,Hostel,No,6.14,4,2,8.09
STU104808,19,Female,9,CSE,62,3.1,75,46,86,7.6,7.9,289118,Postgraduate,No,Hostel,No,8.19,7,4,7.85
STU104809,19,Male,6,ME,94,9.8,69,41,24,6.4,7.4,187858,Graduate,Yes,Day Scholar,No,9.66,4,0,8.11
STU104810,20,Male,6,ECE,48,9.7,75,75,25,5.4,1.7,208738,Postgraduate,No,Day Scholar,Yes,8.89,1,1,8.04
STU104811,20,Female,5,CSE,50,1.4,68,84,66,8.0,2.0,157082,None,Yes,Hostel,Yes,7.03,1,2,6.82
STU104812,22,Female,7,IT,51,9.9,94,63,99,4.6,2.3,211229,Postgraduate,No,Hostel,Yes,6.69,6,1,10
STU104813,25,Female,1,ECE,82,6.1,76,75,56,6.5,8.1,130742,None,No,Hostel,Yes,5.51,8,1,8.8
STU104814,23,Female,5,ECE,88,7.3,91,34,58,7.6,4.6,266325,Postgraduate,Yes,Hostel,No,6.42,8,1,8.26
STU104815,19,Female,2,ECE,76,3.0,45,74,90,6.3,6.5,31920,School,Yes,Hostel,No,8.65,1,2,7.68
STU104816,18,Male,1,IT,51,3.8,37,55,25,7.7,2.5,127744,None,No,Hostel,No,8.17,5,2,5.91
STU104817,23,Male,5,ME,70,0.9,69,43,28,7.1,6.9,21318,None,Yes,Day Scholar,Yes,8.76,2,0,6.07
STU104818,22,Female,8,ECE,100,5.4,92,81,54,6.5,7.9,21175,Graduate,No,Hostel,No,8.75,8,0,9.76
STU104819,21,Female,5,CE,81,9.7,56,53,76,4.4,4.1,209760,None,Yes,Hostel,No,9.06,0,1,9.34
STU104820,21,Female,8,DS,86,9.7,100,97,81,7.6,8.3,157685,Graduate,Yes,Hostel,Yes,8.46,6,0,10
STU104821,24,Male,6,ECE,68,4.9,99,86,24,9.0,3.1,258994,Postgraduate,No,Day Scholar,No,9.26,0,3,8.33
STU104822,24,Male,7,DS,68,7.8,92,20,82,5.8,5.1,89249,None,Yes,Hostel,No,6.29,4,3,8.37
STU104823,19,Male,8,CSE,61,3.4,92,76,42,7.5,6.0,235601,Postgraduate,No,Day Scholar,Yes,8.36,2,4,6.98
STU104824,22,Male,8,ECE,76,0.2,94,51,67,4.6,0.9,239437,Graduate,No,Day Scholar,Yes,7.77,6,1,7.77
STU104825,18,Female,6,DS,82,6.8,45,100,76,6.0,8.8,100212,None,Yes,Day Scholar,No,8.65,4,2,8.74
STU104826,20,Male,7,CE,67,7.4,49,46,20,5.0,4.6,160469,Postgraduate,No,Hostel,No,8.85,7,3,6.53
STU104827,20,Male,9,EEE,61,1.4,98,27,42,7.3,5.3,115314,School,Yes,Day Scholar,Yes,9.68,1,1,6.48
STU104828,19,Female,3,EEE,67,8.8,39,59,58,6.0,2.6,185795,None,Yes,Hostel,Yes,5.65,1,0,7.03
STU104829,22,Male,3,ECE,82,8.3,65,20,84,4.4,2.2,240775,Graduate,Yes,Hostel,No,8.56,0,2,8.33
STU104830,21,Female,1,ME,53,2.7,95,62,40,4.7,3.5,297553,None,Yes,Day Scholar,No,6.73,2,2,6.95
STU104831,25,Female,8,ECE,76,3.3,92,98,22,8.8,0.8,200063,School,Yes,Day Scholar,Yes,6.68,8,0,8.95
STU104832,24,Female,4,ECE,68,0.3,80,94,94,6.0,4.4,241148,None,Yes,Hostel,Yes,6.59,6,3,8.07
STU104833,20,Male,1,CE,99,8.1,59,98,36,7.0,6.3,70381,School,Yes,Day Scholar,Yes,5.3,5,0,9.32
STU104834,18,Male,7,CSE,90,1.9,99,52,53,8.5,3.6,152269,Postgraduate,Yes,Hostel,No,8.07,0,4,7.78
STU104835,21,Female,7,IT,96,5.7,35,30,50,8.6,8.2,42499,Graduate,Yes,Hostel,No,5.16,3,2,6.81
STU104836,25,Female,3,DS,68,7.2,83,55,20,5.3,0.5,21686,Graduate,No,Day Scholar,No,6.77,2,1,6.56
STU104837,24,Male,5,EEE,88,2.5,66,70,51,6.0,8.5,290156,School,No,Day Scholar,Yes,5.74,3,3,6.7
STU104838,24,Female,5,IT,73,6.1,95,77,92,4.3,1.1,289384,None,No,Hostel,No,8.05,2,4,9.08
STU104839,23,Female,3,CE,77,1.3,43,33,89,8.1,4.1,200879,None,Yes,Day Scholar,Yes,8.45,8,4,7.57
STU104840,19,Male,4,ME,58,-3,64,50,81,8.1,6.9,200033,None,Yes,Hostel,Yes,6.9,6,2,7.89
STU104841,18,Male,6,ECE,84,3.7,40,98,31,4.9,8.9,45638,Postgraduate,No,Day Scholar,No,5.9,3,1,6.81
STU104842,18,Female,2,DS,76,0.5,62,50,71,5.9,6.2,62672,Postgraduate,Yes,Hostel,Yes,7.74,4,2,7.35
STU104843,22,Female,3,EEE,53,4.0,68,38,62,5.2,1.2,67583,Graduate,No,Day Scholar,No,6.79,3,2,6.65
STU104844,22,Male,2,CE,53,2.6,79,74,42,7.6,3.8,216838,Graduate,No,Day Scholar,No,8.56,4,2,6.7
STU104845,19,Male,6,DS,91,6.9,38,50,57,5.3,7.5,94922,School,No,Day Scholar,Yes,7.89,5,1,8.29
STU104846,19,Male,5,CSE,80,0.9,58,59,57,5.8,4.6,56344,Postgraduate,Yes,Day Scholar,Yes,6.71,4,2,7.58
STU104847,21,Female,4,ECE,93,7.3,68,71,42,5.9,8.7,136828,Graduate,Yes,Hostel,No,7.67,4,0,7.65
STU104848,20,Male,2,DS,62,1.9,80,48,91,5.6,7.9,105078,School,No,Day Scholar,No,5.35,2,1,7.32
STU104849,19,Male,2,IT,50,6.1,95,74,84,4.7,4.1,251199,Postgraduate,No,Hostel,Yes,7.8,0,0,8.43
STU104850,21,Male,2,ME,68,8.9,36,87,24,4.0,5.7,166065,None,Yes,Hostel,No,7.22,3,2,6.42
STU104851,24,Female,5,CE,73,1.7,64,81,95,4.1,3.7,47677,None,No,Day Scholar,Yes,8.58,6,3,8.2
STU104852,20,Male,1,CSE,73,8.6,71,38,74,6.9,7.0,214100,School,Yes,Day Scholar,Yes,7.54,2,0,8.65
STU104853,18,Male,3,DS,91,4.8,48,69,95,5.1,1.9,207906,Graduate,Yes,Hostel,No,6.51,8,2,8.72
STU104854,23,Female,2,ECE,80,5.9,94,45,77,6.9,1.2,69236,Postgraduate,Yes,Day Scholar,No,7.23,5,0,8.84
STU104855,18,Male,8,ECE,75,0.0,71,83,82,8.6,7.6,255337,None,No,Day Scholar,Yes,8.21,8,2,8.74
STU104856,21,Female,1,IT,83,8.7,82,42,66,8.7,1.5,237501,Graduate,No,Day Scholar,Yes,8.92,8,1,10
STU104857,19,Male,2,DS,91,4.1,38,64,83,4.9,0.7,262658,Postgraduate,Yes,Hostel,Yes,8.89,0,0,8.55
STU104858,24,Female,7,ME,71,5.0,35,28,81,4.5,4.6,210443,Graduate,Yes,Hostel,No,7.26,4,4,6.7
STU104859,19,Male,6,CE,95,0.9,72,57,83,4.1,6.7,217032,None,Yes,Day Scholar,No,6.72,2,0,8.03
STU104860,24,Female,5,DS,95,3.6,59,89,31,4.1,3.7,249029,None,No,Hostel,No,6.58,6,4,7.01
STU104861,24,Male,8,ME,48,8.4,80,49,39,7.7,7.7,268921,Graduate,No,Day Scholar,Yes,9.56,2,2,7.1
STU104862,22,Female,8,ECE,76,3.9,84,74,71,8.6,1.3,125023,School,No,Hostel,Yes,7.55,0,2,8.45
STU104863,18,Female,7,CE,98,1.9,42,58,31,7.6,1.3,168800,School,No,Hostel,No,9.41,2,4,6.28
STU104864,19,Male,5,CE,95,6.2,90,78,59,6.4,7.5,281051,None,Yes,Hostel,No,8.25,5,4,9.37
STU104865,19,Male,2,ECE,62,0.1,84,64,42,5.3,1.2,209473,None,No,Hostel,No,9.63,7,2,7.33
STU104866,22,Female,6,CSE,96,2.5,83,93,55,5.4,1.2,291032,School,No,Day Scholar,No,8.61,1,3,9.17
STU104867,22,Male,3,ECE,59,1.8,59,51,60,7.2,5.0,90139,None,No,Day Scholar,No,7.94,1,1,6.23
STU104868,19,Male,4,ME,51,5.8,65,28,79,5.2,1.8,206917,School,Yes,Hostel,Yes,5.92,7,0,7.85
STU104869,22,Female,2,DS,55,7.8,99,70,100,6.3,6.9,161891,Postgraduate,Yes,Hostel,No,5.83,1,1,9.14
STU104870,19,Male,3,EEE,70,8.7,52,83,26,7.3,8.1,116158,Postgraduate,Yes,Hostel,Yes,5.12,3,3,12
STU104871,24,Female,8,ME,46,6.5,72,47,38,7.7,0.8,281622,School,Yes,Hostel,No,9.26,8,0,7.83
STU104872,25,Male,6,EEE,89,3.1,66,45,74,6.2,7.9,51626,Postgraduate,No,Hostel,No,6.8,7,0,7.52
STU104873,19,Female,4,IT,66,8.7,94,45,86,4.8,4.1,69243,None,Yes,Hostel,No,6.35,7,2,9.58
STU104874,23,Male,2,ME,96,4.7,52,31,70,7.3,4.3,21299,None,Yes,Hostel,Yes,8.19,3,1,7.99
STU104875,23,Male,1,CE,93,7.8,92,58,29,4.8,7.0,240367,Graduate,No,Hostel,No,5.52,2,0,7.72
STU104876,19,Female,5,CSE,52,8.1,88,77,98,6.7,7.8,224730,Graduate,No,Day Scholar,No,9.05,8,3,9.92
STU104877,18,Male,2,IT,73,4.7,62,32,98,4.1,7.7,104354,None,No,Hostel,No,6.64,3,2,8.45
STU104878,20,Female,3,ECE,46,9.3,49,89,49,4.3,7.8,296627,Postgraduate,Yes,Day Scholar,No,8.2,6,4,7.72
STU104879,20,Male,6,ECE,72,6.2,45,49,28,8.4,6.0,225091,School,Yes,Day Scholar,Yes,5.1,2,2,5.52
STU104880,23,Female,1,CE,71,6.0,52,42,52,5.1,7.9,292618,School,No,Day Scholar,Yes,6.4,2,0,6.97
STU104881,25,Female,5,IT,70,5.2,87,83,85,4.2,4.9,165921,Postgraduate,No,Day Scholar,No,5.84,0,2,8.56
STU104882,22,Male,8,CE,96,7.5,78,85,28,6.5,5.0,206329,School,No,Hostel,No,8.65,-1,1,8.54
STU104883,20,Male,5,DS,50,4.1,57,26,96,6.3,4.4,79659,School,Yes,Hostel,Yes,6.61,3,0,6.77
STU104884,24,Male,3,EEE,48,6.0,98,24,55,4.5,2.7,186913,Graduate,Yes,Day Scholar,No,6.77,4,4,7.69
STU104885,22,Female,6,CE,51,0.5,71,29,92,7.7,8.4,83394,Postgraduate,Yes,Day Scholar,Yes,8.54,6,2,7.87
STU104886,25,Female,5,EEE,90,9.7,95,100,79,6.1,2.8,168283,None,No,Hostel,No,8.85,2,1,10
STU104887,21,Female,7,CE,79,9.2,70,70,43,9.0,8.0,38355,Graduate,Yes,Day Scholar,No,6.1,2,0,7.85
STU104888,24,Male,1,EEE,,2.7,67,80,81,5.9,6.7,16115,Postgraduate,Yes,Day Scholar,Yes,6.83,4,1,8.33
STU104889,18,Male,5,DS,76,7.9,75,93,51,7.0,3.2,173416,None,No,Day Scholar,No,6.08,5,2,9.41
STU104890,21,Female,5,EEE,46,2.4,35,75,52,4.9,3.3,87595,Postgraduate,Yes,Hostel,Yes,9.29,0,4,6.02
STU104891,24,Male,6,ME,91,2.9,91,99,54,7.1,2.5,144851,None,Yes,Day Scholar,No,9.66,1,4,9.37
STU104892,19,Male,2,CE,72,7.1,88,82,56,6.9,8.2,124841,Graduate,No,Day Scholar,Yes,5.9,0,4,7.53
STU104893,25,Female,1,IT,70,4.3,85,56,56,6.0,4.4,45965,Graduate,No,Day Scholar,No,5.25,8,2,7.07
STU104894,21,Female,8,DS,49,9.7,38,80,99,8.4,6.8,234531,None,No,Day Scholar,No,5.53,6,1,8.38
STU104895,23,Female,7,CE,89,6.0,100,75,98,5.8,6.6,21685,School,Yes,Day Scholar,No,7.37,4,4,9.74
STU104896,18,Female,8,EEE,71,0.3,38,29,45,5.4,1.5,290229,Postgraduate,Yes,Hostel,No,5.26,8,2,5.75
STU104897,18,Male,6,ME,96,2.6,67,95,96,5.9,8.7,23318,School,Yes,Hostel,Yes,6.66,7,2,9.67
STU104898,21,Male,1,CE,68,4.2,66,99,65,7.2,6.2,84218,School,No,Day Scholar,Yes,7.55,0,1,7.81
STU104899,18,Female,3,IT,97,2.4,100,80,57,6.8,5.8,183477,None,Yes,Hostel,No,8.95,2,3,9.02
STU104900,24,Male,8,DS,61,2.0,45,40,84,7.3,5.8,110339,None,Yes,Day Scholar,Yes,8.7,6,0,8.01
STU104901,23,Male,7,DS,88,6.2,44,91,81,6.2,5.5,71521,Postgraduate,No,Day Scholar,Yes,5.12,2,2,8.55
STU104902,18,Female,7,ME,80,4.2,71,86,43,5.5,6.3,119601,Postgraduate,No,Day Scholar,Yes,6.88,5,2,8.11
STU104903,19,Female,8,DS,76,7.1,74,64,38,7.8,4.2,101841,School,No,Day Scholar,Yes,9.7,7,1,9.23
STU104904,22,Male,8,DS,76,1.9,59,46,25,8.7,8.2,218310,School,Yes,Hostel,No,9.43,4,2,6.74
STU104905,23,Female,8,DS,86,3.7,84,44,41,5.1,0.6,96281,Graduate,Yes,Hostel,No,5.61,6,2,7.54
STU104906,24,Female,3,CSE,98,2.1,90,54,64,6.3,2.2,87929,Grad,No,Day Scholar,No,6.93,3,4,8.21
STU104907,25,Female,7,DS,67,9.5,81,42,21,4.7,7.5,95805,Graduate,Yes,Day Scholar,No,9.16,7,0,7.14
STU104908,19,Male,6,CE,86,9.8,50,74,32,7.0,8.5,205736,None,Yes,Day Scholar,Yes,5.38,0,3,7.28
STU104909,20,Female,1,IT,100,0.0,49,69,82,7.8,3.1,192363,School,No,Hostel,Yes,8.0,8,0,8.4
STU104910,24,Female,4,ECE,75,2.9,38,86,67,4.9,7.5,202675,School,No,Day Scholar,No,6.31,6,1,6.91
STU104911,21,Male,8,CSE,47,8.9,82,91,48,7.9,1.9,86440,None,No,Hostel,No,5.67,5,0,8.69
STU104912,18,Male,8,ECE,56,0.2,91,40,51,4.6,7.2,262653,Postgraduate,Yes,Hostel,No,8.62,0,2,6.16
STU104913,22,Male,1,IT,94,3.7,N/A,38,43,5.3,4.3,196892,Graduate,No,Hostel,No,6.66,8,3,7.39
STU104914,19,Male,3,ME,55,2.4,88,47,94,4.5,1.2,84952,Postgraduate,No,Day Scholar,No,6.25,6,1,8.44
STU104915,19,Male,4,ME,84,2.8,97,61,34,4.6,7.2,263504,School,Yes,Day Scholar,No,8.88,2,3,7.7
STU104916,25,Male,4,DS,63,5.0,69,52,58,5.8,8.7,197617,None,No,Day Scholar,Yes,7.07,4,0,6.93
STU104917,25,Female,7,ECE,57,8.4,57,88,98,4.6,2.4,293986,School,No,Hostel,Yes,7.58,2,3,9.77
STU104918,25,Female,5,CE,69,3.8,41,45,44,5.1,3.3,204775,Postgraduate,Yes,Day Scholar,Yes,5.26,6,2,6.17
STU104919,21,Male,3,DS,94,5.9,41,28,65,4.3,3.5,142982,Postgraduate,No,Hostel,Yes,5.71,5,3,6.97
STU104920,18,Female,3,CSE,87,2.0,62,92,87,5.8,2.1,91853,Postgraduate,Yes,Hostel,No,6.27,0,3,9.06
STU104921,18,Male,2,CSE,76,4.9,61,86,20,7.4,8.7,27837,Postgraduate,Yes,Hostel,Yes,6.3,5,1,7.38
STU104922,21,Female,4,DS,45,0.9,42,53,97,4.3,8.3,166866,None,Yes,Hostel,Yes,8.86,7,0,12
STU104923,20,Male,6,ECE,51,2.0,50,24,86,6.9,8.9,95874,Postgraduate,Yes,Hostel,Yes,7.41,0,4,5.5
STU104924,22,Female,2,ECE,59,4.7,65,70,88,5.8,2.4,152017,Postgraduate,Yes,Day Scholar,No,8.82,6,2,8.94
STU104925,19,Male,7,CSE,86,0.5,36,36,22,7.2,1.9,223263,Graduate,Yes,Day Scholar,Yes,6.27,7,0,5.44
STU104926,22,Male,4,IT,55,5.8,94,30,42,6.6,7.2,89149,Graduate,No,Hostel,Yes,6.28,3,1,7.3
STU104927,19,Female,4,CSE,95,6.7,40,81,94,5.7,2.5,72482,Postgraduate,No,Day Scholar,No,8.12,7,4,9.5
STU104928,25,Male,2,DS,56,3.1,76,46,22,6.1,7.0,76174,School,Yes,Day Scholar,No,7.89,2,4,6.24
STU104929,22,Female,6,ME,86,1.6,66,58,73,8.5,7.2,58748,School,Yes,Hostel,No,7.04,0,1,7.37
STU104930,20,Female,4,DS,99,5.1,85,84,27,8.4,2.3,285775,Postgraduate,Yes,Hostel,No,7.66,3,4,7.74
STU104931,22,Male,3,CSE,64,1.5,62,23,91,7.5,4.5,235221,School,No,Hostel,No,9.51,3,2,7.62
STU104932,24,Male,7,DS,52,8.5,57,85,20,6.5,6.7,69437,Postgraduate,Yes,Hostel,Yes,9.76,6,3,7.91
STU104933,20,Female,6,EEE,80,2.0,95,45,73,8.5,3.8,155300,Postgraduate,Yes,Hostel,Yes,8.47,4,4,7.98
STU104934,24,Female,8,CSE,65,4.2,98,27,51,5.4,7.6,124561,Postgraduate,No,Day Scholar,Yes,5.51,6,3,12
STU104935,25,Male,7,EEE,63,9.6,75,68,65,5.2,5.7,242776,Graduate,No,Day Scholar,Yes,9.12,4,4,8.43
STU104936,24,Male,6,ME,58,8.3,67,79,27,6.7,1.4,249127,Graduate,Yes,Day Scholar,Yes,7.0,8,0,7.7
STU104937,18,Female,6,EEE,54,7.4,44,67,95,6.0,2.0,205600,Postgraduate,No,Hostel,Yes,9.66,3,2,9.08
STU104938,20,Female,6,EEE,93,5.8,37,85,59,6.8,2.7,96191,None,Yes,Day Scholar,No,5.56,8,4,8.04
STU104939,22,Female,3,ECE,64,4.1,80,81,78,8.0,3.3,187856,Graduate,Yes,Day Scholar,No,6.51,8,0,9.55
STU104940,25,Male,2,CSE,47,5.1,90,75,69,5.0,2.8,289622,None,No,Day Scholar,No,5.84,3,4,7.66
STU104941,18,Male,2,CE,70,1.8,35,22,62,5.7,7.3,247397,School,No,Day Scholar,No,9.62,3,0,6.98
STU104942,24,Female,4,ECE,70,0.0,99,88,55,5.3,0.7,118829,None,Yes,Day Scholar,No,9.77,6,0,8.29
STU104943,18,Female,2,CE,94,4.5,N/A,77,71,4.1,5.1,26392,Postgraduate,Yes,Hostel,No,6.52,1,0,8.65
STU104944,18,Male,1,EEE,80,4.3,71,54,96,4.6,8.6,50260,Postgraduate,No,Hostel,Yes,7.54,8,3,8.3
STU104945,23,Male,5,ECE,45,9.7,98,59,54,7.4,6.1,252095,None,Yes,Hostel,Yes,5.37,6,0,7.81
STU104946,22,Male,3,CSE,86,1.4,37,29,57,6.8,1.3,172881,Graduate,Yes,Day Scholar,Yes,7.18,7,2,6.88
STU104947,21,Female,6,ECE,90,2.0,35,82,95,8.7,6.1,138442,None,No,Day Scholar,Yes,9.27,7,4,9.44
STU104948,20,Female,4,IT,65,3.4,84,21,66,8.4,3.2,246134,School,Yes,Hostel,Yes,5.09,8,3,7.07
STU104949,22,Female,5,EEE,68,1.8,73,36,24,5.6,0.7,101544,None,Yes,Hostel,Yes,7.56,2,0,6.61
STU104950,25,Female,4,CSE,46,4.3,91,52,53,6.7,7.8,176247,Postgraduate,Yes,Hostel,No,5.01,7,2,6.58
STU104951,20,Male,2,EEE,74,5.1,95,99,52,8.7,2.6,235472,Postgraduate,No,Day Scholar,Yes,5.14,3,4,9.15
STU104952,25,Female,4,IT,46,6.9,54,23,39,4.1,7.1,44151,School,No,Day Scholar,Yes,5.76,6,1,5.56
STU104953,21,Male,4,ECE,100,1.6,37,64,75,4.7,5.7,269419,None,No,Hostel,No,9.65,6,2,8.72
STU104954,19,Male,3,CSE,58,4.1,60,74,87,4.4,5.1,136951,Postgraduate,No,Day Scholar,Yes,8.81,7,2,8.68
STU104955,23,Female,8,CE,57,9.3,64,52,24,5.0,3.3,176361,Postgraduate,Yes,Hostel,No,9.25,6,4,6.66
STU104956,22,Female,5,ECE,63,8.6,57,21,76,8.0,3.2,291973,School,No,Hostel,No,6.87,1,0,8.49
STU104957,20,Female,5,DS,78,5.3,41,74,79,8.0,0.7,156221,School,No,Hostel,Yes,8.18,7,4,9.09
STU104958,20,Male,2,ME,59,0.3,78,43,49,4.3,2.2,164896,None,Y,Day Scholar,Yes,9.48,4,0,7.38
STU104959,19,Male,5,DS,63,8.9,94,95,78,8.9,6.9,130804,None,No,Hostel,No,7.57,5,0,10
STU104960,24,Female,3,EEE,66,8.8,93,37,69,8.2,2.3,274977,Graduate,Yes,Hostel,No,5.65,3,2,9.04
STU104961,23,Male,5,CSE,72,7.6,36,57,76,9.0,6.1,32000,Graduate,Yes,Hostel,Yes,7.77,0,4,7.82
STU104962,22,Female,7,IT,81,8.2,72,79,75,7.7,6.5,68392,Graduate,No,Day Scholar,No,8.97,3,2,9.8
STU104963,25,Male,5,ME,79,2.0,95,53,67,5.5,1.1,183580,None,Yes,Hostel,No,7.5,8,4,8.5
STU104964,21,Female,6,DS,45,7.2,76,74,50,8.2,0.7,55917,Graduate,No,Hostel,No,6.82,3,0,7.45
STU104965,25,Male,3,CE,99,2.6,37,81,80,8.0,2.0,84714,Graduate,No,Hostel,No,5.09,4,4,7.59
STU104966,24,Male,1,CE,91,7.1,77,31,74,6.0,4.8,267259,School,Yes,hostel,Yes,5.13,8,4,7.78
STU104967,23,Female,7,ECE,60,9.5,90,72,62,6.5,7.2,179659,Postgraduate,Yes,Hostel,Yes,5.14,1,4,8.22
STU104968,19,Male,8,ECE,82,0.0,48,51,61,5.2,8.3,85788,None,Yes,Hostel,Yes,9.79,0,4,6.3
STU104969,22,Female,1,IT,54,4.1,93,63,86,7.8,1.8,246879,Postgraduate,Yes,Hostel,No,6.42,5,0,8.7
STU104970,22,Female,4,EEE,61,5.0,54,24,21,7.6,8.3,244831,Graduate,No,Hostel,No,5.71,3,0,5.7
STU104971,22,Male,3,CSE,46,7.8,93,62,39,7.0,7.8,16048,School,Yes,Hostel,No,5.2,3,1,7.45
STU104972,19,Male,3,IT,94,8.6,55,33,65,4.3,2.0,208389,School,Yes,Day Scholar,Yes,7.76,6,3,8.95
STU104973,25,Male,7,ECE,99,5.1,95,84,96,6.8,7.4,56224,None,Yes,Day Scholar,Yes,6.15,6,0,10
STU104974,19,Female,1,CSE,64,0.6,59,84,95,7.1,5.0,274459,Graduate,No,Day Scholar,Yes,7.32,1,3,7.66
STU104975,21,Female,4,CSE,76,6.0,81,34,76,6.7,8.8,65983,Postgraduate,Yes,Day Scholar,Yes,8.52,8,3,9.1
STU104976,20,Male,5,ME,55,1.5,86,34,37,4.9,8.0,86530,Postgraduate,No,Hostel,No,8.64,1,1,6.53
STU104977,23,Male,3,EEE,95,1.3,76,86,48,4.6,8.0,165093,Postgraduate,No,Day Scholar,No,7.82,4,1,7.33
STU104978,21,Male,5,ME,88,7.8,94,85,49,8.1,2.9,286831,None,No,Hostel,No,7.2,1,4,8.62
STU104979,19,Male,1,ME,72,5.2,68,32,45,4.3,4.9,151713,None,Yes,Hostel,Yes,6.28,6,2,6.77
STU104980,23,Female,7,IT,72,7.4,81,41,92,7.3,4.0,288787,Postgraduate,No,Day Scholar,No,5.34,1,0,8.47
STU104981,18,Female,8,IT,86,1.9,77,94,71,5.9,7.7,59131,Postgraduate,No,Hostel,No,9.02,7,2,8.36
STU104982,18,Male,8,EEE,57,2.5,79,74,83,4.8,5.9,240799,Graduate,Yes,Hostel,No,5.0,3,2,6.97
STU104983,24,Male,1,DS,,1.1,72,43,42,7.4,5.7,297781,Graduate,Yes,Day Scholar,Yes,6.5,6,0,6.6
STU104984,23,Male,8,IT,90,6.7,47,44,43,7.9,4.0,159663,Postgraduate,No,Hostel,No,8.71,4,4,8.03
STU104985,20,Male,2,IT,71,8.3,77,67,73,6.9,2.8,251969,School,No,Day Scholar,No,6.22,4,3,9.13
STU104986,22,Male,4,ECE,98,7.3,75,58,44,4.5,2.2,82811,Graduate,No,Day Scholar,Yes,5.36,1,?,7.91
STU104987,23,Female,3,EEE,98,8.9,40,20,59,5.6,2.3,161096,School,Yes,Day Scholar,No,9.59,4,3,8.6
STU104988,19,Male,4,EEE,91,0.4,72,22,83,5.7,1.0,88885,None,No,Hostel,Yes,7.33,0,0,6.95
STU104989,20,Male,4,EEE,74,1.1,71,83,82,7.3,7.3,97362,Graduate,Yes,Day Scholar,,8.48,4,4,7.7
STU104990,20,Female,7,ME,45,3.9,57,23,59,5.3,8.4,140126,Postgraduate,No,Day Scholar,No,7.57,1,0,6.39
STU104991,19,Female,7,CSE,90,4.0,82,39,42,6.7,3.6,218106,None,Yes,Hostel,Yes,5.54,4,2,6.48
STU104992,21,Female,7,IT,65,2.8,65,63,59,5.1,5.2,183749,Postgraduate,Yes,Hostel,Yes,7.65,3,0,6.68
STU104993,20,Male,4,DS,86,7.4,53,51,76,5.9,4.6,22224,Graduate,Yes,Day Scholar,Yes,6.34,0,0,8.12
STU104994,20,Male,7,ECE,77,5.6,65,96,52,5.5,6.4,129387,None,No,Day Scholar,No,5.73,7,0,8.97
STU104995,20,Male,7,DS,96,1.6,89,70,58,7.1,8.7,152260,Postgraduate,No,Hostel,Yes,7.37,0,3,7.95
,18,Male,2,ME,81,5.8,37,85,43,8.0,8.5,207137,School,Yes,Hostel,Yes,6.41,3,0,7.71
STU104997,24,Male,6,ME,54,6.5,91,89,23,5.9,4.5,272959,None,Yes,Day Scholar,No,8.04,4,4,7.16
STU104998,23,Female,3,EEE,63,3.3,74,57,54,5.3,8.4,17662,None,No,Day Scholar,No,7.86,5,1,7.23
STU104999,23,Male,8,ECE,65,6.4,43,39,62,7.9,3.2,58599,None,Yes,Day Scholar,No,6.65,3,4,7.36
STU105000,22,Female,6,ME,62,6.9,61,87,85,7.2,2.1,unknown,Postgraduate,No,Hostel,No,5.61,5,0,9.33
STU105001,21,Female,8,EEE,89,3.1,36,100,25,4.1,8.9,65925,Postgraduate,Yes,Hostel,No,7.58,8,0,7.54
STU105002,19,Male,6,CSE,79,6.3,98,43,99,5.3,4.7,53513,None,No,Hostel,No,6.91,3,0,9.06
STU105003,20,Male,3,DS,53,0.8,70,22,74,6.2,8.7,267494,School,Yes,Hostel,No,5.91,3,4,6.59
STU105004,24,Female,7,ECE,94,6.2,98,49,48,5.7,3.1,136767,School,Yes,Hostel,No,8.86,4,1,8.25
STU105005,22,Female,2,ME,66,5.6,81,21,21,4.8,2.9,171474,Graduate,Y,Day Scholar,Yes,5.9,2,4,5.58
STU105006,23,Male,3,IT,72,8.0,55,97,72,8.6,1.1,69133,Graduate,Yes,Day Scholar,No,7.5,2,3,9.67
STU105007,18,Female,7,CE,91,8.1,38,74,83,6.5,1.8,277731,Graduate,Yes,Hostel,Yes,7.91,6,2,8.77
STU105008,25,Female,3,ME,88,3.8,97,43,52,8.6,4.0,286454,Graduate,No,Day Scholar,Yes,6.84,7,3,7.8
STU105009,18,Male,3,DS,91,0.7,72,96,71,6.3,7.4,155036,None,Yes,Hostel,Yes,7.95,0,4,8.39
STU105010,24,Female,1,ME,79,8.7,61,50,72,4.5,8.2,270728,School,Yes,Hostel,Yes,5.15,4,2,7.66
STU105011,19,Female,3,DS,86,1.6,43,22,72,8.2,3.7,105896,School,No,hostel,No,6.53,3,0,7.35
STU105012,25,Female,1,CSE,84,6.4,53,45,87,6.6,6.0,189852,School,Yes,Day Scholar,No,6.87,5,1,8.9
STU105013,23,Female,3,IT,47,1.9,71,26,62,5.9,1.6,212773,None,No,Hostel,No,8.15,3,2,6.06
STU105014,20,Male,8,ME,67,0.8,97,93,96,4.1,5.7,261845,School,No,Day Scholar,Yes,6.24,5,1,9.07
STU105015,24,Female,8,DS,72,1.5,50,33,28,4.9,6.1,60683,Graduate,Yes,Day Scholar,Yes,8.57,6,3,6.3
STU105016,21,Male,6,DS,93,6.5,75,49,47,8.7,3.4,237265,School,No,Day Scholar,Yes,9.75,3,1,8.61
STU105017,23,Female,3,IT,100,9.6,89,69,20,6.1,3.6,242583,Graduate,No,Hostel,No,5.89,0,4,7.98
STU105018,19,Male,1,CE,72,6.9,75,93,29,6.9,6.4,289759,School,No,Hostel,No,7.52,7,?,8.2
STU105019,18,Male,2,ECE,77,2.7,50,59,82,8.9,2.7,130143,Postgraduate,No,Hostel,Yes,9.31,8,4,8.51
STU105020,21,Female,8,CE,66,8.3,89,95,45,8.1,3.1,19084,School,No,Hostel,No,5.68,8,4,8.5
STU105021,22,Female,5,CE,48,5.5,37,67,32,7.8,3.7,139526,Postgraduate,Yes,Day Scholar,Yes,8.37,6,4,6.49
STU105022,25,Male,6,IT,98,6.0,98,59,78,4.8,5.9,71902,Graduate,No,Day Scholar,Yes,8.24,7,4,9.85
STU105023,23,Female,7,CSE,45,8.4,46,46,37,4.4,4.6,253826,School,Yes,Hostel,No,8.52,8,2,6.41
STU105024,21,Female,7,DS,52,0.5,75,75,73,7.9,8.5,116963,Grad,No,Day Scholar,No,8.95,0,3,7.17
STU105025,23,Male,3,IT,88,9.3,77,70,56,7.0,3.3,215407,None,No,Hostel,Yes,6.06,8,1,8.88
STU105026,25,Female,7,EEE,49,8.5,65,68,20,8.4,3.2,175712,Graduate,No,Hostel,No,5.84,3,0,7.02
STU105027,22,Female,1,ME,89,2.4,64,35,25,4.7,2.6,109526,None,No,Day Scholar,Yes,6.32,3,1,5.52
STU105028,19,Male,4,EEE,51,0.9,92,20,22,eight,6.1,270424,Graduate,Yes,Day Scholar,Yes,9.27,3,3,6.04
STU105029,19,Female,8,IT,75,2.1,92,21,89,6.6,5.3,181848,None,No,Day Scholar,Yes,8.85,3,0,8.55
STU105030,24,Male,6,EEE,84,5.9,90,54,41,8.1,0.6,101898,None,Yes,Day Scholar,No,5.94,0,1,8.49
STU105031,21,Male,8,AI&ML,55,5.0,86,31,77,6.7,2.9,175322,Graduate,No,Hostel,No,8.69,3,3,8.29
STU105032,22,Female,2,EEE,89,1.1,78,69,64,7.0,0.8,265437,Graduate,No,Day Scholar,No,9.28,8,1,9.52
STU105033,25,Female,7,EEE,50,6.1,57,83,72,4.9,3.3,108619,School,Yes,Hostel,Yes,6.35,5,4,8.01
STU105034,24,Female,8,CSE,88,4.0,67,32,36,8.6,7.2,18399,School,No,Day Scholar,No,5.1,3,0,6.49
STU105035,24,Male,3,CSE,65,7.9,92,31,35,6.9,0.9,146917,Graduate,No,Hostel,No,5.54,0,3,7.28
STU105036,22,Male,5,ME,45,8.8,91,64,76,5.2,8.7,180440,None,Yes,Hostel,No,8.98,8,0,9.4
STU105037,21,Male,8,CSE,67,9.8,79,82,41,5.8,2.2,189141,None,No,Hostel,Yes,6.14,1,1,8.92
STU105038,24,Male,7,CSE,56,1.1,50,61,30,4.7,5.4,120324,None,No,Day Scholar,Yes,6.33,8,2,5.81
STU105039,21,Female,1,CE,51,9.8,47,35,56,9.0,6.0,201758,Postgraduate,No,Hostel,Yes,6.84,6,0,7.45
STU105040,24,Female,7,DS,81,9.9,75,98,62,8.5,4.9,222008,Postgraduate,Yes,Day Scholar,Yes,6.62,7,4,9.65
STU105041,24,Male,1,CSE,54,4.7,58,73,42,9.0,2.7,175323,Postgraduate,Yes,Hostel,Yes,7.99,4,2,7.98
STU105042,20,Male,3,ECE,72,9.9,36,37,91,7.4,5.7,240232,School,No,Day Scholar,Yes,6.94,3,1,8.91
STU105043,18,Female,2,ME,75,9.9,77,57,42,4.4,7.5,84384,None,Yes,Hostel,Yes,9.47,4,2,8.2
STU105044,18,Female,4,ECE,72,2.6,80,53,58,6.3,2.6,251574,School,Yes,Day Scholar,Yes,6.05,0,3,6.55
STU105045,21,Male,2,DS,88,8.4,36,27,30,7.6,1.6,222251,Graduate,Yes,Day Scholar,No,6.33,2,3,6.25
STU105046,19,Male,3,EEE,63,8.6,50,28,25,4.7,3.3,235081,School,No,Day Scholar,No,9.25,3,3,6.17
STU105047,20,Male,6,CSE,80,1.8,57,53,52,5.9,7.6,88869,School,No,Hostel,No,7.99,8,1,6.78
STU105048,18,Female,6,ECE,79,8.9,80,72,88,7.8,6.2,67965,Postgraduate,Yes,Hostel,No,7.75,6,1,10
STU105049,20,Male,3,IT,47,1.5,64,62,33,7.8,4.8,267145,School,Yes,Day Scholar,No,8.34,3,3,6.17
STU105050,19,Male,8,EEE,68,4.8,38,38,100,7.1,2.0,279708,None,Yes,Hostel,No,5.75,4,1,7.42
STU105051,18,Male,7,EEE,48,8.5,52,50,28,8.9,7.9,195060,None,Yes,Day Scholar,No,9.29,2,0,6.77
STU105052,20,Male,8,ME,63,5.5,75,63,100,4.1,8.8,238077,None,Yes,Day Scholar,Yes,5.23,8,3,7.96
STU105053,23,Male,4,DS,87,8.1,88,52,53,4.0,1.2,154496,Postgraduate,No,Hostel,Yes,7.5,4,1,9.38
STU105054,25,Male,4,DS,68,3.5,66,85,24,6.4,6.0,153382,None,No,Hostel,Yes,5.74,8,4,6.45
STU105055,22,Male,3,EEE,89,0.6,N/A,88,45,7.5,2.7,18558,Graduate,No,Day Scholar,Yes,6.51,6,4,7.69
STU105056,19,Male,3,ME,50,3.9,84,80,94,6.4,1.8,120126,Graduate,No,Hostel,Yes,9.18,7,4,9.76
STU105057,18,Male,5,IT,45,1.2,79,43,77,4.9,6.4,54420,None,Yes,Hostel,No,7.3,5,4,6.22
STU105058,24,Male,7,EEE,70,3.9,52,42,100,4.6,4.5,277205,None,No,Hostel,Yes,6.16,2,1,7.87
STU105059,24,Male,8,DS,75,2.0,55,33,26,6.8,2.2,17135,Postgraduate,No,Hostel,Yes,7.23,6,2,5.5
,20,Male,7,CE,99,9.0,95,41,26,6.1,1.7,147073,Postgraduate,No,Day Scholar,Yes,7.69,7,4,7.86
STU105061,18,Male,2,CSE,61,3.8,69,99,92,8.8,3.8,120273,Postgraduate,No,Hostel,Yes,6.42,4,2,9.52
STU105062,22,Male,6,IT,49,9.9,97,73,20,5.5,1.7,247967,None,No,Day Scholar,No,5.87,3,0,7.72
STU105063,25,Female,3,ECE,78,7.8,95,58,100,8.8,8.0,115854,Graduate,Yes,Day Scholar,Yes,8.49,2,1,9.72
STU105064,20,Female,3,IT,80,6.3,39,31,53,6.6,8.0,75623,Postgraduate,No,Hostel,No,6.78,1,4,6.87
STU105065,18,Male,8,ME,50,5.7,78,50,38,7.9,5.6,169897,None,No,Hostel,Yes,9.46,0,1,7.41
STU105066,25,Male,2,EEE,86,7.7,63,75,100,4.2,5.2,154942,None,Yes,Hostel,Yes,7.4,1,0,9.43
STU105067,21,Female,8,EEE,62,8.9,98,86,88,6.7,8.7,110958,School,No,Day Scholar,Yes,5.96,4,2,9.82
STU105068,18,Female,5,CSE,83,4.6,47,75,53,4.1,3.6,279045,Graduate,Yes,Day Scholar,No,8.55,1,2,6.86
STU105069,25,Male,4,AI&ML,89,1.7,51,62,75,8.8,7.5,65601,Graduate,Yes,Day Scholar,Yes,5.74,2,3,6.86
STU105070,20,Female,7,CE,69,7.0,79,59,55,8.5,8.4,151060,Postgraduate,Yes,Hostel,Yes,6.43,1,2,7.14
STU105071,20,male,2,ME,63,1.3,53,68,55,4.6,6.8,232514,School,No,Hostel,No,7.8,3,4,6.69
STU105072,23,Female,4,CSE,96,-3,80,67,92,5.7,2.5,68125,Graduate,No,Day Scholar,No,6.76,8,2,9.44
STU105073,20,Female,8,DS,98,6.2,72,68,39,7.1,1.8,25004,Graduate,Yes,Day Scholar,Yes,7.29,2,4,7.96
STU105074,18,Female,5,CSE,57,7.5,77,40,55,6.1,0.8,211091,School,Yes,Day Scholar,No,7.29,1,1,8.19
STU105075,22,Male,6,ECE,56,3.9,92,94,73,4.8,5.7,279980,Graduate,No,Day Scholar,No,9.4,3,0,9.05
STU105076,22,Female,4,ME,69,6.2,99,86,38,5.2,8.6,146269,School,No,Day Scholar,Yes,5.02,3,0,7.96
STU105077,21,Male,6,CE,78,2.6,81,74,77,6.4,6.6,231788,School,Yes,Day Scholar,Yes,6.65,5,3,7.88
STU105078,18,Male,8,ECE,51,1.3,56,79,52,5.9,6.5,65201,Graduate,No,Day Scholar,No,8.57,4,1,7.35
STU105079,20,Female,8,IT,99,7.7,39,79,45,6.4,6.3,49651,Postgraduate,No,Day Scholar,Yes,7.11,5,2,8.16
STU105080,19,Female,5,ME,74,6.9,96,99,83,7.7,6.2,283542,School,Yes,Day Scholar,No,5.94,5,0,10
STU105081,24,Female,7,DS,71,1.5,100,41,78,4.8,5.8,175165,None,Yes,Hostel,No,9.19,7,0,8.97
STU105082,22,Male,4,CE,100,7.4,68,38,45,7.8,1.8,24383,None,No,Hostel,No,5.45,6,2,8.3
STU105083,19,Male,1,DS,89,8.1,94,72,100,8.9,7.5,214801,Graduate,Yes,Hostel,Yes,7.47,1,0,9.94
STU105084,23,Female,2,DS,66,9.5,37,84,37,8.5,2.3,117198,Graduate,No,Hostel,No,5.17,6,2,7.43
STU105085,19,Female,5,IT,97,0.9,36,92,51,6.3,8.7,157466,None,No,Day Scholar,Yes,6.01,2,0,6.91
STU105086,21,Female,5,EEE,97,6.5,72,93,80,5.9,7.1,80293,Graduate,No,Hostel,Yes,6.43,5,3,9.33
STU105087,18,Male,6,CSE,69,6.1,51,61,80,6.8,8.0,48831,School,No,Day Scholar,Yes,6.02,2,2,8.33
STU105088,24,Female,1,DS,47,2.0,99,82,20,4.2,1.9,163691,Graduate,No,Day Scholar,No,7.87,2,1,7.32
STU105089,22,Male,2,ME,78,6.4,67,66,35,7.5,3.2,147468,None,No,hostel,Yes,7.37,8,2,7.82
STU105090,20,Female,8,ME,51,8.8,78,86,99,5.0,7.5,227966,None,Yes,Day Scholar,Yes,9.68,4,1,10
STU105091,21,Female,1,CE,81,9.1,66,39,76,7.1,1.1,237182,Postgraduate,No,Day Scholar,Yes,6.26,3,3,8.35
STU105092,22,Female,3,CSE,70,5.9,36,30,82,5.1,7.7,169589,Graduate,Yes,Day Scholar,No,5.66,4,1,7.64
STU105093,21,Male,8,IT,54,1.7,74,66,35,5.8,,50241,Postgraduate,No,Hostel,Yes,5.57,4,2,6.19
STU105094,22,Female,7,ME,81,0.8,42,23,64,8.2,6.7,174080,Graduate,No,Day Scholar,Yes,9.72,8,3,7.69
STU105095,18,Female,5,CSE,65,3.4,93,49,62,6.8,2.6,214566,Postgraduate,Yes,Day Scholar,Yes,5.12,3,0,7.94
STU105096,25,Male,2,IT,59,6.4,71,67,69,5.7,1.7,199494,None,No,Day Scholar,No,8.02,6,0,8.48
STU105097,19,Male,4,IT,46,8.3,68,74,82,5.6,2.5,286637,Graduate,No,Day Scholar,No,9.62,8,2,9.7
STU105098,18,Female,2,DS,93,2.8,45,83,65,8.5,8.0,84126,Postgraduate,Yes,Hostel,Yes,8.0,8,1,9.25
STU105099,23,Female,6,EEE,63,5.7,91,81,87,6.1,1.1,247870,None,No,Day Scholar,Yes,8.35,2,1,9.18
STU105100,25,Male,2,CE,70,8.6,77,86,80,7.2,3.6,130033,Postgraduate,No,Hostel,Yes,9.75,0,2,9.36
STU105101,25,Female,7,DS,63,5.3,39,93,73,4.2,6.6,182044,None,No,Hostel,No,6.18,5,4,8.02
STU105102,18,Male,3,EEE,88,3.6,92,84,36,5.5,0.8,275696,Graduate,Yes,Day Scholar,No,8.54,8,3,8.46
STU105103,22,Male,1,DS,95,2.8,72,85,85,5.1,5.5,67953,School,No,Hostel,No,7.25,1,0,8.37
STU105104,24,Male,3,ME,82,9.1,73,32,25,6.6,6.1,182227,Postgraduate,No,Day Scholar,No,6.12,4,1,6.69
STU105105,23,Female,1,CE,45,7.7,49,64,39,8.8,5.6,252216,None,No,Hostel,No,5.86,6,0,7.4
STU105106,21,Male,3,EEE,88,9.0,47,85,84,6.5,4.8,202342,Graduate,No,Day Scholar,No,8.26,4,0,10
STU105107,21,Male,5,ME,77,1.8,67,42,82,6.4,8.8,288751,Graduate,Yes,Hostel,No,8.07,7,1,7.51
STU105108,24,Male,7,ME,48,6.3,84,27,46,5.7,0.6,137549,School,No,Hostel,Yes,9.21,2,0,7.41
STU105109,25,Male,6,ECE,73,3.9,49,58,55,5.1,5.9,33442,None,No,Day Scholar,Yes,6.31,2,4,7.17
STU105110,21,Male,7,ECE,75,3.3,49,55,82,5.1,6.1,116497,None,Yes,Hostel,No,9.76,6,2,7.82
STU105111,21,Male,6,DS,97,1.3,39,50,41,7.3,8.9,287863,None,No,Day Scholar,Yes,6.78,4,3,6.96
STU105112,18,Female,2,CE,47,7.4,82,29,66,5.1,6.4,unknown,None,Yes,Hostel,Yes,6.41,6,0,7.81
STU105113,22,Male,3,CSE,74,1.9,58,150,65,6.4,5.4,19012,None,No,Hostel,No,5.96,5,0,7.36
STU105114,20,Male,6,DS,54,0.8,51,47,59,7.8,5.8,145030,None,No,Day Scholar,Yes,9.52,4,3,6.82
STU105115,21,Male,4,CE,57,6.9,94,45,71,4.8,7.4,243321,Graduate,Yes,Hostel,Yes,5.96,2,3,8.39
STU105116,25,Female,3,CSE,98,9.8,38,72,52,8.7,3.5,171271,Postgraduate,No,Hostel,Yes,7.3,3,4,8.58
STU105117,18,Male,5,CE,89,0.3,37,29,56,6.5,8.3,18482,Postgraduate,Yes,Hostel,No,7.73,2,3,5.59
STU105118,21,Female,8,ECE,82,5.8,81,20,50,5.8,2.2,131778,None,No,Hostel,No,5.19,8,4,7.31
STU105119,21,Male,4,CSE,95,8.6,35,38,81,4.5,7.9,186689,None,No,Day Scholar,No,6.99,1,1,8.17
STU105120,20,Male,2,IT,95,9.0,74,51,32,5.8,8.2,136335,None,Yes,Day Scholar,Yes,8.82,1,0,8.4
STU105121,20,Female,4,ME,69,5.2,100,44,59,7.9,2.5,134376,Graduate,Yes,Hostel,No,5.52,5,0,8.22
STU105122,25,Male,7,IT,91,4.3,94,83,39,5.3,5.1,243185,Postgraduate,No,Hostel,No,6.17,2,3,8.0
STU105123,23,Female,3,ECE,77,6.5,96,80,56,7.8,3.8,51977,Graduate,Yes,Day Scholar,Yes,9.66,8,3,9.19
,20,Female,5,IT,81,2.3,86,42,73,4.5,0.7,148010,Postgraduate,No,Hostel,No,8.56,6,0,9.08
STU105125,18,Female,6,ME,84,5.2,83,92,47,8.5,2.9,225134,Graduate,Yes,Hostel,Yes,5.12,7,2,9.16
STU105126,21,Male,8,ECE,61,0.4,54,45,88,9.0,8.8,165572,School,Yes,Hostel,Yes,8.36,0,2,7.51
STU105127,20,Female,6,CE,74,2.7,97,58,83,8.5,7.1,146817,Postgraduate,Yes,Day Scholar,No,6.51,1,2,8.25
STU105128,22,Male,5,EEE,81,4.5,62,35,93,7.1,5.6,199204,Graduate,Yes,Hostel,No,6.28,8,2,8.18
STU105129,19,Male,6,ME,71,4.5,89,67,50,5.1,7.2,238786,School,Yes,Day Scholar,Yes,5.11,7,4,6.79
STU105130,23,Male,7,CE,57,10.0,40,44,38,7.2,3.6,153393,Postgraduate,No,Day Scholar,Yes,7.33,2,0,7.51
STU105131,24,Female,2,EEE,60,-3,49,41,53,6.7,9.0,54485,Postgraduate,Yes,Hostel,No,6.58,7,3,5.49
STU105132,24,Male,1,IT,69,7.6,85,56,35,8.4,8.2,213870,Graduate,Yes,Day Scholar,Yes,9.1,1,3,7.66
STU105133,25,Female,3,ECE,73,9.6,35,39,50,6.9,3.6,185580,Graduate,No,Day Scholar,Yes,5.72,2,0,7.4
STU105134,18,Female,2,IT,76,8.7,95,28,91,5.8,8.2,97002,None,No,Hostel,No,8.14,4,0,9.21
STU105135,22,Male,4,ECE,71,3.1,81,50,80,8.9,8.0,257360,School,No,Day Scholar,Yes,5.52,1,1,7.67
STU105136,19,Female,7,ECE,65,8.3,35,81,46,5.2,5.8,18721,Graduate,No,Hostel,Yes,5.97,5,1,7.66
STU105137,18,Female,2,CSE,62,9.5,100,35,25,4.2,5.5,284814,Graduate,No,Day Scholar,Yes,8.81,6,3,7.85
STU105138,20,Female,2,DS,89,8.0,41,78,54,7.1,3.0,46100,None,No,Day Scholar,No,8.61,1,2,8.46
STU105139,19,Female,4,CSE,77,4.5,70,86,28,4.3,2.7,165616,Postgraduate,Yes,Day Scholar,No,9.16,4,1,7.73
STU105140,18,Male,2,ECE,92,5.9,39,49,-10,6.6,8.9,245065,Graduate,Yes,Hostel,Yes,7.69,8,2,7.71
STU105141,19,Female,7,CE,49,7.0,43,27,67,7.8,6.5,45744,School,Yes,Day Scholar,Yes,7.38,0,3,7.17
STU105142,22,Male,5,IT,49,1.6,37,54,90,5.7,7.7,144639,Postgraduate,No,Day Scholar,Yes,9.71,5,4,6.78
STU105143,23,Female,2,CE,,6.5,35,50,49,5.3,8.1,282149,Postgraduate,No,Day Scholar,No,5.43,6,0,6.2
STU105144,21,Male,7,CSE,85,1.8,92,91,27,8.9,3.6,38503,Postgraduate,No,Hostel,No,7.7,7,0,8.17
STU105145,20,Female,5,IT,55,8.7,55,26,62,8.9,6.0,271945,School,Yes,Hostel,Yes,9.4,5,4,8.51
STU105146,22,Male,1,DS,62,7.0,79,54,63,5.5,3.2,173719,School,No,Day Scholar,No,8.99,3,2,7.98
STU105147,21,Female,3,DS,82,2.6,77,48,41,8.0,1.7,294761,None,No,Hostel,No,5.82,3,3,6.39
STU105148,20,Female,2,ME,66,7.5,96,55,52,4.9,5.3,242488,Postgraduate,No,Day Scholar,No,9.47,7,2,8.56
STU105149,19,Female,1,ME,96,3.8,42,52,71,4.2,5.6,54333,Graduate,Yes,Day Scholar,Yes,6.16,0,0,7.22
STU105150,18,Female,8,ECE,50,8.6,86,30,67,8.3,5.7,224387,Postgraduate,No,Day Scholar,No,9.45,1,1,8.16
STU105151,23,Male,3,CSE,71,8.9,36,44,26,eight,2.4,299041,Graduate,No,Day Scholar,No,5.13,1,2,5.63
STU105152,23,Male,2,CE,95,1.2,58,54,78,5.0,4.8,286382,Postgraduate,Yes,Day Scholar,Yes,8.22,6,0,8.16
STU105153,21,Female,6,CE,78,8.0,87,77,29,7.0,8.9,93875,Graduate,Yes,Hostel,Yes,6.0,8,1,7.88
STU105154,23,Female,1,ECE,47,1.1,54,86,95,5.1,3.9,215867,Postgraduate,Yes,Hostel,Yes,9.53,2,1,7.88
STU105155,24,Female,5,IT,67,5.6,43,80,87,4.8,6.0,29478,Graduate,Yes,Hostel,No,9.01,8,3,9.03
STU105156,19,Male,6,DS,67,3.6,63,65,92,8.1,5.9,154213,None,No,Hostel,Yes,7.04,6,0,9.28
STU105157,23,Female,8,DS,67,7.7,75,89,89,4.0,5.4,284128,Postgraduate,No,Day Scholar,Yes,9.01,3,4,8.81
STU105158,23,Female,7,EEE,72,9.1,42,56,30,8.8,3.1,34138,None,Yes,Day Scholar,No,6.56,7,4,7.46
STU105159,25,Female,6,DS,86,2.6,79,23,37,7.6,8.4,211919,Grad,No,Hostel,No,6.58,2,2,6.23
STU105160,21,Male,2,EEE,64,6.4,77,95,67,7.5,6.5,117835,Postgraduate,No,Day Scholar,No,8.68,0,3,9.35
STU105161,20,Female,6,CSE,80,0.4,83,97,97,7.7,8.1,214577,Postgraduate,Yes,Day Scholar,No,5.91,6,4,8.41
STU105162,25,Male,8,CE,89,7.8,57,30,64,6.6,3.6,138128,Graduate,No,Hostel,No,8.89,5,4,8.25
STU105163,22,Male,2,EEE,98,0.2,49,84,47,7.4,1.3,40641,School,No,Hostel,No,5.77,6,1,7.31
STU105164,23,Male,3,ECE,82,2.0,49,42,59,7.3,6.1,203846,Graduate,No,Day Scholar,Yes,9.31,8,1,8.04
STU105165,21,Male,1,CE,77,8.2,36,93,81,6.4,8.9,92154,Graduate,No,Hostel,Yes,8.52,0,0,9.04
STU105166,19,Female,5,CE,75,8.9,84,50,81,7.2,7.5,105596,School,Yes,Hostel,No,8.75,6,1,10
STU105167,21,Female,5,ME,68,7.3,93,58,78,eight,3.1,255614,Postgraduate,No,Day Scholar,Yes,6.11,0,0,8.25
STU105168,25,Male,7,CE,94,7.4,39,87,57,5.7,8.4,35655,Graduate,Yes,Day Scholar,No,6.16,3,2,8.31
STU105169,22,Female,2,DS,54,5.2,99,100,77,5.0,7.4,280767,Graduate,No,Day Scholar,No,6.98,8,4,9.68
STU105170,22,Male,1,CSE,89,0.8,63,38,56,4.7,3.5,245250,None,No,Day Scholar,Yes,7.13,7,0,7.73
STU105171,23,Female,4,CE,81,2.9,59,28,59,8.8,4.5,26365,School,No,Day Scholar,Yes,5.75,0,0,7.39
STU105172,20,Male,8,IT,69,3.6,93,46,47,6.4,3.7,126652,Graduate,Yes,Day Scholar,No,5.69,3,1,7.42
STU105173,18,Male,7,DS,82,6.9,97,73,20,4.8,8.0,51547,Graduate,Yes,Day Scholar,Yes,5.39,3,0,7.76
STU105174,20,Male,8,ME,45,1.8,75,86,89,6.4,2.9,80516,School,No,Hostel,Yes,6.73,4,1,7.67
STU105175,25,Male,9,DS,78,6.1,76,40,99,8.8,5.0,105442,Graduate,No,Hostel,Yes,6.04,8,1,8.85
STU105176,25,Female,7,DS,63,8.2,77,57,46,5.4,8.2,202474,Graduate,Yes,Hostel,Yes,6.47,8,1,7.23
STU105177,25,Female,3,DS,74,5.8,78,74,45,4.9,3.0,165362,School,No,Hostel,Yes,5.98,4,4,7.66
STU105178,21,Female,6,ME,75,6.5,80,23,69,5.0,0.6,258209,None,No,Hostel,Yes,5.74,1,2,8.02
STU105179,24,Female,2,DS,82,8.7,97,67,97,4.2,1.3,125616,Graduate,Yes,Day Scholar,No,9.2,2,2,10
STU105180,20,Male,5,CSE,52,4.7,78,70,25,8.5,2.9,239024,School,No,Hostel,No,7.66,3,2,6.79
STU105181,24,Female,7,EEE,83,9.7,94,61,61,7.2,0.9,220781,Postgraduate,No,Hostel,No,9.61,5,2,10
STU105182,24,Female,7,CSE,95,8.6,93,54,23,5.7,6.6,192502,School,No,Hostel,Yes,9.07,2,0,8.44
STU105183,24,Male,4,ME,60,3.6,92,45,28,7.8,4.7,185928,None,No,Day Scholar,Yes,5.46,5,0,6.9
STU105184,24,Female,7,CSE,60,8.9,52,100,93,eight,1.9,257904,Postgraduate,Yes,Day Scholar,No,8.21,2,1,10
STU105185,24,Female,8,ECE,80,5.9,35,76,64,5.1,7.5,241871,Postgraduate,No,Day Scholar,Yes,6.73,3,2,8.11
STU105186,21,Female,5,DS,54,8.9,42,65,63,5.4,2.4,40669,Postgraduate,No,Hostel,Yes,6.1,5,2,7.1
STU105187,24,Female,2,ME,58,1.9,58,80,38,5.3,2.0,103604,Postgraduate,No,Hostel,Yes,8.81,4,4,7.35
STU105188,23,Female,5,ECE,47,8.2,79,80,79,4.6,4.8,288334,Graduate,No,Day Scholar,No,7.09,4,2,8.75
STU105189,19,Male,7,EEE,61,5.9,72,21,51,6.0,7.0,68062,School,No,Day Scholar,No,9.05,0,1,6.58
STU105190,19,Female,1,IT,88,3.5,38,75,95,4.8,1.3,200898,Graduate,No,Day Scholar,Yes,9.24,2,0,8.6
STU105191,19,Male,4,ECE,78,9.5,74,67,53,8.5,7.6,54646,None,No,Day Scholar,Yes,9.34,4,4,8.63
STU105192,23,Male,5,ECE,47,5.7,91,78,61,8.4,4.9,146701,None,Yes,Day Scholar,Yes,8.0,7,0,8.89
STU105193,25,Female,8,EEE,62,5.0,84,26,92,6.5,6.8,80331,Graduate,No,Day Scholar,No,9.35,4,4,8.27
STU105194,18,Female,7,CE,75,3.4,80,65,29,8.9,2.4,173741,None,No,Hostel,Yes,5.01,1,1,7.05
STU105195,18,Male,5,ME,95,1.5,73,46,97,8.5,6.3,175086,Graduate,No,Day Scholar,Yes,6.25,1,0,8.27
STU105196,19,Male,3,CE,93,3.8,44,48,36,4.8,1.5,231721,None,Yes,Day Scholar,Yes,9.76,1,2,6.79
STU105197,20,Female,1,EEE,80,4.6,49,75,92,4.7,3.8,55995,School,No,Day Scholar,No,6.79,7,1,12
STU105198,21,Male,9,ME,91,2.3,79,82,99,4.5,7.0,88630,Postgraduate,Yes,Day Scholar,No,8.55,3,0,9.94
STU105199,19,Female,1,ECE,52,1.0,43,73,83,6.6,6.6,114708,Postgraduate,Yes,Hostel,No,7.82,6,0,7.91
STU105200,20,Male,3,DS,50,4.9,49,40,30,8.5,7.7,241962,School,Yes,Hostel,Yes,8.37,3,3,6.25
STU105201,24,Male,3,EEE,84,7.8,35,64,45,6.0,1.2,143729,Postgraduate,Yes,Day Scholar,Yes,9.47,6,0,8.49
STU105202,22,Male,5,IT,74,3.1,88,27,74,5.3,7.1,239351,Postgraduate,No,Day Scholar,No,6.36,2,3,6.92
STU105203,24,Female,7,CSE,77,8.9,45,41,74,5.9,1.6,73295,Postgraduate,Yes,Day Scholar,No,9.27,8,0,8.78
STU105204,24,Female,3,ME,74,7.2,52,54,40,4.2,7.6,209431,None,Yes,Hostel,Yes,9.03,7,1,7.45
STU105205,19,Female,6,IT,76,0.8,39,28,49,7.8,7.8,82341,None,No,Day Scholar,No,6.73,1,1,5.82
STU105206,25,Female,6,IT,46,4.3,51,84,83,8.0,4.8,68836,Postgraduate,No,Hostel,Yes,7.98,8,3,8.02
STU105207,21,Female,7,DS,96,3.5,39,75,37,5.7,2.6,157894,None,No,Hostel,No,6.84,8,0,7.75
STU105208,20,Female,8,DS,47,0.9,38,39,89,5.6,5.0,50940,None,Yes,Day Scholar,Yes,7.0,3,1,6.13
STU105209,19,Male,7,ECE,67,9.5,80,92,49,4.2,6.1,270585,Postgraduate,No,Hostel,No,8.97,1,1,12
STU105210,20,male,6,CE,76,1.8,45,63,89,4.9,1.0,136384,Graduate,Yes,Hostel,Yes,9.13,3,2,8.36
STU105211,23,Female,6,CE,66,9.0,48,65,39,8.7,5.0,84193,None,No,Hostel,No,8.92,8,1,8.34
STU105212,19,Male,3,CE,71,7.7,61,96,85,7.2,4.5,156626,Postgraduate,Yes,Day Scholar,Yes,5.22,0,3,8.29
STU105213,23,Female,8,CSE,98,4.6,47,26,50,7.5,4.8,128074,School,Yes,Hostel,No,7.85,8,2,6.8
STU105214,20,Female,4,DS,,6.7,98,29,62,5.1,3.4,258936,Postgraduate,Yes,Hostel,Yes,9.76,1,3,8.43
STU105215,24,Female,8,DS,75,5.7,92,52,83,8.2,2.7,71667,School,Yes,Day Scholar,Yes,7.01,2,3,9.42
STU105216,25,Female,3,DS,52,7.8,59,76,45,5.1,3.4,61903,Postgraduate,Yes,Hostel,No,7.25,5,3,7.76
STU105217,21,Male,3,EEE,57,6.6,54,27,67,6.2,7.5,151915,School,Yes,Hostel,Yes,7.3,7,4,6.52
STU105218,21,Male,3,IT,99,1.4,86,72,35,4.7,6.6,287791,Graduate,No,Hostel,Yes,6.05,5,0,6.97
STU105219,24,Male,4,DS,94,1.6,48,51,80,7.0,6.7,156495,Graduate,Yes,Day Scholar,Yes,8.96,3,2,7.86
STU105220,20,Male,1,CSE,50,8.1,66,150,68,4.3,4.3,208866,None,No,Day Scholar,Yes,6.01,6,1,7.61
STU105221,19,Female,4,ECE,99,1.7,75,80,63,8.1,8.9,104498,Graduate,Yes,Hostel,No,7.62,4,3,7.98
STU105222,18,Female,4,CE,64,1.2,63,58,22,4.3,2.5,121201,Postgraduate,No,Hostel,No,7.01,4,0,6.54
STU105223,18,Female,6,ME,85,9.7,80,42,89,6.2,8.8,207729,School,No,Day Scholar,Yes,6.5,1,4,9.41
STU105224,24,Female,3,EEE,53,6.5,38,42,76,5.8,0.8,249543,Graduate,No,Day Scholar,Yes,7.32,1,1,7.22
STU105225,18,Male,6,IT,62,5.4,76,28,34,5.1,8.6,117047,Graduate,No,Hostel,Yes,8.19,2,3,6.24
STU105226,19,Female,6,CSE,92,7.2,51,22,86,6.4,3.3,272348,Graduate,Yes,Day Scholar,No,5.35,5,1,8.17
STU105227,20,Female,5,IT,78,7.2,46,52,82,8.6,1.4,127672,Postgraduate,No,Day Scholar,Yes,8.26,5,0,8.62
STU105228,20,Female,6,CSE,67,8.5,69,53,75,7.2,8.2,265414,Graduate,No,Day Scholar,No,9.76,7,2,8.65
STU105229,21,Female,2,CE,99,9.4,51,99,33,6.0,3.3,288731,None,Yes,Day Scholar,Yes,8.9,1,1,8.74
STU105230,25,Male,6,DS,84,2.8,88,93,98,4.2,5.5,182090,Postgraduate,Yes,Hostel,Yes,9.02,4,1,9.93
STU105231,23,Male,7,IT,51,6.5,73,64,59,8.1,3.0,217533,School,Yes,Day Scholar,No,6.16,7,4,8.35
STU105232,25,Female,8,ME,59,0.8,81,87,92,4.9,7.6,51482,Postgraduate,No,Hostel,No,8.49,5,4,8.31
STU105233,20,Male,5,ME,49,3.9,83,42,51,4.9,5.2,115231,None,Yes,Day Scholar,Yes,9.39,4,3,6.56
,18,Male,4,CSE,68,9.3,51,60,71,8.7,8.3,83176,Graduate,Yes,Day Scholar,Yes,6.7,6,0,8.66
STU105235,20,Female,7,EEE,52,5.0,57,61,73,7.8,1.2,110396,Graduate,Yes,Day Scholar,No,8.98,3,3,7.51
STU105236,22,Female,2,ECE,64,2.8,61,66,82,5.9,0.9,239483,Postgraduate,No,Hostel,Yes,5.69,5,1,7.39
STU105237,23,Male,7,EEE,67,6.2,86,85,28,4.0,4.1,248029,Graduate,Yes,Day Scholar,No,7.82,3,2,7.37
STU105238,18,Female,1,EEE,99,7.9,65,43,78,4.4,8.8,215111,None,No,Day Scholar,Yes,8.73,3,3,8.93
STU105239,18,Male,8,IT,55,1.6,79,55,26,4.6,8.9,15530,None,No,Hostel,Yes,8.08,5,0,5.98
STU105240,25,Female,5,CE,82,8.3,42,43,54,7.7,2.5,33620,Postgraduate,Yes,Hostel,No,5.18,1,2,6.88
STU105241,18,Male,5,IT,83,2.8,60,45,67,4.5,0.7,268802,Postgraduate,No,Hostel,No,5.4,0,0,7.42
STU105242,24,Female,4,CE,60,0.8,45,27,97,8.4,5.6,177493,Postgraduate,Yes,Day Scholar,Yes,7.27,7,0,7.9
STU105243,24,Male,2,ME,82,0.9,68,59,95,5.5,1.4,83005,Postgraduate,No,Day Scholar,No,7.4,1,4,7.7
STU105244,25,Male,3,ME,86,7.4,80,94,64,6.1,2.8,239878,None,Yes,Hostel,Yes,9.22,3,1,9.08
STU105245,19,Female,5,CE,92,3.9,79,89,74,8.2,0.6,253365,School,Yes,Hostel,Yes,9.74,8,0,10
STU105246,25,Female,8,ECE,59,5.9,44,35,40,5.7,1.9,176567,School,No,Day Scholar,No,5.83,2,4,6.06
STU105247,25,Female,1,EEE,98,9.3,63,24,35,6.4,5.8,262520,Postgraduate,No,Day Scholar,No,7.35,7,4,8.05
STU105248,18,Female,1,CSE,74,8.5,45,21,59,7.6,6.1,179492,School,Yes,Hostel,No,8.15,6,2,7.76
STU105249,21,Female,2,ME,48,7.0,99,74,86,8.4,8.5,242842,None,Yes,Hostel,Yes,6.01,2,3,8.92
STU105250,18,Male,1,CE,54,1.4,58,82,39,8.4,0.6,241853,Postgraduate,Yes,Day Scholar,No,8.35,6,4,7.6
STU105251,20,Female,2,IT,65,6.0,37,57,87,4.7,3.5,130107,Graduate,Yes,Day Scholar,No,7.02,4,3,7.26
STU105252,19,Male,5,CSE,61,1.8,79,98,28,7.3,8.5,35498,Postgraduate,Yes,Day Scholar,No,7.34,4,2,7.5
STU105253,19,Female,5,DS,95,8.0,37,65,88,5.4,5.1,258550,None,No,Day Scholar,No,6.54,7,1,8.78
STU105254,25,Male,5,ECE,57,6.2,88,31,53,6.7,5.6,70165,Postgraduate,No,Hostel,Yes,5.63,1,3,6.15
STU105255,24,Female,8,EEE,78,4.7,47,95,30,5.7,8.1,169094,Postgraduate,Yes,Hostel,No,5.76,4,1,7.66
STU105256,25,Female,3,DS,93,0.7,68,42,89,7.5,6.7,295670,None,No,Hostel,Yes,6.66,0,0,7.73
STU105257,20,Male,1,IT,62,6.0,45,92,70,8.8,1.8,110083,None,No,Day Scholar,Yes,9.0,7,2,9.4
STU105258,18,Female,7,DS,55,9.2,86,63,68,6.1,3.6,223666,Graduate,Yes,Hostel,Yes,9.41,7,1,9.59
STU105259,22,Female,1,DS,65,9.6,50,22,20,8.0,2.1,84046,School,No,Day Scholar,Yes,5.5,7,2,6.13
STU105260,22,Male,5,EEE,64,8.8,48,48,43,8.6,2.7,156732,School,No,Day Scholar,Yes,7.84,6,0,7.76
STU105261,24,Male,2,ECE,55,6.6,67,30,74,7.7,6.2,217010,Postgraduate,Yes,Day Scholar,No,5.44,6,1,7.73
STU105262,25,Female,7,EEE,50,2.3,44,64,69,5.3,1.4,44847,None,Yes,Day Scholar,Yes,9.55,5,1,7.76
STU105263,21,Male,2,CSE,100,1.8,52,84,43,7.5,4.6,216768,School,No,Day Scholar,No,6.1,0,0,7.96
STU105264,20,Male,5,CE,65,6.4,77,31,87,6.9,7.6,299177,School,No,Day Scholar,No,7.1,8,1,8.6
STU105265,18,Male,8,CE,45,8.7,76,23,27,8.0,0.5,15879,Postgraduate,No,Day Scholar,Yes,6.64,0,1,6.02
STU105266,23,Female,4,EEE,54,8.2,57,99,-10,7.4,5.0,141406,School,Yes,Hostel,Yes,5.06,7,3,8.26
STU105267,19,Male,3,ME,79,4.7,52,78,45,6.1,1.0,185434,None,Yes,Hostel,No,11.5,3,2,7.31
STU105268,20,Male,2,EEE,98,6.4,78,88,63,9.0,6.1,85161,Postgraduate,No,Day Scholar,Yes,7.37,1,0,9.94
STU105269,25,Male,2,DS,79,-3,86,85,53,5.4,4.5,143154,None,Yes,Day Scholar,No,7.46,0,3,8.73
STU105270,18,Male,2,EEE,69,1.2,62,150,57,4.9,3.4,189635,School,No,Hostel,No,6.82,4,0,7.4
STU105271,19,Female,2,ECE,82,5.8,45,82,91,7.0,3.9,129775,Postgraduate,No,Hostel,No,8.13,6,4,9.04
STU105272,18,Female,8,CSE,88,8.3,87,61,-10,8.4,4.5,295325,None,No,Hostel,No,7.72,8,3,8.95
STU105273,20,Male,7,ECE,45,6.9,91,36,48,5.0,5.3,234144,Postgraduate,No,Day Scholar,No,8.65,5,1,7.37
STU105274,22,Female,4,ECE,90,5.8,62,61,31,4.9,5.2,140878,None,Yes,Day Scholar,No,9.15,3,0,8.14
STU105275,25,Male,5,DS,84,3.3,60,75,55,4.6,8.6,233141,School,No,Hostel,No,9.66,8,4,7.68
STU105276,25,Male,8,ME,93,8.0,83,79,59,6.4,4.0,22434,School,Yes,Hostel,No,5.95,0,1,8.47
STU105277,18,Male,8,ME,51,2.5,55,36,83,6.1,7.1,238113,None,No,Day Scholar,Yes,5.83,2,2,6.48
STU105278,23,Male,6,ECE,92,5.8,86,91,34,8.3,2.1,29863,Graduate,Yes,Hostel,Yes,5.03,2,3,8.59
STU105279,19,Female,6,IT,63,5.9,59,44,83,4.6,2.3,178000,None,Yes,Day Scholar,No,9.58,8,0,9.21
STU105280,21,Female,2,DS,51,0.3,98,54,51,6.4,3.7,231453,Postgraduate,No,Day Scholar,Yes,8.3,3,4,6.88
STU105281,21,Male,5,ECE,98,1.8,93,58,25,8.1,6.6,192476,None,Yes,Hostel,Yes,7.83,4,3,7.49
STU105282,20,Female,2,ME,69,1.7,90,58,79,7.5,5.8,118303,School,No,Day Scholar,Yes,6.96,1,2,7.33
STU105283,22,Female,4,CE,89,3.6,36,56,42,5.8,3.0,101939,Graduate,No,Day Scholar,No,5.51,3,1,6.97
STU105284,20,Female,5,IT,64,9.7,38,97,48,4.5,8.0,86676,Graduate,Yes,Hostel,Yes,9.11,5,0,8.63
STU105285,18,Male,4,EEE,58,9.7,92,29,32,4.4,9.0,177141,None,No,Day Scholar,Yes,7.64,1,0,6.64
STU105286,21,Male,5,ME,64,9.3,37,37,35,8.6,8.4,287821,School,No,Day Scholar,No,9.71,5,2,6.57
STU105287,19,Female,4,IT,46,8.3,52,28,55,5.1,5.2,221578,Postgraduate,Yes,Hostel,No,5.69,3,4,6.72
STU105288,19,Male,8,ME,88,6.0,67,79,34,5.5,8.4,25914,Postgraduate,Yes,Hostel,No,8.63,2,2,8.45
STU105289,18,Female,2,CSE,73,0.9,84,23,93,6.5,5.5,160849,None,Yes,Day Scholar,Yes,5.37,4,4,7.75
STU105290,18,Male,6,EEE,73,5.0,99,26,33,5.5,6.1,202085,Graduate,Yes,Hostel,Yes,7.1,7,4,7.68
STU105291,25,Male,5,ECE,55,3.5,99,97,71,4.6,7.6,41789,Graduate,No,Hostel,No,7.86,7,4,9.15
STU105292,25,Male,1,DS,56,2.1,46,27,35,8.7,4.7,149865,None,Yes,Day Scholar,No,5.06,2,0,4.74
STU105293,18,Male,8,EEE,89,7.8,78,43,81,4.5,0.8,256293,Postgraduate,No,Hostel,Yes,7.74,0,3,9.27
STU105294,24,Male,3,CSE,96,5.1,50,81,76,5.5,3.3,240648,School,Yes,Hostel,Yes,7.7,8,2,8.39
STU105295,22,Male,6,ME,94,3.7,78,42,72,8.3,1.3,172194,None,No,Day Scholar,Yes,8.0,6,3,9.12
STU105296,19,Male,6,ME,79,6.0,75,20,22,8.2,4.2,222460,None,Yes,Hostel,Yes,9.54,1,3,6.26
STU105297,18,Male,1,CSE,45,5.6,43,85,71,7.9,1.2,72209,None,No,Day Scholar,Yes,6.95,1,3,7.32
STU105298,19,Male,8,CSE,87,6.3,60,75,50,7.5,7.4,68548,School,No,Hostel,No,5.95,6,2,8.05
STU105299,21,Male,6,IT,59,3.1,45,37,48,4.1,6.1,154868,Graduate,No,Day Scholar,No,6.77,8,2,5.42
STU105300,18,Female,5,ME,54,4.6,62,71,86,6.5,1.6,262320,None,Yes,Hostel,Yes,5.8,1,1,7.92
STU105301,25,Female,7,DS,70,9.9,93,78,56,8.8,2.6,18251,None,No,Day Scholar,No,9.36,1,4,9.43
STU105302,23,Female,5,ECE,50,6.8,67,76,79,4.5,7.2,26441,Graduate,Yes,Day Scholar,Yes,6.01,-1,4,7.74
STU105303,21,Male,2,CE,59,6.1,57,83,82,8.9,1.3,128958,School,Yes,Hostel,No,9.53,3,0,8.7
STU105304,22,Male,1,ECE,71,3.3,77,100,34,7.7,7.2,79687,Graduate,No,Day Scholar,Yes,9.38,6,4,7.46
STU105305,20,Male,1,IT,88,5.2,93,23,89,4.1,8.1,56252,None,Yes,Hostel,No,6.31,8,1,8.41
STU105306,24,Female,1,CE,46,6.2,88,64,53,4.9,2.2,27359,None,No,Day Scholar,Yes,7.25,5,2,8.28
STU105307,20,Male,2,CSE,53,5.8,64,20,29,7.8,4.9,134791,None,No,Day Scholar,Yes,9.74,2,2,5.87
STU105308,21,Male,6,DS,45,9.4,36,88,49,6.5,2.1,22746,School,No,Hostel,Yes,8.41,4,2,8.45
STU105309,24,Female,1,EEE,66,2.7,83,66,26,8.3,2.6,264242,None,Yes,Day Scholar,Yes,8.71,1,4,6.92
STU105310,25,Male,6,IT,60,2.5,84,49,20,4.6,5.3,258521,School,Yes,Hostel,Yes,7.85,2,4,5.3
STU105311,21,Female,5,CE,98,8.9,41,24,27,6.6,7.0,43333,Postgraduate,Yes,Day Scholar,Yes,5.99,0,4,6.52
STU105312,20,Male,6,ECE,53,8.6,90,59,25,6.2,6.1,232099,Graduate,No,Day Scholar,Yes,5.89,8,1,8.06
STU105313,19,Female,7,ME,95,5.0,69,89,45,6.8,8.8,297630,None,No,Hostel,Yes,5.39,6,4,7.82
STU105314,25,Female,8,EEE,46,8.4,91,77,40,5.8,8.8,52323,Graduate,No,Hostel,Yes,5.85,6,1,8.38
STU105315,25,Male,2,ECE,98,4.1,99,75,30,7.6,3.9,202518,School,Yes,Hostel,Yes,8.88,0,2,8.41
STU105316,24,Male,8,ME,94,7.7,54,30,22,8.3,6.0,131836,Graduate,Yes,Day Scholar,No,6.48,6,2,6.29
STU105317,21,Male,6,CSE,69,5.8,35,29,55,5.1,5.7,149099,School,Yes,Day Scholar,No,7.63,8,0,6.48
STU105318,20,Male,7,ECE,68,9.9,49,25,37,6.8,2.2,295444,Postgraduate,Yes,Hostel,No,9.11,7,2,6.9
STU105319,21,Male,7,ECE,57,7.0,51,41,47,6.3,8.4,133553,School,No,Day Scholar,No,8.92,0,1,6.17
STU105320,25,Male,1,CSE,65,0.5,38,93,65,8.8,6.9,157471,Postgraduate,No,Hostel,Yes,6.61,8,4,7.5
STU105321,19,Female,8,ECE,68,1.8,46,95,93,5.5,8.1,273436,Graduate,No,Hostel,No,7.8,1,4,8.15
STU105322,18,Male,5,ECE,45,4.2,45,85,58,7.5,8.8,253742,None,Yes,Hostel,Yes,8.46,8,1,8.43
STU105323,21,Female,2,DS,72,-3,57,52,37,6.2,1.8,113361,Postgraduate,Yes,Day Scholar,Yes,5.04,4,1,6.66
STU105324,18,Female,5,IT,80,6.3,91,62,70,5.0,8.8,218243,School,No,Day Scholar,Yes,8.63,2,0,9.41
STU105325,21,Male,2,EEE,90,1.2,39,39,64,4.6,6.6,159363,None,Yes,Hostel,Yes,8.27,8,1,12
STU105326,25,Female,6,CE,57,-3,41,55,100,8.0,7.0,195317,School,Yes,Day Scholar,No,8.04,4,0,8.41
STU105327,21,Male,7,DS,94,2.8,87,95,80,4.8,0.8,159032,None,No,Day Scholar,Yes,7.68,8,4,9.52
STU105328,20,Female,2,CE,81,7.6,78,77,80,6.4,8.1,104244,School,Yes,Hostel,No,7.14,0,0,9.75
STU105329,22,Female,5,IT,91,3.5,95,31,94,4.6,1.0,35317,Postgraduate,No,Day Scholar,Yes,9.18,0,1,8.7
STU105330,23,Male,3,ME,83,7.5,98,76,64,8.9,0.9,124884,School,Yes,Hostel,No,7.82,3,4,10
STU105331,23,Female,4,EEE,92,3.0,68,82,49,6.1,7.4,125047,Graduate,No,Hostel,Yes,6.47,7,2,7.94
STU105332,18,Male,3,IT,77,9.9,36,61,50,7.4,1.7,178330,None,No,Day Scholar,Yes,8.83,2,3,7.43
STU105333,20,Male,2,DS,78,0.7,61,90,91,4.9,9.0,100505,Graduate,No,Day Scholar,Yes,6.1,5,3,12
STU105334,21,Male,6,DS,74,6.0,36,64,62,5.6,6.6,261926,Graduate,Yes,Day Scholar,Yes,9.31,8,4,8.43
STU105335,22,Female,5,CE,88,3.7,51,84,52,8.3,2.3,135846,Postgraduate,No,Day Scholar,Yes,6.49,6,0,8.89
STU105336,24,Male,1,EEE,51,8.1,82,39,55,5.1,8.4,253483,School,No,Hostel,No,7.04,6,0,7.57
STU105337,25,Female,4,EEE,79,9.9,99,91,77,8.5,7.8,131994,Postgraduate,Yes,Hostel,Yes,7.41,2,3,9.59
,23,Female,6,EEE,95,2.4,51,29,21,8.1,5.7,269714,Postgraduate,Yes,Day Scholar,Yes,6.27,8,0,6.66
STU105339,21,Male,3,DS,47,1.2,73,59,91,5.9,2.6,173786,Postgraduate,No,Hostel,No,7.51,5,0,7.51
STU105340,22,Male,1,ME,83,4.9,93,90,80,8.6,6.0,227146,School,Yes,Hostel,No,8.33,2,2,9.14
STU105341,18,Female,3,DS,59,5.1,68,34,30,4.0,6.4,46189,School,No,Hostel,No,9.28,4,4,6.01
STU105342,20,Male,4,CSE,57,9.2,49,100,30,7.6,7.4,153541,None,Yes,Hostel,Yes,9.26,1,2,8.3
STU105343,18,Male,5,CSE,52,6.7,74,56,63,4.6,3.5,27595,None,Yes,Hostel,No,7.91,5,0,7.69
STU105344,21,Male,5,ECE,95,4.2,54,76,22,6.8,1.3,148389,Graduate,Yes,Hostel,Yes,9.79,2,4,6.95
STU105345,22,Male,6,DS,49,3.5,42,72,29,6.8,2.4,149267,None,Yes,Day Scholar,No,6.55,0,1,6.27
STU105346,18,Female,4,ME,91,5.5,90,79,50,7.3,7.1,203793,School,No,Hostel,No,6.06,6,4,8.97
STU105347,25,Female,7,IT,77,6.8,55,94,47,7.1,7.8,122540,Postgraduate,No,Day Scholar,Yes,5.8,7,4,8.53
STU105348,24,Male,4,ECE,84,7.4,54,49,30,8.9,5.1,33813,School,No,Day Scholar,No,6.02,6,4,7.9
STU105349,25,Male,4,CSE,90,8.6,89,49,66,5.1,5.4,191031,Graduate,No,Day Scholar,No,7.63,0,1,8.8
STU105350,23,Female,2,ECE,73,3.0,40,35,32,6.3,8.2,24159,None,No,hostel,No,9.56,7,0,6.78
STU105351,18,Female,6,ECE,79,7.0,35,89,62,7.1,3.9,181023,Graduate,Yes,Hostel,No,7.24,3,1,7.83
STU105352,21,Male,7,ME,73,1.6,57,65,85,4.7,4.5,281817,Graduate,No,Day Scholar,Yes,9.37,0,0,7.54
STU105353,25,Female,1,ECE,59,6.4,83,29,47,4.5,7.2,229080,School,No,Hostel,No,7.26,4,1,6.9
STU105354,18,Male,5,CSE,78,6.9,99,66,24,5.9,6.9,194440,School,Yes,Hostel,No,6.75,1,3,7.93
STU105355,24,Female,7,EEE,73,2.2,37,93,41,6.8,2.9,270823,Graduate,No,Hostel,No,9.53,0,4,6.64
STU105356,18,Male,7,IT,81,5.0,48,96,20,5.0,3.0,235142,None,No,Hostel,No,8.62,4,4,7.7
STU105357,22,Female,2,CE,87,7.6,37,52,61,5.3,1.8,45315,School,No,Day Scholar,Yes,8.52,0,0,8.42
STU105358,18,Male,1,CE,57,1.0,62,38,92,6.1,7.3,116746,School,No,Hostel,No,5.33,4,1,7.14
STU105359,18,Female,6,CSE,79,1.3,96,88,51,7.3,4.1,235616,School,Yes,Day Scholar,Yes,6.92,2,3,8.62
STU105360,24,Male,7,CE,57,2.9,61,55,21,8.5,4.7,75588,School,Yes,Day Scholar,No,5.68,8,1,6.95
STU105361,23,Male,4,ECE,93,5.1,63,47,20,7.8,4.6,36976,School,No,Day Scholar,Yes,9.32,7,3,7.44
STU105362,25,Male,5,CSE,59,2.3,67,59,100,6.2,7.3,245409,Graduate,No,Day Scholar,Yes,8.65,7,1,8.19
STU105363,18,Male,1,DS,85,0.6,87,64,65,4.3,5.6,65559,None,Yes,Hostel,Yes,5.27,7,2,7.8
STU105364,25,Female,3,ECE,89,1.7,91,31,51,8.8,3.4,116195,None,Yes,Hostel,No,6.55,3,3,7.76
STU105365,23,Male,2,CE,66,5.3,97,89,46,4.6,3.4,21029,None,No,Hostel,No,8.13,0,1,7.76
STU105366,18,Female,4,CE,48,5.9,36,27,63,6.7,4.1,unknown,School,Yes,Hostel,No,6.64,6,1,5.89
STU105367,24,Female,2,CSE,93,1.5,78,97,32,4.6,4.0,247718,None,No,Hostel,Yes,5.46,3,3,7.79
STU105368,22,Female,3,ME,53,3.8,80,98,93,6.9,4.6,240836,None,No,Day Scholar,No,5.07,3,2,8.54
STU105369,23,Female,7,IT,69,5.3,59,84,20,7.4,4.1,70958,School,No,Day Scholar,Yes,6.51,2,2,6.62
STU105370,21,Female,4,ECE,64,8.7,67,80,36,5.3,3.2,98592,School,No,Hostel,No,9.33,6,1,8.13
STU105371,18,Male,5,ECE,67,6.1,84,51,86,7.7,4.7,196884,School,Yes,Hostel,No,5.17,8,3,8.32
STU105372,24,Male,8,IT,88,9.2,59,51,43,9.0,8.7,185629,Postgraduate,No,Hostel,Yes,8.51,4,2,8.38
STU105373,22,Male,6,CE,63,4.4,88,24,45,eight,3.7,253396,Postgraduate,No,Hostel,No,8.0,2,4,6.4
STU105374,20,Female,2,IT,85,6.8,39,35,40,6.2,7.4,260996,None,No,Hostel,Yes,9.74,8,1,8.0
STU105375,19,Female,8,DS,51,8.5,95,25,50,8.8,,206914,School,No,Hostel,No,6.07,1,2,7.71
STU105376,22,Male,5,ECE,52,7.6,67,40,55,5.1,7.0,236663,Postgraduate,Yes,Hostel,Yes,8.62,1,1,6.97
STU105377,23,Female,6,CE,50,5.9,36,92,30,7.3,7.2,268115,Postgraduate,Yes,Hostel,No,9.42,1,2,6.75
STU105378,25,Female,3,CE,52,2.2,41,59,88,8.6,1.1,19717,Postgraduate,Yes,Hostel,No,9.42,4,2,7.79
STU105379,20,Female,2,CSE,89,1.6,N/A,69,83,4.1,1.2,91595,Graduate,Yes,Day Scholar,No,9.2,5,2,8.45
STU105380,21,Female,5,CSE,53,1.4,53,65,79,7.3,1.0,66508,School,Yes,Day Scholar,Yes,6.71,1,0,7.12
STU105381,20,Female,8,EEE,88,8.0,56,54,37,4.4,3.7,262724,None,No,Day Scholar,No,5.46,7,4,7.24
STU105382,22,Male,3,EEE,82,7.7,62,69,88,5.9,8.4,185169,Postgraduate,No,Hostel,No,9.29,4,4,8.62
STU105383,18,Male,2,CSE,71,5.2,39,58,42,7.2,8.5,73580,Postgraduate,Yes,Hostel,No,5.46,2,0,6.75
STU105384,23,Female,8,CE,96,2.4,40,36,58,8.7,6.0,190388,School,No,Day Scholar,No,9.32,7,4,7.95
STU105385,25,Female,7,ME,97,8.7,43,76,82,6.4,2.3,115787,Graduate,No,Day Scholar,Yes,6.29,4,1,12
STU105386,20,Female,8,DS,86,9.6,51,39,97,8.7,7.5,208656,None,Yes,Day Scholar,Yes,8.52,3,2,9.63
STU105387,21,Male,3,IT,96,-3,47,51,71,6.3,9.0,250747,None,Yes,Day Scholar,No,6.36,3,3,7.06
STU105388,25,Female,4,ECE,67,3.3,53,41,53,8.3,6.0,293658,None,Yes,Day Scholar,No,6.03,1,3,6.4
STU105389,25,Male,8,CSE,66,4.1,98,41,38,8.1,6.1,104454,Postgraduate,Yes,Hostel,Yes,8.58,0,2,6.93
STU105390,19,Female,8,ECE,86,4.9,37,66,52,6.5,7.6,289798,None,No,Hostel,Yes,7.61,2,4,7.43
STU105391,21,Female,8,CE,94,2.0,35,42,59,6.4,3.8,135698,Postgraduate,Yes,Hostel,No,5.35,6,2,6.04
STU105392,21,Male,4,ECE,81,4.8,62,55,44,7.3,3.6,139395,Postgraduate,No,Hostel,No,9.13,4,2,7.38
STU105393,19,Male,5,EEE,89,1.7,41,61,64,6.2,,221320,Graduate,No,Day Scholar,No,8.51,1,3,7.34
STU105394,22,Female,2,EEE,71,3.8,53,30,88,6.6,1.3,108524,School,No,Hostel,No,6.22,1,3,7.66
STU105395,22,Female,7,EEE,66,7.7,88,37,20,eight,3.2,297172,Graduate,Yes,Day Scholar,Yes,9.75,6,3,7.72
STU105396,18,Female,6,IT,45,3.8,66,52,32,7.4,3.7,191158,Graduate,Yes,Day Scholar,Yes,6.75,0,1,6.58
STU105397,24,Female,2,DS,94,4.7,62,20,20,9.0,1.9,112702,Postgraduate,No,Hostel,No,9.75,8,2,6.71
STU105398,22,Female,3,EEE,62,3.0,72,97,84,4.6,3.6,145625,Postgraduate,Yes,Day Scholar,Yes,9.21,3,4,8.37
STU105399,18,Female,4,EEE,68,4.4,93,77,100,5.9,4.4,158861,Graduate,Yes,Day Scholar,No,6.13,0,0,9.54
STU105400,18,Male,4,ME,96,8.5,63,48,69,5.4,3.8,160684,Graduate,Yes,Hostel,Yes,8.93,3,0,9.78
STU105401,20,Male,5,EEE,71,2.6,44,32,28,4.5,0.9,37717,Postgraduate,No,Day Scholar,,5.4,4,2,5.84
STU105402,23,Male,5,IT,67,9.2,65,62,85,6.4,4.0,255934,Postgraduate,Yes,Day Scholar,Yes,7.48,6,2,8.99
STU105403,25,Female,4,DS,64,7.6,64,40,62,8.7,4.3,87183,Postgraduate,No,Hostel,No,5.81,4,4,7.83
STU105404,25,Female,2,ME,51,3.1,47,48,29,7.9,4.3,272553,None,No,Hostel,No,6.56,4,1,5.5
STU105405,19,Female,6,ME,87,2.0,64,55,71,7.2,5.9,142656,None,Yes,Hostel,Yes,5.7,4,2,8.24
STU105406,20,Male,4,IT,64,3.0,48,49,71,6.6,2.8,205866,Graduate,Yes,Hostel,Yes,9.21,3,0,7.82
STU105407,24,Female,2,EEE,85,9.5,67,54,61,6.9,3.6,276950,None,Yes,Day Scholar,Yes,5.43,1,0,7.94
STU105408,19,Female,8,IT,87,9.4,38,33,98,7.9,4.6,97512,School,No,Hostel,No,6.41,7,4,8.69
STU105409,24,male,3,EEE,72,6.3,89,60,46,7.9,7.8,148052,None,No,Hostel,Yes,6.95,4,0,8.06
STU105410,20,Female,4,DS,70,4.6,50,44,67,8.0,4.2,152064,None,No,Day Scholar,No,5.33,8,2,6.82
STU105411,25,Male,1,EEE,68,0.8,46,87,28,4.6,6.4,134259,School,Yes,Day Scholar,No,9.4,5,1,6.52
STU105412,19,Female,9,CE,92,6.2,91,62,56,4.1,6.0,17643,School,No,Hostel,No,7.26,7,0,9.41
STU105413,19,Female,5,CE,82,1.6,83,46,31,8.4,1.9,192294,School,Yes,Hostel,No,6.99,7,3,7.46
STU105414,24,Female,1,ME,67,0.7,87,62,45,7.6,5.5,90448,School,Yes,Hostel,Yes,5.56,3,0,6.36
STU105415,22,Male,4,ECE,62,0.6,36,76,85,6.9,4.1,248573,None,No,Day Scholar,Yes,7.13,7,4,7.1
STU105416,25,Female,1,CSE,99,9.9,38,43,56,6.8,6.7,224244,Graduate,Yes,Hostel,No,6.0,3,1,7.24
STU105417,20,Female,6,IT,54,3.3,76,49,59,8.9,0.8,69032,Postgraduate,Yes,Hostel,Yes,9.3,8,4,8.18
STU105418,18,Male,3,DS,52,1.6,45,61,57,4.7,4.0,258546,Graduate,Yes,Hostel,No,8.73,2,2,6.31
STU105419,23,Female,2,IT,89,7.4,87,28,42,5.8,8.8,219125,School,No,Day Scholar,Yes,7.52,7,4,7.65
STU105420,21,Female,7,EEE,65,9.9,95,81,91,8.2,4.8,56100,Graduate,Yes,Day Scholar,Yes,6.07,6,0,10
STU105421,21,Male,3,CSE,69,0.6,88,73,79,8.4,7.2,27792,Graduate,No,Day Scholar,Yes,6.27,6,3,7.91
STU105422,20,Female,4,IT,53,8.9,80,86,71,7.3,4.1,275037,Postgraduate,No,Day Scholar,Yes,9.61,6,1,9.17
STU105423,24,Female,4,ECE,88,5.6,56,64,41,8.4,2.9,253405,Postgraduate,Yes,Hostel,Yes,9.71,8,0,8.22
STU105424,22,Female,2,IT,80,3.2,35,62,67,8.6,0.8,189515,Postgraduate,No,Hostel,No,6.3,2,2,7.61
STU105425,22,Female,8,ME,94,9.9,95,53,28,4.9,3.3,87836,None,Yes,Day Scholar,No,7.48,2,3,8.39
STU105426,20,Female,7,ME,96,3.4,57,52,24,4.4,4.5,95006,School,Yes,Day Scholar,Yes,5.23,8,0,7.07
STU105427,19,Male,4,DS,89,8.1,71,95,78,4.3,0.6,227093,Graduate,No,hostel,Yes,7.29,5,1,9.58
STU105428,23,Male,1,IT,76,2.3,59,58,36,4.1,4.8,245017,Postgraduate,Yes,Day Scholar,Yes,8.93,3,3,7.06
STU105429,18,Male,1,ECE,53,3.8,53,56,60,5.6,1.2,59999,None,No,Hostel,Yes,5.11,1,2,6.07
STU105430,22,Male,8,CSE,87,2.7,41,78,62,6.0,2.7,235447,None,No,Hostel,No,7.12,1,2,6.82
STU105431,22,Female,5,DS,60,5.7,66,91,96,8.3,4.5,216908,Postgraduate,No,Day Scholar,No,7.02,5,1,8.85
STU105432,25,Male,5,EEE,64,7.3,65,40,77,4.7,4.6,225613,Graduate,No,Day Scholar,No,5.79,5,0,8.43
STU105433,25,Female,5,IT,54,1.8,45,79,41,8.4,5.3,93882,School,Yes,Hostel,Yes,8.19,5,3,6.88
STU105434,18,Female,1,CE,57,0.7,76,70,73,6.0,6.3,43839,Graduate,No,Hostel,No,5.84,1,1,7.64
STU105435,24,Male,3,CE,91,4.7,58,96,32,6.0,7.4,226694,None,Yes,Day Scholar,No,7.09,3,1,8.25
STU105436,19,Male,4,ECE,94,4.3,74,99,60,8.0,3.7,107077,School,Yes,Day Scholar,Yes,8.63,8,0,10
STU105437,24,Male,7,CSE,89,1.8,48,95,64,5.7,3.5,31012,None,No,Hostel,Yes,9.73,3,4,8.53
STU105438,21,Male,5,DS,60,3.0,83,49,100,6.6,1.5,188355,School,No,Day Scholar,No,6.39,3,4,8.73
STU105439,18,Male,7,DS,53,3.1,91,96,27,5.0,2.0,212707,Graduate,Yes,Hostel,No,6.7,6,1,8.03
STU105440,20,Male,4,CE,74,9.1,65,95,93,8.2,5.7,91740,Postgraduate,No,Hostel,No,7.88,8,2,10
STU105441,23,male,8,ME,85,8.7,93,67,33,8.0,3.7,29620,School,Yes,Day Scholar,No,5.55,3,3,7.71
STU105442,24,Male,3,ME,54,9.0,73,47,86,5.4,0.9,97844,School,No,Hostel,No,7.14,6,3,8.84
STU105443,22,Female,7,ME,60,7.8,89,97,79,4.9,1.1,238162,Graduate,Yes,Day Scholar,No,8.34,7,4,9.99
STU105444,24,Male,5,DS,66,5.6,71,69,84,8.7,3.8,117879,School,No,Day Scholar,Yes,5.54,5,3,8.0
STU105445,22,Female,8,DS,58,10.0,61,85,57,5.9,1.2,49988,Postgraduate,No,Hostel,No,6.6,2,3,8.59
STU105446,22,Male,8,EEE,75,5.2,35,58,39,8.0,6.5,210619,School,Yes,Hostel,Yes,8.78,4,1,6.59
STU105447,21,Male,3,CSE,74,2.7,77,36,70,8.1,5.8,241607,Graduate,Yes,Hostel,No,6.13,7,0,7.53
STU105448,23,Male,8,ME,83,1.1,86,21,26,5.3,4.7,164185,Postgraduate,Yes,Hostel,No,5.29,7,2,5.43
STU105449,23,Female,7,DS,88,4.2,95,27,27,5.8,3.4,223068,Postgraduate,Yes,Hostel,Yes,5.3,5,4,6.76
STU105450,21,Male,6,CE,99,5.6,55,59,21,eight,7.8,95774,None,No,Day Scholar,No,5.54,4,2,6.75
STU105451,25,Male,8,ME,96,5.8,79,52,79,6.5,5.2,109189,None,Yes,Hostel,Yes,6.78,6,0,9.67
STU105452,23,Female,5,ME,79,9.7,42,67,27,5.2,8.5,248295,School,Yes,Day Scholar,Yes,8.05,2,3,7.09
STU105453,22,Female,1,ME,85,1.4,58,78,73,5.9,8.2,264946,None,No,Day Scholar,Yes,8.65,1,0,8.67
STU105454,20,Male,5,CSE,48,5.0,100,30,26,4.5,8.8,261649,None,No,Day Scholar,No,6.48,3,0,6.03
STU105455,24,Female,7,ECE,97,7.2,61,58,25,7.4,2.9,79776,None,Yes,Hostel,Yes,6.51,7,2,8.36
STU105456,24,Male,5,EEE,63,7.1,91,82,86,4.7,7.8,159156,None,Yes,Hostel,No,6.65,6,2,9.64
STU105457,23,Female,7,CE,61,4.9,79,35,91,5.0,5.0,212750,Graduate,No,Hostel,No,5.56,5,1,8.42
STU105458,24,Female,1,CSE,88,2.7,48,97,83,7.7,0.7,263977,School,Yes,Hostel,No,5.21,2,1,7.84
STU105459,22,Female,7,ECE,68,5.6,46,74,52,8.2,4.9,232757,Graduate,Yes,Hostel,No,5.96,6,4,7.83
STU105460,18,Female,6,IT,98,2.4,72,97,97,8.6,6.0,135237,None,Yes,Day Scholar,Yes,5.2,7,3,10
STU105461,19,Male,1,EEE,79,8.7,70,57,72,6.5,3.9,70185,Postgraduate,No,Hostel,Yes,7.85,7,1,8.81
STU105462,18,Female,8,CSE,97,9.8,100,71,85,5.9,7.3,85875,None,Yes,Hostel,Yes,7.22,5,1,10
STU105463,23,Female,2,CSE,79,4.7,44,56,28,8.1,7.7,179667,None,Yes,Day Scholar,Yes,5.16,8,2,6.38
STU105464,21,Female,7,IT,48,3.0,94,83,21,8.5,7.3,136610,Graduate,No,Hostel,Yes,7.55,2,2,7.14
STU105465,25,Male,4,ME,94,6.1,65,66,53,7.8,8.8,109096,Graduate,No,Hostel,Yes,9.37,2,0,8.1
STU105466,23,Female,6,ME,58,1.5,79,70,64,8.4,5.1,55876,Postgraduate,No,Hostel,No,6.15,2,4,7.1
STU105467,22,Female,2,CE,99,7.4,69,41,52,5.0,9.0,112193,None,No,Day Scholar,No,9.5,6,0,9.06
STU105468,23,Male,1,DS,93,2.7,58,73,52,5.8,4.4,144337,School,Yes,Hostel,Yes,9.62,0,4,6.99
STU105469,25,Male,2,ME,77,4.3,43,65,44,4.8,0.8,299559,Postgraduate,Yes,Day Scholar,No,8.36,2,3,7.0
STU105470,20,Male,1,CE,67,6.8,64,52,35,5.6,8.4,285394,Postgraduate,Yes,Hostel,Yes,5.21,1,2,6.35
STU105471,19,Female,6,IT,79,2.8,93,28,98,5.9,4.1,133316,School,Y,Day Scholar,Yes,9.52,2,1,9.07
STU105472,24,Female,6,CSE,76,3.1,84,99,84,8.6,7.4,134320,None,No,Day Scholar,No,9.15,5,2,10
STU105473,25,Female,2,ECE,60,3.6,46,87,27,5.3,1.3,185550,School,No,Hostel,Yes,9.16,8,4,7.77
STU105474,18,Female,1,IT,54,4.8,73,48,64,5.2,0.8,84982,Graduate,Yes,Hostel,Yes,9.48,1,1,7.4
STU105475,19,Male,4,EEE,,2.6,98,20,23,7.5,5.0,163126,School,No,Day Scholar,No,9.74,6,1,7.11
STU105476,25,Male,1,IT,67,9.7,77,21,90,4.4,4.9,223559,Postgraduate,No,Hostel,Yes,7.33,7,1,8.85
STU105477,18,Male,2,IT,69,1.7,75,99,32,4.9,8.6,140038,Postgraduate,No,Day Scholar,No,9.06,8,0,8.37
STU105478,22,Male,7,CE,97,9.3,69,63,63,4.9,,174241,School,Yes,Day Scholar,Yes,6.31,5,0,9.9
STU105479,20,Female,6,DS,68,6.5,40,37,49,6.2,8.7,257426,Postgraduate,Yes,Hostel,Yes,9.61,5,0,7.07
STU105480,18,Male,7,ME,66,6.9,64,98,95,6.4,2.8,51560,School,No,Day Scholar,No,5.99,0,4,8.5
STU105481,25,Male,3,CSE,60,5.2,78,41,85,4.1,7.8,40486,Graduate,Yes,Hostel,No,8.95,0,1,8.04
STU105482,19,Male,7,IT,52,4.3,47,55,73,5.6,8.5,44232,None,Yes,Hostel,Yes,8.54,3,3,7.42
STU105483,21,Female,2,CSE,99,7.7,46,76,31,4.0,1.1,244600,School,No,Day Scholar,Yes,9.57,3,1,8.86
STU105484,25,Male,5,CSE,93,0.3,70,83,31,5.8,6.7,245386,Postgraduate,No,Hostel,Yes,6.85,8,0,7.87
STU105485,23,Male,8,DS,71,6.0,77,150,31,7.2,5.7,195533,Postgraduate,Yes,Day Scholar,Yes,9.55,3,3,6.7
STU105486,25,Male,2,EEE,88,0.3,90,58,57,6.4,4.2,48161,School,No,Day Scholar,No,9.04,2,3,7.01
STU105487,19,Female,1,EEE,51,8.3,58,32,81,7.0,8.8,84372,Graduate,No,Hostel,Yes,5.23,3,1,7.88
STU105488,20,Male,8,DS,57,3.9,92,41,38,7.9,4.4,292545,Postgraduate,Yes,Hostel,No,7.92,4,0,6.96
STU105489,21,Male,6,ME,58,9.2,79,98,88,4.6,5.3,149932,None,No,Hostel,Yes,6.55,1,1,9.64
STU105490,18,Female,5,IT,71,3.6,61,67,67,7.1,3.6,247155,School,Yes,Day Scholar,Yes,5.02,8,0,7.86
STU105491,20,Male,2,CE,68,8.3,67,20,64,7.6,7.9,78533,Postgraduate,No,Day Scholar,No,5.22,3,0,6.82
STU105492,24,Male,3,EEE,82,6.4,95,87,96,7.6,3.2,206384,Graduate,No,Hostel,No,5.55,4,4,10
STU105493,19,Male,5,IT,74,2.1,99,26,92,4.7,0.9,126926,Graduate,No,Hostel,Yes,6.68,8,2,7.98
STU105494,19,Female,4,ME,95,8.2,95,39,50,7.5,1.6,186269,Grad,No,Day Scholar,No,9.42,2,0,9.42
STU105495,18,Male,2,CSE,72,2.9,93,86,67,6.2,4.6,68083,Graduate,No,Day Scholar,Yes,7.22,7,1,9.54
STU105496,23,Female,3,IT,71,5.0,88,73,99,6.2,5.2,262486,Graduate,Yes,Day Scholar,Yes,9.75,7,1,10
STU105497,23,Male,2,CE,65,7.3,86,39,52,8.0,1.7,265129,School,No,Hostel,Yes,6.05,5,0,8.01
STU105498,20,Male,8,DS,91,3.1,57,98,100,6.3,3.8,265165,School,No,Hostel,Yes,9.28,2,1,9.23
STU105499,18,Female,5,ECE,72,9.9,N/A,63,61,4.3,1.9,216360,None,No,Day Scholar,Yes,6.0,8,0,8.76
STU105500,24,Female,4,CE,60,5.9,86,73,69,6.9,9.0,236133,School,No,Day Scholar,No,7.8,6,2,8.41
STU105501,18,Male,5,IT,78,7.3,47,69,70,4.5,1.2,290676,None,No,Hostel,No,5.03,8,4,8.35
STU105502,19,Male,1,CSE,75,3.0,93,41,63,7.8,3.0,236168,School,No,Day Scholar,Yes,6.06,2,0,8.19
STU105503,21,Male,3,CE,83,7.9,83,83,28,5.8,3.8,67642,None,Yes,Day Scholar,No,8.55,3,3,8.75
STU105504,25,Male,2,ECE,84,8.8,47,75,85,6.5,7.2,272466,None,No,Day Scholar,No,6.14,7,3,9.29
STU105505,22,Male,4,DS,51,2.9,97,61,43,5.7,2.1,72283,Postgraduate,No,Hostel,Yes,9.49,7,4,7.63
STU105506,18,Female,7,ECE,50,2.8,49,22,86,7.7,1.9,251086,School,No,Day Scholar,No,11.5,5,3,6.55
STU105507,25,Female,2,ME,76,2.2,70,34,96,7.6,6.0,28920,None,Yes,Hostel,,5.71,0,0,7.96
STU105508,20,Male,5,ECE,91,1.3,89,27,97,5.7,1.4,60044,None,Yes,Hostel,No,7.44,0,1,7.92
STU105509,18,Male,6,CE,79,4.9,39,78,62,6.9,1.2,207634,Graduate,Yes,Day Scholar,No,8.03,4,2,7.45
STU105510,25,Male,3,CE,61,2.1,59,97,34,6.2,6.3,78680,None,Yes,Hostel,Yes,6.88,4,1,7.16
STU105511,21,Male,4,CSE,88,6.7,39,74,22,7.8,3.2,223976,Graduate,No,Hostel,Yes,8.0,7,3,7.41
STU105512,22,Male,3,IT,91,4.3,93,88,92,7.7,0.8,131863,None,Yes,Hostel,Yes,9.34,7,2,10
STU105513,18,Male,8,IT,69,6.6,65,84,45,4.0,5.7,140109,None,Yes,Day Scholar,Yes,7.7,6,1,7.76
STU105514,20,Female,6,DS,86,4.1,44,82,77,4.9,1.9,24263,None,No,Hostel,Yes,9.22,6,1,8.97
STU105515,24,Male,5,EEE,64,1.1,70,42,50,5.4,2.5,131579,School,No,Hostel,Yes,7.46,0,3,6.53
STU105516,19,Male,5,CSE,68,5.2,65,55,64,4.4,5.5,262936,Postgraduate,Yes,Day Scholar,Yes,8.81,3,2,8.3
STU105517,25,Male,3,DS,69,4.5,88,85,68,6.8,5.6,152316,None,No,Hostel,Yes,5.74,7,2,9.1
STU105518,25,Female,4,IT,76,6.2,71,92,48,7.1,1.6,116523,None,Yes,Day Scholar,Yes,9.68,0,4,7.98
STU105519,24,Male,5,CSE,75,2.8,85,47,83,5.4,7.5,274668,School,No,Hostel,No,6.61,4,2,7.61
STU105520,21,Female,6,CE,76,0.3,38,91,87,4.5,4.6,189110,Graduate,Yes,Hostel,Yes,9.62,8,2,8.29
STU105521,23,Female,1,ECE,95,2.6,42,36,29,4.6,1.0,38464,None,Yes,Day Scholar,No,5.82,5,1,5.59
STU105522,18,Male,3,DS,61,8.4,40,71,92,8.9,5.6,64762,None,No,Hostel,No,5.67,8,4,8.91
STU105523,21,Male,8,DS,53,7.8,49,98,97,8.9,2.1,107640,None,Yes,Day Scholar,No,5.44,3,1,8.95
STU105524,22,Male,7,CSE,54,3.5,64,35,81,6.7,4.7,57041,None,No,Day Scholar,No,9.49,4,4,7.35
STU105525,20,Female,6,CE,90,6.4,84,80,86,7.2,3.0,243079,Graduate,No,Hostel,No,7.85,1,1,9.24
STU105526,19,Female,6,IT,93,0.9,45,85,36,5.0,8.1,210796,School,Yes,Day Scholar,Yes,5.88,5,3,6.66
STU105527,18,Female,5,IT,53,9.6,89,26,80,7.9,3.2,87979,None,No,Day Scholar,No,6.95,7,4,8.71
STU105528,19,Female,7,IT,70,3.9,93,21,45,5.4,5.5,298618,Postgraduate,No,Hostel,Yes,7.8,8,4,7.52
STU105529,19,Female,8,EEE,49,3.4,85,75,20,8.8,4.4,124120,Postgraduate,Yes,Hostel,No,9.65,2,0,7.32
STU105530,18,Female,6,ME,80,2.8,91,60,87,4.1,1.0,203446,None,Yes,Day Scholar,No,9.06,3,4,9.49
STU105531,22,Male,7,ECE,75,2.8,64,89,35,8.2,1.1,275595,School,Yes,Hostel,Yes,7.01,1,3,7.44
STU105532,22,Female,4,ECE,76,2.8,42,45,88,8.4,5.0,187673,School,No,Day Scholar,No,6.4,3,3,8.11
STU105533,18,Female,3,EEE,94,6.1,81,88,82,5.4,6.3,227339,Graduate,Yes,Day Scholar,No,5.73,7,3,9.54
STU105534,20,Female,6,DS,63,4.0,36,84,60,8.2,5.6,68300,Graduate,No,Day Scholar,No,7.68,4,1,7.37
STU105535,18,Female,1,CSE,69,6.3,46,69,72,5.0,3.2,131045,Postgraduate,Yes,Day Scholar,No,8.77,6,4,8.28
STU105536,22,Male,7,ECE,62,5.8,90,40,49,8.4,1.4,40114,Grad,Yes,Hostel,Yes,8.86,4,1,7.74
STU105537,20,Male,3,CSE,79,6.1,51,78,54,4.3,1.3,143168,Graduate,No,Hostel,Yes,6.93,2,2,8.05
STU105538,19,Male,2,CE,100,3.8,45,75,84,9.0,3.0,182860,Graduate,Yes,Hostel,,5.97,2,2,9.22
STU105539,18,Male,3,EEE,97,9.1,49,98,53,5.0,3.5,203060,Graduate,Yes,Hostel,No,7.21,2,0,8.71
STU105540,22,Male,4,CE,45,4.3,81,96,82,6.4,,139831,Graduate,Yes,Day Scholar,No,5.62,1,2,8.78
STU105541,20,Male,6,ME,52,1.9,86,85,54,8.4,7.7,258747,School,Yes,Day Scholar,Yes,5.88,5,3,7.2
STU105542,24,Male,4,ME,70,3.1,99,83,44,7.7,8.1,267648,Postgraduate,Yes,Hostel,No,5.4,8,3,8.4
STU105543,22,Male,8,DS,73,6.6,57,49,28,6.3,2.8,292239,None,No,Day Scholar,Yes,8.1,8,3,7.62
STU105544,22,Female,6,IT,46,3.0,90,40,41,7.1,7.5,84330,Graduate,Yes,Day Scholar,No,5.11,6,1,6.07
STU105545,23,Male,1,ECE,69,3.1,84,57,99,4.3,2.5,44665,Graduate,Yes,Hostel,No,7.39,8,1,8.92
STU105546,19,Female,2,CSE,80,7.3,49,28,44,5.1,3.5,244089,None,Yes,Day Scholar,No,6.27,7,3,7.6
STU105547,20,Male,2,ECE,98,1.0,64,98,51,4.5,1.1,127460,Postgraduate,Yes,Day Scholar,Yes,7.59,4,4,7.32
STU105548,24,Female,3,ME,73,8.4,92,39,23,5.1,3.2,293902,Graduate,Yes,Hostel,No,5.74,5,2,6.88
STU105549,24,Female,6,CE,82,0.5,86,56,71,6.2,3.6,73179,Graduate,No,Day Scholar,Yes,6.82,5,4,7.34
STU105550,24,Female,7,IT,95,5.5,73,87,53,4.9,7.6,264624,Postgraduate,Yes,Hostel,Yes,9.31,1,3,9.11
STU105551,22,Female,1,CSE,97,7.7,84,29,35,7.2,8.0,215492,None,Yes,Day Scholar,No,6.59,4,0,7.92
STU105552,19,Female,1,EEE,57,5.2,71,31,95,7.1,3.2,143950,None,Yes,Hostel,Yes,8.46,1,4,7.78
STU105553,21,Male,5,IT,54,7.9,90,69,33,4.6,6.1,166863,Graduate,Yes,Day Scholar,No,6.78,1,3,7.4
STU105554,24,Male,3,ME,68,2.4,40,38,43,4.7,8.3,118318,Postgraduate,No,Day Scholar,Yes,6.96,6,1,6.48
STU105555,20,Female,2,CSE,71,7.5,81,39,28,7.9,7.3,224341,School,Yes,Day Scholar,Yes,5.4,0,0,6.11
STU105556,20,Male,2,ECE,60,6.2,99,53,70,4.1,7.4,249552,None,Yes,Hostel,Yes,8.6,2,4,8.44
STU105557,21,Male,2,ME,86,9.6,69,86,24,6.5,5.3,72909,None,No,Hostel,Yes,9.57,5,0,9.24
STU105558,25,Male,2,CE,51,6.3,96,48,43,8.2,5.1,44316,None,Yes,Day Scholar,Yes,6.9,3,1,7.47
STU105559,20,Male,8,DS,92,5.5,79,88,75,8.3,3.9,158648,School,No,Day Scholar,No,5.88,5,2,8.76
STU105560,20,Female,3,EEE,84,4.4,44,26,81,8.7,3.5,299366,Postgraduate,No,Hostel,No,9.55,1,4,8.07
STU105561,25,Male,2,ME,94,9.4,35,93,31,7.8,1.5,245240,None,Yes,Day Scholar,No,6.4,8,0,8.73
STU105562,20,Male,8,CE,74,6.8,74,26,34,6.0,8.2,295755,None,Yes,Day Scholar,No,6.41,8,4,6.53
STU105563,22,Male,7,ECE,50,2.7,96,23,62,5.8,2.8,47041,Graduate,Yes,Hostel,Yes,7.11,0,4,6.58
STU105564,22,Female,1,EEE,62,0.9,92,53,58,8.2,7.8,65135,Postgraduate,No,Day Scholar,Yes,5.99,0,1,6.4
STU105565,24,Male,2,IT,57,5.2,49,80,22,7.3,1.7,292116,School,Yes,Day Scholar,No,6.33,8,2,6.28
STU105566,24,Male,7,CE,90,1.9,55,36,68,7.6,1.0,104112,Graduate,Yes,Hostel,Yes,8.35,3,2,6.88
STU105567,18,Male,3,CE,98,4.6,72,81,86,8.0,3.7,130122,School,No,Hostel,No,8.58,3,1,10
STU105568,19,Male,2,EEE,82,8.3,61,71,85,8.6,7.2,267068,School,No,Day Scholar,No,6.0,5,2,9.44
STU105569,20,Male,4,DS,58,5.8,50,68,79,6.5,6.9,199317,Graduate,Yes,Day Scholar,No,5.24,1,2,7.72
STU105570,19,Female,4,ME,73,9.4,95,80,57,7.8,6.9,90838,School,Yes,Hostel,Yes,7.37,0,0,8.61
STU105571,21,Female,6,DS,50,7.8,52,82,93,8.9,4.1,97080,School,No,Day Scholar,No,9.44,8,3,10
STU105572,23,Female,5,EEE,52,8.1,72,75,90,8.7,1.2,241404,Postgraduate,No,Day Scholar,No,7.47,0,4,8.55
STU105573,19,Male,8,EEE,82,0.1,38,61,93,5.9,2.2,167610,Postgraduate,Yes,Day Scholar,Yes,6.41,4,2,7.32
STU105574,24,Male,2,CSE,,4.0,98,43,73,7.0,8.4,69620,Postgraduate,No,Day Scholar,Yes,7.42,4,2,7.46
STU105575,19,Female,6,IT,49,9.2,80,84,44,4.7,5.8,270403,School,No,Day Scholar,Yes,6.77,1,2,8.15
STU105576,24,Male,1,CSE,83,7.0,44,86,21,5.6,1.7,249690,Postgraduate,Yes,hostel,No,5.9,1,4,6.76
STU105577,19,Male,2,ECE,81,5.2,74,70,79,5.9,6.4,245827,School,No,Hostel,,8.29,0,1,8.53
STU105578,19,Male,1,CSE,77,4.1,77,88,94,8.5,3.1,197261,Postgraduate,No,Day Scholar,Yes,5.26,7,2,8.96
STU105579,22,Female,1,ECE,70,1.2,83,52,46,6.9,2.1,98169,Graduate,Yes,Hostel,Yes,5.93,4,1,6.78
STU105580,21,Female,8,ECE,91,8.6,70,77,56,8.4,0.9,96186,None,Yes,Day Scholar,No,5.2,6,3,9.16
STU105581,19,Female,6,ME,73,9.0,66,74,99,4.9,2.9,84968,Grad,No,Day Scholar,Yes,9.38,6,1,10
STU105582,20,Male,4,CSE,67,1.8,97,31,47,4.8,6.0,270107,Graduate,Yes,Day Scholar,No,5.76,0,4,5.78
STU105583,22,Male,3,ECE,78,8.2,38,49,36,8.7,0.9,239865,Postgraduate,No,Hostel,No,7.6,1,2,7.51
STU105584,18,Female,4,ECE,75,6.4,81,70,24,5.7,1.8,unknown,None,Yes,Day Scholar,No,5.25,1,3,6.89
STU105585,20,Male,8,ME,72,9.7,45,49,68,6.9,4.0,169059,Postgraduate,No,Hostel,No,6.46,1,0,7.56
STU105586,22,Male,8,CSE,51,3.4,85,59,35,9.0,1.2,255978,School,No,Day Scholar,Yes,9.75,4,1,7.17
STU105587,19,Female,6,IT,75,8.2,56,39,-10,7.6,6.9,298592,Graduate,Yes,Day Scholar,No,9.36,8,0,9.21
STU105588,23,Female,6,CSE,98,5.2,51,57,52,8.7,4.2,62443,Graduate,No,Day Scholar,No,7.18,1,4,7.89
STU105589,23,Female,3,EEE,99,8.1,80,72,69,4.4,2.0,31980,School,Yes,Hostel,No,8.07,2,1,9.3
STU105590,23,Female,2,CE,48,5.0,40,51,37,eight,2.1,103766,Graduate,Yes,Day Scholar,Yes,9.42,0,0,6.56
STU105591,18,Male,5,ME,87,1.7,65,47,77,8.1,4.0,58228,Graduate,No,Hostel,Yes,5.34,8,3,7.55
STU105592,25,Male,6,CE,46,4.3,41,60,38,6.1,1.8,148114,Postgraduate,No,Day Scholar,Yes,6.03,0,2,6.12
STU105593,23,Male,3,DS,59,8.7,93,37,24,6.3,2.0,49328,None,No,Day Scholar,Yes,11.5,5,1,7.04
STU105594,21,Female,2,DS,98,3.5,100,39,21,5.1,1.0,46374,Postgraduate,Yes,Day Scholar,Yes,7.95,0,2,7.58
STU105595,19,Male,6,ME,75,3.3,N/A,74,44,8.2,4.3,139563,Graduate,No,Day Scholar,Yes,8.09,0,1,8.02
STU105596,22,Male,1,IT,74,8.9,73,25,78,6.6,3.5,54581,Postgraduate,No,Day Scholar,Yes,5.46,2,3,7.87
STU105597,18,Male,4,ECE,52,4.8,63,32,40,5.7,7.1,181353,Postgraduate,No,Hostel,No,6.57,6,3,6.76
STU105598,20,Male,7,CSE,76,3.6,96,59,31,5.6,1.0,122455,Graduate,No,Day Scholar,Yes,5.59,4,1,7.05
STU105599,22,Male,6,ME,81,0.7,57,35,69,5.0,5.7,181273,Postgraduate,No,Hostel,No,6.35,2,4,5.83
STU105600,23,Male,7,DS,94,0.3,81,29,66,6.9,8.9,135934,Postgraduate,No,Day Scholar,No,5.08,0,3,6.16
STU105601,22,Male,5,ECE,,1.6,93,72,40,8.5,2.1,121354,School,No,Day Scholar,Yes,9.46,4,3,7.0
STU105602,20,Female,8,DS,50,7.1,55,53,30,5.7,6.9,294826,None,No,Day Scholar,No,8.02,4,2,6.38
STU105603,24,Male,3,ME,79,1.7,55,24,28,5.5,4.7,113469,Postgraduate,Yes,Hostel,Yes,6.79,1,3,5.49
STU105604,19,Female,7,IT,99,1.8,93,54,61,5.3,8.6,206361,School,Yes,Hostel,No,7.83,5,0,8.9
STU105605,20,Female,8,ECE,68,7.5,81,76,47,6.5,1.1,136016,School,No,Day Scholar,No,6.47,4,0,9.02
STU105606,20,Male,4,DS,68,4.0,62,75,46,6.8,6.3,199986,School,Yes,Day Scholar,No,8.09,2,2,7.28
STU105607,21,Male,3,ME,99,7.4,76,20,53,5.6,3.8,124981,Graduate,Yes,Hostel,Yes,9.76,2,0,7.78
STU105608,25,Male,7,DS,70,8.5,86,91,93,5.2,5.8,231023,School,No,Day Scholar,No,9.45,0,2,9.63
STU105609,18,Female,4,ME,77,5.4,81,55,43,7.1,2.3,191327,Postgraduate,Yes,Day Scholar,Yes,8.84,0,0,8.55
STU105610,24,Female,8,ECE,53,2.3,56,35,21,7.4,2.9,54872,School,No,Day Scholar,Yes,5.08,6,1,5.92
STU105611,18,Female,6,EEE,78,10.0,60,61,71,8.1,2.4,109790,None,No,Hostel,Yes,7.58,3,4,8.33
STU105612,18,Male,3,DS,87,5.0,70,100,71,6.5,7.0,41658,None,No,Hostel,No,5.24,1,0,9.14
STU105613,24,Female,1,DS,47,9.6,36,30,52,5.7,1.1,19190,School,No,Day Scholar,Yes,9.28,0,3,7.15
STU105614,22,Female,4,EEE,59,1.7,51,73,48,4.2,1.2,59691,Graduate,Yes,Day Scholar,Yes,9.62,4,3,7.45
STU105615,22,Female,6,DS,84,0.8,64,42,23,7.8,3.0,235693,Postgraduate,Yes,Day Scholar,No,6.94,6,0,5.77
STU105616,19,Female,3,CSE,46,2.3,73,34,39,6.1,3.3,258716,Postgraduate,No,Day Scholar,Yes,5.87,5,4,5.83
STU105617,18,Male,3,ECE,75,1.2,64,20,48,6.7,1.3,292847,Postgraduate,Yes,Day Scholar,Yes,9.38,0,2,6.82
STU105618,18,Female,6,CE,83,8.8,52,46,24,5.3,0.9,188311,Postgraduate,Yes,Day Scholar,Yes,9.4,6,2,7.33
STU105619,18,Male,3,CSE,99,4.6,90,38,88,4.7,6.7,88124,None,No,Day Scholar,Yes,8.0,4,1,8.3
STU105620,24,Female,8,CSE,57,9.5,65,71,43,7.9,5.6,126950,School,No,Hostel,No,7.59,1,0,7.52
STU105621,24,Female,7,ME,73,0.0,73,25,23,4.4,2.2,45635,None,Yes,Day Scholar,No,5.13,5,2,5.12
STU105622,19,Female,2,CSE,62,8.7,67,35,27,8.4,2.3,261522,None,Yes,Day Scholar,No,5.03,2,3,6.68
STU105623,23,Male,3,ECE,75,0.5,91,99,69,4.1,6.1,42294,Graduate,No,Day Scholar,No,6.53,7,4,8.48
,21,Female,8,IT,74,7.5,91,56,99,6.4,6.2,48696,None,Yes,Day Scholar,No,9.79,3,4,10
STU105625,19,Female,1,ECE,89,3.8,59,36,29,5.7,4.0,144111,Postgraduate,No,Day Scholar,No,6.28,6,2,6.33
STU105626,24,Male,5,ECE,54,5.9,38,65,51,7.6,1.9,256090,None,Yes,Day Scholar,No,9.4,8,1,8.37
STU105627,22,Male,3,IT,84,6.7,92,74,100,7.8,1.1,128741,None,Yes,Day Scholar,No,7.58,0,4,9.69
STU105628,20,Male,7,DS,46,7.0,58,98,97,6.3,4.1,207678,Graduate,No,Hostel,No,9.51,8,4,9.5
STU105629,25,Male,4,ECE,63,7.6,95,47,41,4.4,2.3,244679,Postgraduate,No,Day Scholar,No,5.46,8,2,8.32
STU105630,18,Male,4,CSE,76,9.3,92,48,55,5.7,2.9,240322,Postgraduate,No,Hostel,No,8.86,1,3,9.05
STU105631,23,Female,5,ME,83,4.0,92,27,25,8.4,7.5,83967,Graduate,No,Day Scholar,Yes,8.39,4,2,7.31
STU105632,24,Male,2,ECE,52,6.4,57,48,28,6.0,8.8,64709,Graduate,No,Hostel,Yes,7.88,2,4,6.04
STU105633,21,Female,3,CSE,56,7.2,85,90,32,6.5,8.3,165338,School,No,Hostel,No,7.48,3,0,7.76
STU105634,18,Male,3,ME,52,10.0,65,68,45,5.8,5.3,277669,Grad,No,Day Scholar,No,7.78,6,1,8.43
STU105635,22,Male,3,ECE,55,9.5,65,98,52,8.0,4.4,286010,None,No,Day Scholar,Yes,8.27,2,1,9.11
STU105636,25,Male,5,ME,64,7.1,91,24,98,7.7,6.2,164266,School,Yes,Day Scholar,No,9.61,2,4,8.71
STU105637,25,Male,7,CSE,46,1.4,57,35,78,6.5,1.7,44311,School,Yes,Hostel,Yes,9.27,5,3,6.66
STU105638,22,Female,1,ME,45,0.9,94,77,91,8.9,4.1,265648,None,Y,Day Scholar,No,5.21,1,3,7.31
STU105639,23,Female,8,IT,73,2.9,76,55,31,5.7,4.5,176057,None,Yes,Hostel,Yes,5.14,0,0,6.25
STU105640,25,Female,5,CSE,88,7.4,91,100,79,6.5,7.2,199543,Graduate,No,Hostel,No,6.52,1,3,9.89
STU105641,23,Female,3,CE,74,0.1,56,56,83,4.7,1.0,100647,School,Yes,Day Scholar,No,5.19,4,4,6.61
STU105642,25,Female,5,EEE,57,0.1,67,44,58,4.3,0.6,210900,Postgraduate,Yes,Day Scholar,Yes,6.51,8,3,6.93
STU105643,18,Male,3,ECE,71,3.9,63,70,66,8.4,0.6,211599,School,Yes,Day Scholar,No,7.7,7,2,9.03
STU105644,21,Male,4,DS,51,9.6,100,86,57,5.6,3.3,179069,School,Yes,Hostel,Yes,7.34,3,3,8.89
STU105645,25,Female,7,ME,74,0.4,76,37,78,7.7,5.9,70813,Postgraduate,No,Day Scholar,Yes,8.55,6,3,7.13
STU105646,20,Female,4,IT,50,7.5,38,52,47,5.0,4.6,238543,Graduate,No,Hostel,No,5.52,2,4,6.08
STU105647,25,Female,7,ME,56,5.0,38,40,44,6.2,1.3,36169,Postgraduate,No,Day Scholar,Yes,7.48,2,3,5.4
STU105648,24,Female,5,ME,99,8.3,52,39,83,7.9,6.8,95285,None,No,Hostel,Yes,7.69,1,1,9.46
STU105649,20,Male,6,CSE,66,9.9,45,51,57,5.0,3.3,234605,School,No,Day Scholar,Yes,7.55,4,0,7.39
STU105650,24,Female,4,CSE,61,3.8,95,20,20,4.3,8.5,246175,School,No,Hostel,No,9.46,3,1,6.05
STU105651,23,Male,1,DS,45,5.7,52,74,39,7.5,6.0,41073,Graduate,No,Hostel,Yes,9.65,8,4,7.4
STU105652,18,Female,7,CE,65,2.1,49,39,93,5.5,7.6,242121,School,No,Day Scholar,Yes,7.11,0,4,7.37
STU105653,18,Male,7,DS,97,7.1,40,99,46,8.6,8.6,282367,Postgraduate,Yes,Hostel,Yes,6.94,2,0,8.73
,25,Female,6,IT,47,2.6,56,74,20,7.4,4.8,278016,Postgraduate,No,Day Scholar,Yes,5.6,8,2,6.12
STU105655,22,Female,2,CE,85,4.9,91,80,24,4.5,5.5,173228,School,Yes,Day Scholar,Yes,5.04,8,4,6.78
STU105656,23,Male,1,CE,79,1.3,70,50,89,8.9,2.8,199814,School,Yes,Day Scholar,No,9.15,5,4,8.39
STU105657,20,Female,5,CE,76,6.9,64,91,74,5.4,8.9,269493,Postgraduate,Y,Hostel,Yes,7.5,4,2,9.53
STU105658,18,Female,5,DS,83,8.5,91,70,92,8.5,8.5,71498,Graduate,No,Hostel,No,9.22,0,0,10
STU105659,18,Male,4,CSE,45,6.0,52,47,59,8.9,3.8,232574,School,Yes,Hostel,No,5.04,8,0,6.78
STU105660,21,Female,6,EEE,81,1.6,62,89,56,8.1,6.5,167271,School,No,Hostel,No,7.09,6,1,7.58
STU105661,25,Male,4,DS,76,7.0,41,28,39,5.9,1.3,144711,Graduate,Yes,Hostel,Yes,8.48,4,3,7.36
STU105662,22,Female,6,ECE,99,0.5,99,51,53,6.7,3.3,125442,Graduate,Yes,Day Scholar,Yes,6.35,0,2,7.8
STU105663,25,Male,1,EEE,72,1.6,86,51,50,6.9,2.3,228865,None,Yes,Hostel,Yes,9.05,6,3,7.9
STU105664,23,Female,7,ECE,78,8.9,50,35,100,5.9,5.6,292542,None,No,Hostel,No,9.35,2,0,9.09
STU105665,20,Female,6,CE,83,2.9,70,66,96,7.6,5.6,263470,None,Yes,Day Scholar,No,9.26,0,0,8.62
STU105666,25,Male,2,CE,85,3.9,64,73,79,7.4,5.6,179860,School,Yes,Hostel,No,9.48,6,4,8.78
STU105667,23,Male,2,CSE,80,3.5,86,72,96,5.8,6.8,107832,Graduate,No,Day Scholar,Yes,8.65,8,2,9.62
STU105668,21,Female,7,CE,79,3.7,84,50,38,7.6,4.3,85547,None,No,Hostel,No,5.27,0,3,6.82
STU105669,20,Male,8,ME,96,0.6,83,56,94,4.6,1.8,251417,Graduate,No,Hostel,No,6.21,6,2,8.96
STU105670,21,Female,1,EEE,61,8.2,84,98,66,5.9,6.9,117470,School,Yes,hostel,Yes,5.16,0,4,8.99
STU105671,23,Male,7,CSE,61,0.4,98,96,58,6.2,0.5,154140,Graduate,No,Day Scholar,,8.95,5,2,8.02
STU105672,24,Male,6,EEE,51,9.6,82,31,52,6.7,6.4,209027,School,Yes,Hostel,No,5.28,7,0,7.35
STU105673,24,Male,8,DS,66,8.4,38,89,85,5.6,0.9,67436,Postgraduate,No,Hostel,No,6.16,5,2,8.29
STU105674,24,Male,2,CE,97,5.7,74,61,76,4.5,3.1,171517,Graduate,No,hostel,Yes,6.19,4,1,8.44
STU105675,24,Female,8,CSE,57,5.1,54,64,37,8.1,4.5,96912,Postgraduate,No,Day Scholar,No,6.85,1,2,12
STU105676,21,Female,1,ECE,71,0.3,75,67,47,4.9,3.9,23273,None,No,Hostel,No,6.84,8,1,6.74
STU105677,18,Male,4,CE,94,7.1,72,90,56,7.7,4.7,221314,Postgraduate,Yes,Hostel,No,11.5,4,2,8.84
STU105678,23,Female,3,EEE,60,9.4,80,79,80,4.4,6.7,168241,None,Yes,Hostel,Yes,9.56,1,4,9.74
STU105679,21,Male,7,DS,45,4.3,97,83,78,6.5,2.6,76055,Postgraduate,Yes,Hostel,No,8.5,6,3,9.22
STU105680,24,Female,6,IT,95,6.4,70,79,67,7.5,3.2,15179,Graduate,No,Day Scholar,,8.89,6,4,10
STU105681,24,Male,7,CSE,51,9.3,66,38,52,8.3,3.5,135198,Postgraduate,No,Hostel,No,9.24,3,0,8.29
STU105682,23,Male,4,EEE,97,6.7,83,75,67,6.7,0.7,113072,Postgraduate,No,Day Scholar,No,7.2,0,3,8.43
STU105683,24,Male,7,ECE,71,5.6,95,96,72,7.1,7.8,144936,Postgraduate,Yes,Day Scholar,No,6.88,5,3,9.4
STU105684,23,Male,7,ME,92,0.5,44,78,58,7.2,5.2,248523,None,Yes,Hostel,No,7.1,1,4,6.33
STU105685,25,Male,8,CSE,84,2.6,85,61,59,5.2,6.2,202630,None,No,Hostel,No,6.85,3,2,8.26
STU105686,18,Male,1,EEE,73,2.0,99,91,96,7.4,6.4,142704,School,Yes,Day Scholar,No,9.12,8,4,9.91
STU105687,20,Male,7,EEE,89,8.4,60,83,45,7.2,0.6,234797,Graduate,No,Hostel,Yes,5.63,3,3,8.93
STU105688,25,Male,2,CSE,70,8.4,42,73,35,5.8,3.7,213951,Graduate,No,Day Scholar,Yes,8.43,3,0,8.0
STU105689,23,Male,1,EEE,99,6.3,80,100,53,8.3,2.3,162128,None,Yes,Hostel,Yes,6.84,1,4,9.29
STU105690,24,Female,5,EEE,92,3.5,87,44,69,9.0,8.1,269632,Graduate,Yes,Hostel,No,7.64,8,3,8.88
STU105691,20,Female,4,EEE,86,8.2,76,38,85,6.8,4.4,105362,None,Yes,Hostel,No,7.07,5,3,8.54
STU105692,19,Female,7,DS,74,7.2,58,30,80,7.0,5.3,267139,None,Yes,Day Scholar,No,8.53,8,3,7.83
STU105693,25,Male,2,IT,98,0.4,54,66,27,7.9,6.2,210682,Graduate,Yes,Day Scholar,No,5.48,4,2,6.45
STU105694,19,Female,8,CSE,65,6.1,76,66,32,6.8,8.8,148057,Graduate,Yes,Hostel,Yes,7.29,7,4,7.32
STU105695,22,Female,4,ME,47,0.9,94,26,68,4.9,1.0,121482,Graduate,Yes,Day Scholar,No,6.52,3,3,7.01
STU105696,25,Female,2,EEE,54,3.4,48,72,36,4.4,2.4,204537,School,No,Day Scholar,Yes,11.5,3,2,6.66
STU105697,19,Female,4,ME,92,7.7,62,58,98,8.6,4.0,138179,Graduate,Yes,Day Scholar,Yes,7.64,3,3,10
STU105698,25,Male,4,ME,45,2.8,85,69,80,5.8,7.2,273620,None,Yes,Hostel,No,9.69,2,4,8.2
STU105699,25,Female,5,CE,90,0.0,38,53,45,4.5,0.6,272109,School,Yes,Day Scholar,Yes,9.56,1,0,5.99
STU105700,25,Male,6,DS,49,2.6,55,42,89,5.1,5.9,87617,School,No,Hostel,No,9.15,1,2,7.44
STU105701,25,Female,8,EEE,54,2.8,100,87,71,5.7,5.1,151129,None,Yes,Hostel,Yes,5.14,5,3,8.05
STU105702,24,Male,2,CSE,55,6.9,63,57,48,7.8,2.1,258446,School,Yes,Day Scholar,No,6.62,7,1,8.35
STU105703,20,Male,7,DS,78,7.4,82,67,49,7.2,6.9,154877,Postgraduate,No,Hostel,No,6.79,6,0,9.2
STU105704,19,Male,4,DS,88,6.3,85,43,51,7.5,4.8,177825,None,Yes,Hostel,No,11.5,0,3,7.64
STU105705,23,Male,2,EEE,96,1.5,70,50,52,4.2,7.0,19379,Postgraduate,No,Day Scholar,No,8.9,2,0,7.98
STU105706,21,Male,6,IT,86,5.3,96,85,76,5.1,5.4,91492,School,Yes,Day Scholar,Yes,7.18,1,4,8.72
STU105707,21,Female,2,DS,73,5.3,50,93,88,9.0,8.5,239100,Postgraduate,Yes,Day Scholar,Yes,9.2,5,2,9.87
STU105708,25,Female,7,CSE,58,9.8,37,77,45,8.7,3.8,242462,School,No,Hostel,Yes,6.89,7,2,7.5
STU105709,19,Female,8,CE,90,6.8,49,91,39,8.6,3.6,225422,None,Yes,Day Scholar,Yes,7.7,1,0,7.94
STU105710,22,Female,3,ECE,88,8.8,73,20,72,7.5,7.0,214893,School,No,Hostel,Yes,7.71,5,2,8.8
STU105711,21,Female,2,IT,98,3.9,93,46,-10,6.2,5.9,199393,Postgraduate,No,Day Scholar,No,5.53,3,4,8.83
STU105712,22,Male,2,DS,56,5.2,44,39,40,8.3,3.6,246681,Postgraduate,No,Day Scholar,Yes,5.66,8,3,6.15
STU105713,23,Female,5,DS,93,0.2,60,88,38,4.5,7.9,251425,None,No,Day Scholar,No,5.74,1,4,6.91
STU105714,25,Female,6,DS,96,4.0,48,37,85,6.8,4.3,48037,Postgraduate,Yes,Day Scholar,No,5.97,2,2,8.12
STU105715,21,Male,4,ECE,49,3.0,84,48,72,7.6,5.8,154784,Postgraduate,Yes,Hostel,No,6.06,4,2,7.81
STU105716,18,Male,1,IT,48,7.6,97,67,51,4.9,1.2,117252,Graduate,No,Day Scholar,No,5.96,1,1,8.23
STU105717,19,Male,5,EEE,61,5.0,100,81,68,5.9,3.2,168013,Graduate,No,Day Scholar,No,7.23,2,3,7.92
STU105718,24,Male,2,ME,63,0.1,83,69,89,7.9,5.6,177542,Graduate,Yes,Hostel,No,8.09,4,1,8.69
STU105719,20,Female,1,ME,56,4.4,61,77,87,6.7,3.4,188043,Graduate,Yes,Hostel,No,5.33,3,0,8.2
STU105720,20,Female,6,EEE,65,5.0,73,65,52,5.4,3.4,277303,Postgraduate,Yes,Hostel,No,6.16,5,4,7.82
STU105721,23,Male,7,ECE,70,7.7,59,87,65,6.1,6.8,138280,Postgraduate,Yes,Hostel,No,9.51,0,3,8.51
STU105722,22,Female,4,ECE,70,3.5,54,67,38,8.8,5.8,180022,Postgraduate,Yes,Hostel,Yes,8.47,1,3,6.85
STU105723,20,Female,7,DS,66,4.2,87,35,58,6.9,7.6,149370,Graduate,No,Day Scholar,No,7.51,8,0,8.03
STU105724,18,Female,5,EEE,62,4.1,54,88,82,6.4,6.2,59567,School,Yes,Hostel,No,8.43,6,1,8.87
STU105725,20,Female,7,DS,73,7.7,84,84,55,4.2,1.4,253119,Postgraduate,No,Hostel,Yes,6.27,8,4,8.29
STU105726,25,Male,1,CE,46,2.9,36,54,61,7.9,2.4,157518,School,Yes,Hostel,Yes,6.56,6,3,6.04
STU105727,22,Female,8,IT,56,-3,50,77,68,7.5,4.3,85393,Graduate,Yes,Hostel,Yes,6.35,5,1,7.43
STU105728,24,Male,4,CSE,71,2.6,58,48,55,4.1,6.7,267118,Graduate,Y,Day Scholar,No,8.93,0,3,7.08
STU105729,25,Male,2,DS,85,6.6,48,34,76,4.3,6.7,103995,Postgraduate,No,Day Scholar,No,8.01,3,0,8.43
STU105730,23,Female,1,CE,57,1.7,65,47,55,7.8,2.2,40785,Graduate,No,Day Scholar,Yes,7.28,7,2,7.02
STU105731,18,Male,7,CE,86,8.9,98,84,97,8.0,1.1,70527,Postgraduate,Yes,Day Scholar,Yes,9.62,6,2,10
STU105732,22,Male,7,DS,86,1.0,36,67,20,5.1,6.2,92694,School,No,Hostel,Yes,8.37,6,2,6.73
STU105733,20,Female,7,CSE,86,5.5,61,66,99,8.3,7.0,296689,None,Yes,Day Scholar,No,7.14,1,1,9.56
STU105734,23,Male,6,DS,77,2.2,77,22,24,5.0,3.2,159121,School,No,Hostel,Yes,7.48,6,3,6.32
STU105735,20,Female,7,IT,78,9.0,71,47,36,5.4,8.5,176515,Postgraduate,No,Day Scholar,Yes,6.12,3,2,6.93
STU105736,18,Male,1,CSE,73,2.6,84,22,56,8.4,5.1,127208,Graduate,No,Day Scholar,No,6.46,2,1,7.06
STU105737,23,Female,3,ECE,66,1.1,36,24,38,5.4,7.1,50007,None,No,Day Scholar,No,7.47,6,2,4.96
STU105738,25,Male,9,EEE,96,4.6,95,63,64,6.3,3.2,282877,Graduate,Yes,Hostel,Yes,8.44,6,4,8.41
STU105739,23,Female,1,ME,61,3.0,73,87,61,5.0,9.0,38448,School,No,Hostel,No,7.7,7,2,8.56
STU105740,22,Female,6,ECE,76,8.8,74,29,28,5.2,6.0,246879,None,No,Day Scholar,Yes,5.67,6,0,6.91
STU105741,25,Female,7,CSE,100,4.7,85,99,57,5.2,6.6,298967,Postgraduate,No,Day Scholar,No,7.16,4,4,8.43
STU105742,21,Female,6,EEE,55,7.0,86,85,29,8.4,7.0,124330,Graduate,Yes,Hostel,Yes,6.95,8,0,7.6
STU105743,19,Female,1,ECE,92,2.5,42,89,39,4.5,8.7,58695,None,No,Hostel,No,5.53,8,1,7.19
STU105744,18,Female,7,EEE,50,4.5,59,69,52,7.3,2.8,31429,None,Yes,Hostel,No,8.73,8,?,7.67
STU105745,23,Male,2,CSE,76,6.6,51,82,88,6.5,2.0,184216,Postgraduate,Yes,Day Scholar,Yes,6.41,0,1,8.78
STU105746,21,Male,6,CE,92,4.3,47,88,55,6.1,5.2,95191,None,Yes,Hostel,Yes,5.32,7,2,7.84
STU105747,20,Female,9,CE,76,2.3,81,25,55,5.7,8.9,111592,Graduate,No,Hostel,Yes,6.16,4,0,6.87
STU105748,18,Male,3,IT,64,1.5,78,60,20,7.5,4.7,295876,None,Yes,Day Scholar,Yes,7.08,1,2,6.74
STU105749,23,Male,6,IT,69,0.7,91,48,46,7.7,8.6,235990,Graduate,Yes,Day Scholar,No,9.32,0,0,7.25
STU105750,24,Female,6,DS,83,4.3,70,47,75,7.7,8.0,103302,Postgraduate,Yes,Hostel,No,5.63,0,0,7.79
STU105751,18,Male,8,EEE,72,9.9,56,39,52,5.6,3.6,62380,None,No,Hostel,Yes,7.76,8,3,7.71
STU105752,21,Male,8,CE,95,9.9,48,95,67,4.8,6.6,279040,Postgraduate,No,Day Scholar,No,5.41,6,3,9.34
STU105753,24,Male,1,IT,65,3.0,62,49,51,4.9,6.1,161822,None,Yes,Day Scholar,Yes,7.34,7,2,7.1
STU105754,20,Male,5,ME,49,7.7,99,65,86,6.1,6.2,211115,Graduate,No,Hostel,No,7.91,7,2,10
STU105755,19,Female,7,ME,99,3.8,87,67,25,4.5,4.8,137383,Postgraduate,Yes,Hostel,Yes,6.7,2,4,7.02
STU105756,24,Male,7,DS,50,2.6,58,65,63,6.9,4.7,157859,School,Yes,Hostel,Yes,6.28,0,1,6.05
STU105757,25,Female,6,CE,68,6.6,83,38,48,7.0,8.1,77624,School,Yes,Hostel,Yes,8.11,6,2,7.08
STU105758,21,Female,2,CSE,95,2.2,61,75,59,7.6,7.7,157972,Postgraduate,No,Hostel,No,9.65,0,2,8.2
STU105759,23,Female,7,EEE,98,3.9,83,38,95,4.2,0.8,26859,Graduate,Yes,Hostel,Yes,6.78,2,1,9.04
STU105760,18,Female,6,IT,78,0.6,87,81,98,5.2,7.5,101418,Postgraduate,Yes,Hostel,No,6.55,4,3,9.15
STU105761,20,Female,3,ECE,47,2.1,99,39,77,6.4,,256512,Graduate,No,Hostel,No,5.32,4,1,7.62
STU105762,22,Male,8,AI&ML,56,4.3,55,74,40,6.7,5.2,33401,None,Yes,Day Scholar,Yes,5.61,5,3,6.96
STU105763,20,Female,4,ECE,100,6.6,52,70,41,8.9,4.8,82576,None,Yes,Hostel,Yes,7.55,7,0,9.22
STU105764,18,Female,6,EEE,84,9.7,37,81,51,7.5,0.7,167897,None,No,Hostel,Yes,9.09,3,0,9.64
STU105765,19,Male,3,IT,92,1.7,98,28,82,8.3,1.9,112003,Postgraduate,No,Day Scholar,Yes,6.7,5,2,8.18
STU105766,24,Male,3,CSE,68,2.7,80,76,91,5.1,2.0,145718,Postgraduate,No,Day Scholar,No,8.18,8,2,8.54
STU105767,20,Female,8,EEE,53,5.4,48,34,54,7.6,5.6,216100,None,Yes,Hostel,Yes,6.72,4,0,7.32
STU105768,21,Female,4,ECE,52,9.7,64,51,39,6.1,3.2,62098,Postgraduate,No,Day Scholar,Yes,7.77,2,2,7.35
STU105769,24,Female,4,IT,65,7.1,97,31,30,4.9,7.4,29386,School,No,Day Scholar,Yes,8.57,5,1,7.02
STU105770,18,Female,8,CE,94,2.4,58,30,71,7.2,6.6,128676,Postgraduate,No,Day Scholar,No,7.77,6,0,7.63
STU105771,21,Male,7,IT,49,4.3,53,89,78,7.6,7.8,291121,Postgraduate,Yes,Hostel,Yes,8.73,4,4,8.7
STU105772,25,Male,8,CSE,99,5.2,50,56,71,8.3,2.4,230839,School,Yes,Hostel,Yes,5.23,8,3,7.99
STU105773,25,Female,7,ME,47,1.5,55,54,91,7.7,2.9,215922,Graduate,Yes,Hostel,Yes,8.91,2,3,7.55
STU105774,18,Female,3,CSE,97,9.5,48,32,20,6.2,4.1,282742,Postgraduate,Yes,Hostel,No,5.94,0,2,7.04
STU105775,24,Female,6,EEE,94,5.3,97,97,38,8.4,1.3,294871,Graduate,Yes,Day Scholar,Yes,9.25,7,3,9.01
STU105776,18,Male,2,IT,60,2.7,52,100,78,5.7,3.7,43336,None,Yes,Hostel,No,9.21,2,4,8.07
STU105777,22,Male,2,ME,64,0.8,89,44,48,7.8,1.9,114635,School,Yes,Day Scholar,No,5.17,6,1,6.4
STU105778,19,Male,2,DS,82,7.8,78,33,45,6.4,8.2,146493,None,Yes,Day Scholar,No,8.97,6,1,8.11
STU105779,20,Female,6,CSE,94,2.1,77,96,52,5.4,2.5,24834,None,No,Day Scholar,Yes,7.06,7,1,9.01
STU105780,18,Female,2,ECE,94,4.7,43,58,84,5.2,5.1,269083,Graduate,Yes,Day Scholar,Yes,9.13,4,0,8.2
STU105781,24,Female,3,CSE,92,3.0,88,55,55,7.9,0.8,213412,School,No,Day Scholar,No,9.58,7,1,8.75
STU105782,24,Male,7,EEE,97,8.8,36,62,85,8.7,8.9,111962,Postgraduate,Yes,Hostel,Yes,8.72,4,3,9.33
STU105783,25,Female,1,ME,48,5.0,75,56,94,7.5,2.4,238004,Graduate,No,Day Scholar,Yes,9.74,7,0,9.96
STU105784,21,Male,5,EEE,82,7.6,79,23,82,6.3,7.1,156093,School,No,Day Scholar,No,8.5,6,4,8.9
STU105785,22,Male,6,CSE,80,8.6,81,40,85,4.8,6.2,259274,None,Yes,Day Scholar,Yes,9.48,5,0,9.84
STU105786,24,Female,7,ECE,48,3.4,78,87,69,7.0,7.6,206248,Graduate,Yes,Hostel,Yes,5.72,8,4,8.26
STU105787,24,Male,7,CSE,98,8.1,41,58,74,8.3,8.5,86243,Postgraduate,Yes,Hostel,,8.11,3,3,9.2
STU105788,23,Male,4,DS,88,8.7,48,77,76,4.9,7.4,256491,School,Yes,Hostel,No,6.25,8,4,8.64
STU105789,22,Male,1,IT,88,3.1,49,51,89,6.9,5.2,209998,Graduate,Yes,Day Scholar,Yes,7.61,5,3,7.71
STU105790,25,Female,2,ECE,89,1.3,78,51,43,6.9,0.5,131780,Graduate,Yes,hostel,No,5.09,1,2,6.75
STU105791,22,Female,7,ECE,55,4.5,84,89,93,7.0,0.6,60481,Postgraduate,Yes,Hostel,Yes,7.54,8,1,9.4
STU105792,18,Female,4,DS,55,3.8,62,33,99,5.8,1.3,164540,School,Yes,Day Scholar,Yes,7.69,4,3,8.21
STU105793,21,Male,8,IT,97,0.7,53,96,20,5.4,4.6,267971,None,No,Day Scholar,No,8.16,7,1,7.15
STU105794,20,Male,2,DS,45,7.8,74,77,83,8.3,7.8,216202,School,No,Hostel,No,9.09,3,4,8.46
STU105795,25,Male,2,CE,59,1.2,84,39,74,7.6,8.9,72639,Postgraduate,Yes,Day Scholar,Yes,6.05,1,3,6.09
STU105796,18,Female,3,CE,85,6.2,43,97,60,5.2,8.1,249574,Postgraduate,Yes,Hostel,No,7.6,8,3,9.21
STU105797,20,Female,1,IT,66,1.4,52,25,76,8.9,6.5,30317,Postgraduate,No,Hostel,Yes,8.55,5,1,6.6
STU105798,21,Male,1,CSE,51,3.1,40,74,90,8.3,3.5,105656,Postgraduate,Yes,Day Scholar,Yes,5.5,4,1,7.07
STU105799,22,Female,4,IT,83,8.6,76,34,83,7.2,1.4,80298,Graduate,Yes,Day Scholar,No,5.66,6,2,9.27
STU105800,22,Male,2,IT,97,5.4,94,43,99,5.0,4.1,141016,Graduate,No,Day Scholar,Yes,6.49,2,2,9.55
STU105801,23,Male,1,CSE,83,3.2,61,59,32,8.2,3.4,106358,Postgraduate,Yes,Day Scholar,Yes,5.34,7,2,7.5
STU105802,25,Female,8,EEE,47,2.4,53,40,44,6.0,2.9,261616,Graduate,Yes,Hostel,Yes,8.72,7,1,7.11
STU105803,21,Female,5,CSE,47,4.2,80,98,48,9.0,6.6,80892,Postgraduate,No,Day Scholar,Yes,8.97,3,0,7.83
STU105804,23,Female,7,CE,85,8.7,71,47,69,4.4,6.1,193706,School,Yes,Hostel,Yes,5.9,7,0,8.4
STU105805,24,Female,3,ME,47,8.3,48,52,44,8.5,4.8,295326,None,Yes,Day Scholar,Yes,5.53,7,4,7.34
STU105806,23,Male,8,DS,93,2.1,39,33,37,7.4,8.2,283262,None,Yes,Day Scholar,Yes,7.15,4,4,5.69
STU105807,18,Female,3,EEE,74,9.7,37,96,55,6.8,4.7,36604,Graduate,Yes,Day Scholar,No,5.09,8,1,9.21
STU105808,25,Male,8,IT,82,7.7,69,97,41,4.4,1.1,176405,None,No,Day Scholar,,6.44,1,2,7.73
STU105809,23,Female,3,IT,71,9.2,100,30,59,4.4,6.7,48380,School,No,Day Scholar,No,6.89,8,4,7.67
STU105810,23,Male,1,CSE,79,0.5,39,61,43,7.4,3.8,258232,Postgraduate,Yes,Day Scholar,No,6.73,0,4,5.46
STU105811,24,Female,8,CE,78,7.8,60,83,47,8.0,8.2,298174,None,Yes,Day Scholar,No,5.11,3,3,7.24
STU105812,21,Male,3,CE,50,2.8,75,49,76,4.7,7.7,207152,School,Yes,Day Scholar,Yes,8.21,0,0,7.6
STU105813,19,Male,4,CE,,3.0,93,92,40,4.5,2.1,255648,School,Yes,Hostel,Yes,6.61,2,4,6.83
STU105814,18,Female,1,CE,59,9.2,45,54,25,5.1,2.3,281913,School,No,Hostel,Yes,6.4,1,1,6.79
STU105815,24,Female,4,CSE,89,5.6,53,37,68,8.5,7.0,89556,Graduate,No,Day Scholar,Yes,8.73,3,0,7.96
STU105816,22,Male,1,ECE,49,1.4,54,56,47,6.2,2.6,168044,Graduate,Yes,Day Scholar,No,5.38,2,3,5.97
STU105817,19,Male,1,ECE,51,7.1,75,54,72,6.6,4.5,91295,Postgraduate,No,Day Scholar,Yes,8.68,7,3,8.52
STU105818,19,Female,1,ECE,91,0.7,35,50,28,6.5,2.7,112801,Postgraduate,No,Day Scholar,No,8.59,4,4,5.52
STU105819,25,Female,4,DS,56,1.9,91,55,51,5.0,7.4,124741,School,No,Hostel,No,5.45,5,0,7.34
STU105820,19,Female,7,ECE,86,5.7,72,42,39,7.4,0.9,214119,School,No,Day Scholar,No,6.09,5,2,7.93
STU105821,20,Female,6,ME,86,0.4,63,62,41,4.3,7.3,125956,School,Yes,Hostel,Yes,7.58,6,0,6.1
STU105822,23,Male,7,ECE,77,2.7,93,75,89,7.3,1.8,279509,Graduate,Yes,Day Scholar,No,6.05,4,3,9.05
STU105823,25,Male,4,EEE,75,1.6,63,25,79,5.3,1.0,251104,Postgraduate,Yes,Hostel,Yes,5.52,3,1,7.26
STU105824,18,Female,2,ME,70,2.7,92,73,85,6.2,5.7,250274,Graduate,Yes,Hostel,Yes,5.92,0,4,8.2
STU105825,24,Female,3,ECE,54,3.6,94,57,65,7.2,5.8,117354,School,No,Day Scholar,Yes,6.51,4,1,7.54
STU105826,20,Female,4,EEE,76,9.2,41,25,57,8.7,6.4,18472,Graduate,Yes,Hostel,No,9.71,3,3,8.21
STU105827,22,Female,8,IT,67,1.1,55,75,67,eight,1.7,236761,Postgraduate,Yes,Day Scholar,Yes,5.05,8,4,7.23
STU105828,21,Female,8,CSE,53,8.3,100,76,62,8.5,0.7,247723,School,No,Day Scholar,Yes,7.54,3,2,8.84
STU105829,22,Female,9,IT,91,5.6,79,22,49,8.9,2.6,82520,School,No,Day Scholar,No,8.95,5,2,8.39
STU105830,19,Female,4,CSE,70,4.3,76,94,50,5.6,3.0,55977,School,Yes,Day Scholar,Yes,5.62,6,4,7.84
STU105831,24,Male,4,ECE,71,7.8,99,100,99,7.9,4.5,43759,School,Yes,Hostel,No,5.97,7,3,10
STU105832,21,Female,8,IT,58,10.0,42,56,32,7.4,7.7,101328,Postgraduate,No,Day Scholar,Yes,5.25,7,3,6.59
STU105833,23,Male,6,CSE,83,4.2,63,68,40,4.9,4.9,265502,Graduate,Yes,Day Scholar,No,7.95,0,1,6.89
STU105834,18,Female,3,CE,64,4.5,47,23,30,4.5,2.8,115989,School,Yes,Day Scholar,Yes,11.5,7,2,6.32
STU105835,21,Male,2,EEE,74,2.4,80,90,25,7.8,8.1,221012,Graduate,Yes,Day Scholar,No,5.57,8,4,6.66
STU105836,23,Female,7,ME,59,8.0,64,94,47,4.4,1.6,84437,None,Yes,Day Scholar,Yes,6.55,4,3,8.55
STU105837,19,Female,3,IT,90,1.4,40,34,36,6.6,3.7,146275,Postgraduate,Yes,Hostel,No,7.71,3,3,5.3
STU105838,20,Female,2,CE,88,6.2,59,69,77,7.4,8.7,183167,None,No,Hostel,No,9.17,8,1,9.9
STU105839,21,Female,3,CSE,95,2.2,40,50,57,7.1,1.2,299670,Postgraduate,Yes,Day Scholar,No,5.57,0,4,5.8
STU105840,20,Male,7,CE,85,3.1,63,24,23,8.7,5.8,78293,School,No,Hostel,No,8.25,5,3,6.51
STU105841,23,Female,7,EEE,86,9.3,89,55,76,7.1,1.2,18135,Postgraduate,Yes,Day Scholar,No,5.6,3,4,8.6
STU105842,25,Male,2,ECE,50,9.8,54,75,35,7.3,9.0,181565,None,Yes,Hostel,Yes,9.33,0,2,8.09
STU105843,23,Female,6,CSE,52,8.6,86,23,58,7.8,8.3,90671,Postgraduate,No,Day Scholar,Yes,6.82,0,0,6.86
STU105844,19,Male,6,EEE,74,1.6,81,70,56,4.7,1.6,241602,School,No,Hostel,No,5.4,0,1,6.46
STU105845,18,Female,2,EEE,52,4.2,36,97,72,5.8,5.0,206838,Graduate,Yes,Day Scholar,Yes,7.11,8,4,7.67
STU105846,19,Male,5,ECE,75,1.3,61,68,64,6.8,0.5,141043,School,No,Day Scholar,No,5.67,8,1,7.5
STU105847,21,Female,7,CSE,55,3.9,79,39,39,6.3,7.3,73570,None,Yes,Day Scholar,No,5.94,5,0,6.25
STU105848,23,Male,2,EEE,55,2.9,79,74,52,4.1,5.4,239099,School,No,Day Scholar,No,7.54,7,4,7.88
STU105849,25,Female,1,ME,90,2.7,46,50,92,7.8,0.6,126772,Postgraduate,Yes,Day Scholar,Yes,6.89,1,1,7.8
STU105850,23,Male,8,IT,73,2.1,65,20,69,6.2,4.7,176258,None,Yes,Hostel,No,6.02,1,2,6.18
STU105851,20,Female,2,DS,60,2.4,65,98,88,5.6,3.5,168407,Postgraduate,No,Hostel,No,9.35,0,0,8.93
STU105852,22,Female,3,CSE,89,2.4,94,57,24,4.1,0.9,164985,School,Yes,Hostel,No,5.8,6,2,7.16
STU105853,20,Male,4,ECE,53,0.6,68,64,75,4.6,8.3,244897,School,No,Hostel,No,9.75,2,0,7.47
STU105854,21,Female,8,ME,65,0.5,100,92,88,5.8,7.9,163550,None,No,Hostel,Yes,8.91,3,0,9.61
STU105855,25,Female,8,CE,60,2.0,48,78,37,4.4,6.9,262516,Graduate,Yes,Hostel,Yes,6.21,2,3,5.2
STU105856,18,Male,6,IT,52,5.4,64,99,65,7.2,1.9,27236,Postgraduate,No,Day Scholar,Yes,5.64,8,4,8.3
STU105857,21,Female,5,IT,71,7.8,97,42,87,6.6,4.6,33473,Graduate,Yes,Hostel,No,6.6,7,2,9.84
STU105858,25,Male,1,ECE,97,1.7,77,23,52,7.2,7.3,133697,Grad,Yes,Day Scholar,No,7.55,8,4,6.73
STU105859,18,Female,3,EEE,91,9.6,65,82,70,8.1,2.9,199587,School,Yes,Day Scholar,No,7.85,0,4,9.32
STU105860,25,Female,1,ME,53,5.3,77,90,40,8.6,7.2,133465,Graduate,No,Day Scholar,Yes,8.52,6,3,8.81
STU105861,21,Female,7,EEE,83,7.4,53,98,34,6.5,6.4,27910,School,No,Day Scholar,No,9.17,6,1,8.74
STU105862,19,Male,5,ECE,77,8.2,81,21,74,6.6,7.7,70830,Graduate,Yes,Day Scholar,No,6.41,6,0,8.39
STU105863,18,Female,1,IT,62,6.7,63,40,89,7.0,4.7,272670,None,Yes,Hostel,No,7.42,0,0,7.82
STU105864,22,Male,2,EEE,100,6.4,97,74,51,6.7,8.5,272336,None,Yes,Day Scholar,No,5.47,5,2,8.3
STU105865,22,Male,8,EEE,50,8.0,79,82,56,8.0,1.2,170756,Graduate,No,Hostel,No,8.43,6,0,9.63
STU105866,25,Male,2,EEE,100,8.4,80,89,-10,5.0,4.0,172548,None,Yes,Day Scholar,Yes,6.11,7,4,9.08
STU105867,19,Male,4,ME,77,7.2,45,72,94,4.2,4.0,unknown,Postgraduate,No,Hostel,Yes,8.8,2,4,8.84
STU105868,25,Female,6,ECE,56,8.5,97,69,96,4.2,7.5,221854,Graduate,Yes,Day Scholar,Yes,7.04,8,4,9.41
STU105869,18,Male,3,CE,60,6.8,64,21,46,4.9,6.4,220986,Postgraduate,Yes,Hostel,No,9.38,7,0,7.27
STU105870,22,Male,4,DS,70,3.8,71,76,37,8.1,1.3,51870,Postgraduate,No,Day Scholar,Yes,5.54,8,1,7.87
STU105871,22,Male,7,CSE,91,2.0,100,150,20,5.3,6.5,29082,School,No,Day Scholar,Yes,8.66,6,3,6.91
STU105872,21,Male,2,CSE,64,7.8,66,46,61,5.2,5.3,174319,Postgraduate,Yes,Hostel,Yes,8.91,1,2,7.75
STU105873,24,Male,3,EEE,98,2.6,79,37,45,6.0,5.0,153800,Graduate,Yes,Day Scholar,No,6.67,4,4,7.07
STU105874,20,Female,2,ME,71,2.8,48,94,33,4.6,9.0,80349,Postgraduate,Yes,Day Scholar,No,6.77,3,2,5.9
STU105875,18,Female,2,CSE,97,4.9,39,86,38,6.2,3.4,124135,Postgraduate,No,Hostel,No,9.53,6,4,8.73
STU105876,22,Male,3,ME,97,2.8,41,20,60,5.5,4.7,290324,Graduate,Yes,Day Scholar,No,5.74,8,1,6.7
STU105877,18,Male,1,CSE,100,1.8,48,75,52,5.8,1.4,51903,Postgraduate,Yes,Hostel,No,8.15,0,0,7.53
STU105878,21,Male,4,IT,98,2.6,42,78,48,8.2,4.1,78357,None,Yes,Day Scholar,No,6.8,2,2,6.97
STU105879,20,Female,5,ME,85,9.7,72,36,80,6.3,6.6,185623,Graduate,No,Day Scholar,No,9.28,5,0,8.81
STU105880,18,Male,3,EEE,50,7.0,98,26,31,7.2,7.6,229403,Postgraduate,No,Day Scholar,No,6.25,5,1,6.73
STU105881,22,Female,2,CSE,72,1.7,50,67,48,8.5,6.8,26641,None,Yes,Day Scholar,Yes,6.08,7,1,6.86
STU105882,24,Female,8,DS,77,8.8,44,77,34,7.9,8.6,156585,None,No,Day Scholar,No,6.27,4,4,7.61
STU105883,24,Male,8,ECE,52,8.1,74,29,59,8.2,4.9,97731,School,Yes,Hostel,Yes,6.28,2,4,7.37
STU105884,21,Male,8,CE,54,6.6,45,23,20,6.5,2.8,235350,Postgraduate,Yes,Hostel,No,6.74,8,2,6.48
STU105885,19,Male,3,CE,56,9.8,63,28,23,5.2,2.0,175519,None,No,Day Scholar,Yes,6.64,1,3,6.61
STU105886,19,Female,7,DS,93,9.7,82,90,68,5.0,4.3,55440,Postgraduate,Yes,Hostel,Yes,7.26,0,4,9.54
STU105887,18,Male,5,DS,83,7.6,72,92,91,5.7,4.6,113535,None,No,Hostel,Yes,8.78,5,4,10
STU105888,25,Male,6,DS,83,7.9,81,99,95,5.8,6.3,67794,Graduate,Yes,Hostel,No,9.77,2,3,10
STU105889,19,Male,7,DS,76,2.5,59,49,24,6.4,6.7,93056,Graduate,No,Hostel,No,8.32,1,4,5.28
STU105890,23,Male,4,CE,77,8.9,79,20,77,5.9,7.9,184807,School,Yes,Day Scholar,No,6.96,4,3,8.72
STU105891,18,Female,5,ECE,94,4.8,94,42,52,8.8,8.0,134948,Postgraduate,No,Hostel,Yes,6.27,3,4,8.03
STU105892,21,Male,7,CSE,68,1.5,49,78,27,4.3,2.4,151304,Graduate,No,Day Scholar,Yes,6.21,2,2,6.48
STU105893,24,Male,6,ECE,91,6.2,42,76,84,5.1,6.6,256809,School,Yes,Hostel,No,7.93,3,2,9.01
STU105894,18,Male,4,ECE,94,9.2,75,70,32,4.2,5.1,65447,Postgraduate,No,Day Scholar,No,6.63,0,1,7.49
STU105895,25,Male,7,EEE,92,8.1,63,40,87,5.5,3.2,223018,None,No,Hostel,Yes,9.72,3,3,9.18
STU105896,25,Female,5,EEE,60,3.6,38,33,97,4.1,0.6,168934,Postgraduate,No,Day Scholar,Yes,7.34,5,4,7.05
STU105897,20,Male,8,ME,80,5.8,71,88,73,4.0,5.0,146832,Graduate,Yes,Day Scholar,Yes,7.48,5,1,8.96
STU105898,21,Female,2,EEE,46,9.7,100,65,47,6.2,5.0,253047,Graduate,Yes,Hostel,No,8.56,6,2,9.04
STU105899,22,Male,2,CE,48,7.3,58,35,58,6.8,3.5,229033,None,Yes,Hostel,No,5.99,2,4,7.27
STU105900,24,Male,4,CSE,60,7.7,40,38,82,7.3,4.8,28369,School,No,Hostel,Yes,8.16,8,1,8.09
STU105901,23,Female,1,IT,85,8.3,37,90,93,6.5,2.7,297207,None,No,Hostel,Yes,5.98,1,0,9.42
STU105902,25,Male,5,CSE,68,3.7,58,52,20,4.9,3.3,29730,None,Yes,Hostel,No,9.14,1,0,6.5
STU105903,25,Male,4,ECE,48,8.9,70,29,27,4.4,5.7,240570,School,No,Hostel,Yes,6.72,2,4,5.37
STU105904,21,Female,3,CE,72,5.9,60,38,89,7.7,5.8,287519,School,No,hostel,No,6.25,6,2,8.64
STU105905,18,Male,5,DS,61,3.7,84,40,71,8.5,4.7,120914,Graduate,Yes,Day Scholar,No,6.17,6,4,7.22
STU105906,19,Male,6,ME,65,0.8,61,95,27,8.0,3.6,88675,None,Yes,Day Scholar,Yes,7.28,4,3,7.17
STU105907,22,Female,1,CSE,63,2.5,39,31,80,8.0,6.2,224215,School,Yes,Day Scholar,Yes,9.25,8,0,7.36
STU105908,19,Female,5,ME,90,7.0,100,47,22,5.3,2.2,129020,School,No,Day Scholar,Yes,7.28,3,4,7.98
STU105909,19,Male,5,EEE,51,3.8,79,39,20,7.9,0.7,31123,None,No,Day Scholar,No,9.23,6,0,6.51
STU105910,22,Female,6,CE,45,6.0,65,62,79,7.5,6.7,85565,School,Yes,Day Scholar,No,9.62,7,1,8.43
STU105911,21,Female,3,EEE,49,4.4,48,60,85,4.4,3.4,165337,None,No,Day Scholar,Yes,7.76,2,1,8.17
STU105912,21,Male,1,ECE,100,8.3,86,92,75,8.4,5.3,169426,Postgraduate,Yes,Hostel,No,5.56,2,3,10
STU105913,19,Male,2,ECE,56,6.4,38,79,80,6.3,4.8,253193,Postgraduate,Yes,Hostel,Yes,7.52,6,4,8.57
STU105914,18,Male,4,CSE,93,5.3,65,89,-10,5.5,8.9,185871,None,No,Day Scholar,No,6.07,6,0,7.14
STU105915,24,Male,7,EEE,98,3.3,94,21,82,5.4,3.1,244057,School,No,Day Scholar,Yes,7.17,0,3,7.77
STU105916,22,Female,6,ECE,84,6.2,60,150,37,4.2,3.0,70440,Postgraduate,No,Day Scholar,No,6.28,5,1,7.45
STU105917,18,Male,1,DS,60,3.2,54,90,76,7.0,6.2,297065,Graduate,Yes,Hostel,No,8.35,6,4,7.89
STU105918,22,Male,7,DS,74,1.3,46,25,55,6.6,6.7,110960,None,No,Day Scholar,Yes,6.08,1,0,5.18
STU105919,19,Male,8,EEE,59,5.5,73,39,57,7.3,9.0,141320,None,No,Day Scholar,Yes,5.67,1,1,7.47
STU105920,19,Female,1,ME,71,6.1,67,32,31,4.6,6.7,268148,Postgraduate,No,Day Scholar,No,8.09,3,1,6.59
STU105921,20,Male,2,DS,96,1.3,90,79,79,6.0,8.6,198762,School,No,Day Scholar,Yes,8.17,8,1,9.93
STU105922,24,Male,1,CE,99,7.1,55,95,69,5.5,6.0,266197,None,Yes,Day Scholar,Yes,5.43,7,3,9.14
STU105923,23,Female,3,CSE,89,4.8,62,46,62,6.6,1.3,32465,School,Yes,Hostel,No,6.06,0,0,7.38
STU105924,25,Male,7,CE,76,8.8,53,82,44,7.0,2.1,273229,Postgraduate,Yes,Day Scholar,Yes,5.3,7,1,12
STU105925,24,Male,7,DS,65,7.3,38,75,25,8.2,3.2,269716,None,No,Day Scholar,Yes,9.53,4,3,6.99
STU105926,23,Female,1,ECE,86,0.6,42,53,23,4.8,2.5,293605,School,Yes,Day Scholar,Yes,5.85,2,3,5.37
STU105927,20,Female,4,IT,71,7.4,43,26,71,7.8,4.6,29985,None,Yes,Hostel,Yes,7.21,5,0,7.96
STU105928,22,Female,5,CSE,51,7.4,52,56,59,8.3,1.1,245772,Graduate,Yes,Hostel,No,9.23,6,1,7.78
STU105929,22,Female,3,ME,58,1.6,84,22,81,4.6,7.5,173755,Postgraduate,Yes,Day Scholar,Yes,6.97,4,1,7.39
STU105930,22,Female,2,ECE,68,5.0,46,93,87,7.2,7.3,183376,School,No,Day Scholar,No,7.53,0,3,8.37
STU105931,20,Female,6,CE,78,9.9,94,81,63,6.0,2.3,209181,Postgraduate,No,Hostel,Yes,7.25,2,4,9.78
STU105932,24,Female,2,ME,99,3.5,52,53,48,4.8,3.4,160348,School,Yes,Day Scholar,No,9.79,2,2,6.92
STU105933,24,Female,6,CE,53,2.8,79,98,72,5.1,5.3,132060,Postgraduate,No,hostel,No,9.32,1,1,7.71
STU105934,20,Female,5,DS,56,0.0,53,63,48,7.4,5.8,124193,School,Yes,Hostel,No,9.78,6,1,6.64
STU105935,21,Female,5,ME,45,9.1,39,54,98,6.6,3.9,125220,School,Yes,Day Scholar,Yes,9.18,1,1,8.34
STU105936,25,Male,7,CSE,83,9.9,84,34,86,6.7,4.1,143788,Graduate,Yes,Day Scholar,No,6.74,6,0,9.11
STU105937,18,Male,6,CE,53,6.5,49,44,56,4.6,3.5,110428,Graduate,Yes,Hostel,No,8.59,0,1,7.57
STU105938,24,Female,6,EEE,83,-3,54,66,26,6.2,3.9,20228,None,No,Day Scholar,Yes,7.38,8,0,7.58
STU105939,24,Male,2,EEE,50,1.6,76,59,65,6.4,3.3,232957,School,Yes,Day Scholar,Yes,6.07,5,2,6.69
STU105940,22,Male,7,CSE,74,5.9,61,52,66,8.2,6.4,172675,Graduate,No,Hostel,Yes,8.3,2,2,8.76
STU105941,19,Male,5,ECE,75,1.5,37,56,90,6.2,2.9,36384,Postgraduate,Yes,Hostel,Yes,11.5,8,1,8.64
STU105942,23,Male,6,ECE,74,4.2,56,29,84,8.0,1.0,90045,School,No,Day Scholar,No,8.57,4,0,7.75
STU105943,22,Female,2,DS,58,7.5,44,43,32,7.2,6.6,216651,None,No,Day Scholar,No,8.07,2,3,6.98
STU105944,23,Male,4,DS,66,6.8,86,77,71,8.5,2.9,197015,None,No,Hostel,Yes,6.28,3,1,9.72
STU105945,18,Male,8,ME,86,6.8,67,41,42,4.1,6.5,19569,None,Yes,Day Scholar,No,7.41,7,0,7.99
STU105946,19,Female,6,DS,61,2.3,95,61,80,7.2,7.3,136519,None,No,Hostel,Yes,8.91,6,3,8.89
STU105947,22,Male,2,EEE,46,7.0,49,99,93,7.4,2.9,67160,Graduate,Yes,Day Scholar,No,9.07,2,3,9.89
STU105948,23,Male,4,IT,67,9.4,71,100,81,8.7,8.1,296275,Graduate,Yes,Day Scholar,No,6.24,3,2,9.9
STU105949,23,Female,5,DS,81,5.1,69,35,40,6.9,2.9,141602,School,Yes,Hostel,Yes,8.67,2,0,7.39
STU105950,21,Male,1,EEE,83,1.3,72,100,49,7.2,4.4,88581,School,Yes,Hostel,Yes,6.89,7,4,7.9
STU105951,20,Male,8,IT,72,5.1,52,88,77,5.8,2.8,160738,Postgraduate,No,hostel,Yes,7.91,8,0,8.69
STU105952,23,Female,5,ECE,88,7.2,53,41,45,6.3,4.7,102051,Graduate,No,Day Scholar,No,5.95,4,0,7.03
STU105953,22,Female,3,ME,66,6.3,43,95,45,8.8,8.7,200952,Postgraduate,No,Day Scholar,No,9.19,6,1,8.94
STU105954,21,Male,8,CSE,48,3.7,100,26,64,5.3,7.8,270336,School,Yes,Day Scholar,Yes,5.21,8,0,7.21
STU105955,21,Male,1,ME,92,7.4,89,84,99,4.6,3.5,107384,School,Yes,Day Scholar,No,8.93,3,0,10
STU105956,24,Female,2,DS,57,8.9,46,51,24,4.5,5.3,151767,School,Yes,Day Scholar,Yes,5.84,5,0,6.47
STU105957,22,Male,1,DS,64,6.6,62,45,77,6.7,2.1,270551,Graduate,Yes,Hostel,Yes,5.56,7,2,8.32
STU105958,23,male,6,DS,47,9.9,83,22,63,6.8,5.8,88289,School,No,Hostel,Yes,8.06,2,1,7.45
STU105959,18,Female,4,DS,57,5.7,78,39,68,8.7,5.5,73056,Postgraduate,No,Hostel,Yes,7.03,8,1,7.54
STU105960,18,Male,2,EEE,91,5.9,86,81,26,4.0,5.0,48582,School,No,Hostel,No,6.48,7,0,8.21
STU105961,19,Male,1,CE,61,7.4,94,42,42,4.1,7.0,125693,School,Yes,Day Scholar,Yes,5.92,7,1,6.82
STU105962,19,Female,2,EEE,80,3.9,74,36,87,4.5,2.3,161427,Postgraduate,Yes,Day Scholar,No,6.66,1,0,7.86
STU105963,22,Female,5,CE,70,1.9,69,36,93,7.2,4.5,209818,Graduate,Yes,Hostel,Yes,8.38,0,4,8.02
STU105964,21,Female,3,IT,77,7.2,93,34,61,5.2,5.2,43145,Postgraduate,No,Day Scholar,Yes,8.1,7,1,7.87
STU105965,18,Male,8,DS,53,5.4,41,55,81,7.6,3.2,189846,School,Yes,Hostel,Yes,8.88,3,0,7.63
STU105966,23,Female,8,IT,67,9.3,74,32,29,6.7,3.4,258987,Graduate,No,Day Scholar,No,9.14,5,2,7.05
STU105967,22,Female,8,ECE,79,7.0,99,69,27,5.5,8.4,160318,None,No,Day Scholar,Yes,5.28,0,1,7.39
STU105968,22,Female,4,ECE,62,3.6,40,65,82,8.2,7.6,100146,None,Yes,Day Scholar,No,7.01,5,4,7.14
STU105969,24,Male,4,DS,45,3.9,45,53,24,5.1,4.4,224390,Postgraduate,Yes,Day Scholar,Yes,9.5,5,1,5.37
STU105970,18,Female,6,CSE,74,3.1,90,78,34,5.4,4.2,276702,None,No,Hostel,Yes,7.1,2,2,7.05
STU105971,22,Male,9,ME,55,7.9,87,48,23,8.2,2.8,135566,School,Yes,Day Scholar,No,5.7,3,2,6.95
STU105972,24,Male,3,IT,56,4.1,64,74,67,8.2,3.0,80134,Graduate,Yes,Day Scholar,No,7.19,6,2,7.68
STU105973,24,Female,4,IT,67,5.4,89,69,78,7.8,8.6,165849,School,No,Day Scholar,No,9.12,6,2,8.89
STU105974,25,Male,2,ECE,45,9.2,100,20,80,8.5,1.8,93954,None,Yes,Day Scholar,Yes,9.04,3,2,9.61
STU105975,25,Female,8,ME,88,4.7,81,72,78,8.5,2.4,unknown,School,Yes,Hostel,Yes,6.28,0,1,8.72
STU105976,19,Male,3,CSE,70,2.2,70,31,-10,5.5,4.8,57234,None,No,Day Scholar,No,5.12,2,3,7.01
STU105977,25,Male,4,ME,74,3.1,86,42,94,7.0,2.5,144115,School,Yes,Day Scholar,No,5.71,6,4,8.55
STU105978,23,Male,4,ME,80,0.9,62,36,64,4.1,3.0,180908,School,No,Day Scholar,No,8.25,1,1,6.8
STU105979,23,Male,3,CE,76,3.6,97,37,26,7.0,1.7,165023,Graduate,Yes,Hostel,Yes,8.39,0,4,6.67
STU105980,20,Female,4,IT,62,7.5,54,89,87,4.9,7.6,166997,School,No,Hostel,Yes,8.76,2,2,9.31
STU105981,23,Male,7,IT,55,2.0,38,80,24,8.1,6.3,280909,None,No,Day Scholar,Yes,9.36,3,3,5.46
STU105982,20,Male,3,EEE,95,0.6,44,43,50,5.2,6.0,275909,Graduate,Yes,Day Scholar,Yes,8.4,1,4,5.78
STU105983,21,Female,1,ECE,58,3.8,54,91,29,9.0,6.6,138016,Postgraduate,Yes,Day Scholar,No,7.8,4,4,6.61
STU105984,22,Male,8,EEE,73,9.2,36,39,36,7.4,8.8,15036,School,Yes,Hostel,Yes,8.11,7,1,7.34
STU105985,21,Male,7,IT,87,3.1,35,46,96,7.3,3.2,82072,School,Yes,Hostel,Yes,9.2,1,0,7.74
STU105986,19,Female,5,ME,47,4.5,70,94,63,4.1,4.6,194587,None,Yes,Day Scholar,Yes,6.51,6,0,7.37
STU105987,22,Male,8,CE,55,5.3,46,64,26,4.2,1.8,94318,Graduate,Yes,Day Scholar,Yes,8.06,5,2,6.19
STU105988,25,Female,4,ECE,53,0.5,89,75,93,6.6,2.5,140441,None,No,Day Scholar,Yes,6.6,5,1,8.08
STU105989,20,Female,5,DS,48,0.0,92,97,41,4.7,2.7,132604,School,Y,Hostel,Yes,7.01,6,1,6.65
STU105990,19,Male,3,EEE,47,2.0,95,64,86,9.0,3.9,269848,School,Yes,Hostel,Yes,6.54,7,1,12
STU105991,22,Female,3,EEE,98,3.8,54,69,74,5.3,5.5,184053,Postgraduate,No,Day Scholar,Yes,9.7,8,2,8.84
STU105992,18,Female,6,IT,84,0.5,60,46,82,6.0,2.2,75392,Graduate,No,Hostel,No,9.45,8,0,8.8
STU105993,19,Female,6,DS,56,2.2,73,59,93,4.9,3.3,150501,School,Yes,Day Scholar,Yes,8.2,4,2,7.97
STU105994,25,Male,3,DS,80,2.4,75,55,33,8.2,1.1,72184,Postgraduate,No,Day Scholar,Yes,5.48,6,1,6.58
STU105995,19,Male,8,CE,95,2.6,94,93,20,7.6,4.3,144203,Postgraduate,No,Hostel,No,8.59,0,3,7.95
STU105996,23,Male,2,EEE,59,8.2,75,25,37,4.9,4.6,295116,Graduate,No,Day Scholar,Yes,5.66,5,3,6.34
STU105997,20,Male,4,ECE,51,7.9,47,90,26,6.1,4.0,93205,None,Yes,Hostel,No,9.26,1,0,6.96
STU105998,18,Female,1,CE,62,8.5,97,85,85,6.2,1.4,251898,School,Yes,Day Scholar,Yes,8.3,1,2,9.93
STU105999,24,Male,7,ME,64,0.3,99,34,56,5.0,1.4,128533,School,Yes,Hostel,Yes,6.89,4,2,6.91
STU106000,20,Female,1,EEE,77,2.3,50,47,51,5.2,5.4,202173,Postgraduate,Yes,Hostel,Yes,6.45,1,3,5.48
STU106001,19,Male,7,CSE,55,3.1,59,68,73,7.1,3.2,253323,None,Yes,Hostel,Yes,6.63,4,4,7.82
STU106002,19,Female,3,DS,50,3.7,41,80,93,6.0,3.9,120300,None,Yes,Day Scholar,Yes,7.1,2,1,8.36
STU106003,21,Female,7,DS,66,9.7,72,77,53,7.8,6.4,36182,None,Yes,Hostel,No,6.34,3,0,8.53
STU106004,18,Male,6,IT,71,2.3,52,98,29,5.8,2.4,150044,Graduate,No,Hostel,No,6.45,2,0,7.2
STU106005,20,Female,4,ME,75,8.6,69,61,85,5.3,3.8,283464,None,No,Day Scholar,Yes,7.73,3,1,9.67
STU106006,19,Female,6,ECE,52,8.0,55,44,31,7.3,,166697,None,No,Hostel,No,8.16,5,2,6.79
STU106007,18,Female,6,EEE,84,3.8,87,93,47,6.2,1.6,38253,Graduate,Yes,Hostel,No,7.5,4,0,9.07
STU106008,25,Female,8,ECE,60,2.2,100,68,45,4.1,6.5,248711,None,Yes,Hostel,No,5.29,5,1,6.36
STU106009,24,Female,7,CE,97,4.6,85,95,46,5.4,7.4,185209,None,Yes,Day Scholar,Yes,6.35,1,2,8.86
STU106010,18,Male,1,CSE,79,10.0,95,79,55,8.6,3.4,120669,None,No,Hostel,Yes,7.26,6,1,10
STU106011,21,Female,5,IT,100,8.7,84,85,41,4.4,4.8,48163,Graduate,No,Day Scholar,Yes,9.11,1,4,9.19
STU106012,22,Female,8,EEE,87,8.4,N/A,95,46,6.2,4.7,169155,Postgraduate,No,Hostel,No,5.03,4,3,8.07
STU106013,18,Female,7,ME,70,1.4,87,68,85,8.4,5.0,76170,Graduate,Yes,Day Scholar,No,8.61,7,4,9.57
STU106014,18,Female,7,ECE,58,0.9,37,82,86,8.3,2.9,104897,Graduate,Yes,Hostel,Yes,9.62,8,3,8.92
STU106015,25,Male,7,ECE,77,8.3,48,68,53,7.6,7.9,80725,None,Yes,Hostel,No,8.25,7,1,8.62
STU106016,19,Female,3,DS,93,4.3,86,29,93,4.5,8.5,46936,Postgraduate,No,Hostel,No,6.2,7,1,8.17
STU106017,19,Male,3,DS,88,6.7,98,88,41,6.8,2.1,108713,None,No,Day Scholar,Yes,5.77,4,1,9.01
STU106018,18,Female,4,CSE,73,0.1,81,36,82,8.8,8.8,176177,School,Yes,Hostel,Yes,6.25,0,3,6.27
STU106019,19,Female,6,ME,97,1.5,54,35,24,7.3,3.4,96804,None,No,Hostel,No,5.66,0,1,5.38
STU106020,24,Male,6,EEE,77,5.7,59,48,95,8.3,3.2,49086,None,Yes,Hostel,No,8.53,0,3,8.36
STU106021,22,Male,6,EEE,80,3.1,44,68,92,4.9,5.6,74157,School,Yes,Hostel,No,5.23,1,4,7.73
STU106022,24,Female,7,EEE,73,4.8,83,58,59,4.3,1.9,51148,Postgraduate,Yes,Day Scholar,Yes,7.51,8,3,8.13
STU106023,25,Male,6,EEE,80,2.0,58,71,79,7.1,3.6,164418,Graduate,No,Hostel,No,5.05,1,3,7.22
STU106024,21,Male,2,IT,61,7.5,67,27,42,7.2,0.5,298802,Graduate,Yes,Hostel,Yes,6.43,8,4,6.83
STU106025,23,Female,7,CE,76,2.0,97,78,92,8.3,5.4,255250,School,Yes,Day Scholar,Yes,7.66,7,4,9.91
STU106026,24,Female,6,IT,79,2.2,42,29,37,6.9,8.1,26673,Postgraduate,Yes,Day Scholar,Yes,7.46,4,3,5.82
STU106027,23,Female,8,DS,59,6.4,68,87,76,8.3,6.9,101761,Graduate,No,Hostel,Yes,7.35,1,2,8.63
STU106028,25,Female,5,EEE,88,7.9,39,24,39,6.7,0.9,106092,None,No,Day Scholar,No,5.44,2,0,6.97
STU106029,20,Female,7,IT,65,9.9,80,99,43,8.9,0.8,214542,School,Yes,Hostel,Yes,5.76,7,2,9.84
STU106030,18,Male,8,CSE,80,3.7,51,90,59,8.3,2.7,246578,Graduate,No,Hostel,Yes,6.69,5,0,8.81
STU106031,25,Female,3,ME,68,9.2,90,48,56,5.5,6.4,292640,Graduate,Yes,Hostel,Yes,6.85,2,4,8.67
STU106032,19,Male,2,EEE,54,6.3,41,31,45,5.2,6.9,195006,Graduate,No,Day Scholar,Yes,8.81,1,2,5.84
STU106033,24,Male,2,EEE,76,3.0,65,68,66,5.5,0.5,261204,Graduate,Yes,Day Scholar,No,7.53,0,0,8.08
STU106034,23,Male,6,ME,61,1.0,53,45,93,4.2,4.7,84440,None,Yes,Day Scholar,No,5.73,6,1,7.08
STU106035,20,Male,7,CE,58,1.0,75,93,68,7.0,4.0,277995,Graduate,No,Day Scholar,No,5.23,8,1,7.51
STU106036,25,Female,9,DS,98,5.0,90,20,52,5.9,1.4,129644,Graduate,No,Day Scholar,Yes,8.54,6,0,7.69
STU106037,19,Female,7,ME,50,8.3,75,32,72,4.5,4.9,62738,None,Yes,Day Scholar,No,6.74,4,4,7.49
STU106038,19,Male,5,ME,91,2.9,62,62,94,8.0,1.2,274029,School,Yes,Day Scholar,Yes,7.67,6,1,9.54
STU106039,20,Female,6,DS,76,8.2,76,65,97,8.1,4.3,52557,School,No,Day Scholar,No,8.99,2,0,10
STU106040,24,Male,1,DS,62,7.6,76,46,92,6.8,0.8,250819,None,No,Hostel,Yes,9.09,1,1,9.55
STU106041,18,Female,7,EEE,88,6.7,59,92,34,8.6,3.2,239183,Postgraduate,No,Hostel,Yes,8.78,7,3,9.21
STU106042,20,Male,5,CSE,98,5.3,57,88,22,4.1,8.2,169096,None,No,Day Scholar,Yes,5.14,5,2,7.49
STU106043,25,Male,6,DS,89,6.8,99,25,57,4.8,5.6,74148,Graduate,Yes,Hostel,No,8.64,5,0,8.21
STU106044,22,Female,7,CSE,81,9.0,67,42,25,5.0,6.7,102749,None,No,Day Scholar,Yes,6.01,0,3,7.0
STU106045,24,Female,7,CSE,67,5.0,52,89,91,8.1,4.4,87122,Postgraduate,Yes,Hostel,Yes,8.11,3,4,8.59
STU106046,22,Female,6,EEE,61,3.3,76,74,38,6.9,0.8,129548,None,No,Hostel,No,9.47,1,3,6.93
STU106047,18,Male,4,CE,100,4.1,55,50,87,4.5,4.7,80904,None,No,Day Scholar,No,8.43,7,1,8.2
STU106048,24,Male,4,DS,46,7.2,59,98,53,6.2,2.8,56012,Graduate,No,Hostel,Yes,7.34,2,4,7.84
STU106049,18,Female,2,DS,89,7.0,77,91,37,4.8,7.2,117378,None,Yes,Day Scholar,,8.45,8,0,8.51
STU106050,25,Female,2,IT,76,4.9,68,94,93,4.4,6.0,59666,Postgraduate,No,Day Scholar,No,5.81,7,4,8.86
STU106051,22,Male,6,EEE,55,7.3,95,98,20,8.2,7.9,262971,None,Yes,Hostel,No,9.34,4,2,7.77
STU106052,23,Male,4,ME,95,7.4,65,25,94,8.8,6.0,135405,School,Yes,Hostel,No,8.51,6,0,9.31
STU106053,25,Male,3,ECE,78,4.2,43,95,82,8.7,1.6,16949,School,Yes,Day Scholar,Yes,9.41,5,3,8.9
STU106054,19,Female,8,DS,65,8.7,53,46,98,5.9,5.8,65894,School,No,Hostel,No,6.94,3,4,9.05
STU106055,24,Female,3,IT,84,1.4,68,73,69,7.9,2.4,19065,Graduate,Yes,Day Scholar,Yes,6.52,4,0,8.77
STU106056,18,Female,2,ECE,96,7.1,86,100,54,8.1,3.0,241467,Postgraduate,No,Hostel,Yes,9.6,2,1,10
STU106057,18,Male,1,IT,73,1.8,71,81,22,6.7,2.4,153200,Postgraduate,No,Hostel,Yes,6.62,5,0,7.43
STU106058,21,Male,8,ME,55,9.3,65,70,98,5.6,9.0,28565,Graduate,Yes,Day Scholar,No,8.88,4,4,9.41
STU106059,19,Male,1,ECE,53,5.6,67,71,42,7.2,6.4,118875,Graduate,Yes,Hostel,Yes,5.56,7,3,7.11
STU106060,23,Female,4,DS,99,9.2,56,52,90,8.2,3.1,215818,None,Yes,Day Scholar,No,8.34,6,3,9.98
STU106061,24,Female,7,CSE,47,0.2,72,85,90,6.3,2.9,151972,School,Y,Day Scholar,Yes,8.95,2,2,8.04
STU106062,20,Female,1,ECE,69,9.8,58,100,64,7.2,,186626,Graduate,Yes,Hostel,No,5.35,7,1,9.36
STU106063,18,Male,2,IT,47,0.9,69,50,24,7.2,4.4,235824,School,No,Day Scholar,Yes,6.41,7,0,6.03
STU106064,20,Male,8,CSE,67,4.1,47,50,51,7.9,3.7,134611,Graduate,Yes,Day Scholar,No,7.09,8,0,7.91
STU106065,20,Female,5,CE,,4.5,73,72,43,6.0,3.6,158126,School,No,Hostel,No,6.65,3,1,7.97
STU106066,21,Male,1,CSE,53,8.7,38,27,100,4.9,7.2,218242,School,Yes,Hostel,Yes,8.06,1,2,7.39
STU106067,19,Female,8,CSE,97,7.0,97,36,71,8.1,2.9,84996,Postgraduate,Yes,Day Scholar,Yes,8.7,7,3,9.7
STU106068,25,Male,2,ECE,46,1.4,72,67,69,7.4,6.3,185466,Postgraduate,No,Hostel,Yes,8.71,8,3,7.66
STU106069,18,Female,6,ME,81,3.9,42,40,24,4.1,6.0,153744,Graduate,No,Hostel,Yes,9.48,5,1,6.2
STU106070,25,male,2,ME,47,10.0,43,63,65,4.3,2.3,71382,Postgraduate,Yes,Hostel,No,5.08,8,0,7.96
STU106071,23,Female,4,ME,61,0.7,80,76,59,4.8,6.7,146415,None,Yes,Day Scholar,Yes,5.49,4,1,7.02
STU106072,25,Female,1,EEE,92,7.1,42,26,70,6.2,3.6,35506,Postgraduate,Yes,Day Scholar,No,5.88,0,1,7.41
STU106073,23,Female,5,CSE,77,2.9,72,91,25,6.7,4.4,204136,School,No,Day Scholar,No,9.18,5,3,7.14
STU106074,21,Female,4,ME,50,7.2,73,43,70,5.1,4.7,167829,None,No,Hostel,No,7.02,5,4,7.86
STU106075,25,Male,6,ME,58,3.5,52,86,35,6.8,8.7,20658,Graduate,Yes,Day Scholar,No,6.2,7,3,6.11
STU106076,25,Male,5,ECE,48,7.4,82,24,26,7.8,8.0,153163,Graduate,No,Hostel,Yes,6.78,2,0,6.67
STU106077,20,Female,7,EEE,65,3.4,41,35,41,8.5,6.7,34766,School,Yes,Day Scholar,Yes,8.13,1,0,5.74
STU106078,24,Male,1,ECE,54,8.4,85,95,50,6.4,3.1,49744,Postgraduate,Yes,Day Scholar,No,8.84,3,0,9.02
STU106079,19,Female,6,ME,67,6.6,36,73,77,7.8,6.1,231982,School,Yes,Day Scholar,Yes,6.44,2,2,7.61
STU106080,24,Female,1,DS,72,4.0,39,39,33,5.4,5.4,176707,Postgraduate,Yes,Hostel,No,8.1,2,2,5.32
STU106081,18,Male,8,ECE,99,6.1,95,68,43,6.1,2.6,230633,Graduate,Yes,Hostel,Yes,8.78,4,1,9.56
STU106082,19,Female,1,CSE,45,6.7,39,32,75,7.4,8.1,22516,Postgraduate,No,Hostel,No,6.7,8,3,7.23
STU106083,24,Male,4,IT,94,3.5,53,52,20,5.7,4.9,24132,School,No,Hostel,No,8.82,4,2,7.31
STU106084,24,Male,6,EEE,73,1.2,94,59,54,7.9,4.7,260484,School,Yes,Day Scholar,Yes,8.03,6,3,8.45
STU106085,20,Male,2,ME,76,3.1,79,42,74,8.5,3.7,151655,Postgraduate,No,Hostel,No,6.33,6,4,7.67
STU106086,20,Female,3,ECE,82,7.9,49,93,37,8.6,7.7,110448,School,No,Hostel,No,5.29,4,1,7.54
STU106087,21,Male,2,DS,89,9.5,37,65,63,7.3,8.2,155042,Postgraduate,Yes,Day Scholar,Yes,7.69,2,2,7.79
STU106088,24,Female,1,ECE,99,6.4,52,43,58,5.6,7.0,41572,None,Yes,Day Scholar,Yes,6.46,6,3,7.28
STU106089,21,Female,6,EEE,,5.3,72,77,73,4.5,2.7,95019,School,Yes,Day Scholar,Yes,9.65,6,3,8.66
STU106090,19,Male,8,EEE,71,3.8,76,94,24,5.3,1.0,279850,Postgraduate,Yes,Hostel,No,9.77,-1,2,7.76
STU106091,25,Male,4,ME,91,4.3,78,30,29,6.2,8.6,88549,School,No,Hostel,No,5.46,1,2,6.61
STU106092,19,Male,7,CE,74,5.5,84,55,91,9.0,1.9,45190,None,No,Day Scholar,Yes,9.62,6,2,9.22
STU106093,21,Female,1,EEE,74,9.4,54,59,78,8.8,8.6,237424,School,Yes,Day Scholar,Yes,7.62,0,1,9.32
STU106094,20,Female,6,EEE,90,7.4,88,20,34,5.4,8.9,169889,School,Yes,Day Scholar,Yes,7.19,1,1,6.65
STU106095,21,Female,1,IT,51,5.5,42,44,68,4.1,6.3,68528,School,Yes,Day Scholar,No,6.16,1,3,6.56
STU106096,25,Female,7,CE,90,3.4,63,59,39,6.5,7.6,16616,None,Yes,Day Scholar,Yes,6.06,2,3,6.11
STU106097,24,Male,8,EEE,71,1.6,100,63,36,7.8,2.8,194587,School,No,Day Scholar,No,5.09,7,4,6.61
STU106098,20,Male,2,DS,48,6.5,72,30,95,6.0,7.6,127393,Postgraduate,Yes,Hostel,No,7.16,5,1,7.47
STU106099,19,Female,4,EEE,86,6.5,54,35,58,8.6,0.9,58760,Graduate,Yes,Hostel,Yes,5.24,5,0,7.72
STU106100,19,Male,3,IT,71,1.5,76,24,81,8.9,3.3,120244,Postgraduate,No,Day Scholar,No,7.44,3,1,7.64
STU106101,23,Male,6,CE,93,8.7,80,89,97,5.3,2.7,118566,School,Yes,Day Scholar,No,5.24,6,0,10
STU106102,21,Male,7,ECE,100,4.4,91,57,95,5.9,1.9,255490,Graduate,Yes,Hostel,Yes,7.28,4,3,9.01
STU106103,19,Female,5,CE,70,2.6,55,81,94,8.7,4.4,165297,Graduate,Yes,Day Scholar,No,7.89,5,2,9.11
STU106104,23,Male,1,ME,68,8.1,88,38,58,6.5,1.4,177819,School,No,Hostel,No,6.82,5,1,8.78
STU106105,25,Male,7,ECE,50,0.2,82,59,78,8.6,1.1,152153,School,No,Day Scholar,No,7.95,8,4,7.27
STU106106,20,Male,4,CSE,56,4.1,89,97,84,4.5,9.0,114804,Postgraduate,No,Day Scholar,Yes,5.58,3,3,7.76
STU106107,25,Female,4,CE,66,8.2,56,98,98,4.8,7.9,114163,Postgraduate,No,Day Scholar,No,9.56,1,0,9.46
STU106108,25,Male,8,CE,82,3.5,67,44,51,4.0,4.5,168512,None,Yes,Hostel,No,6.07,2,3,6.44
STU106109,20,Male,7,EEE,97,10.0,48,38,94,5.6,3.5,197647,School,Yes,Day Scholar,No,7.63,0,1,8.74
STU106110,25,male,3,ECE,65,3.1,60,91,60,8.8,5.1,221335,Graduate,No,Hostel,No,6.61,0,1,7.18
STU106111,18,Male,7,IT,47,8.8,36,27,61,5.1,5.8,74019,Graduate,No,Hostel,No,7.3,5,4,6.11
STU106112,25,Male,3,ECE,57,4.2,38,37,93,8.7,4.6,188332,Postgraduate,No,Hostel,Yes,6.15,6,2,7.22
STU106113,18,Female,2,ME,53,6.2,68,49,30,5.2,6.5,207157,School,Yes,Hostel,No,7.72,8,1,7.48
STU106114,23,Female,7,CSE,70,5.0,46,78,81,6.9,4.8,111107,None,Yes,Hostel,Yes,6.1,2,4,8.36
STU106115,24,Female,7,DS,96,5.9,91,91,76,4.7,2.8,278112,None,Yes,Day Scholar,No,7.28,7,3,10
STU106116,18,Female,7,ECE,46,4.0,35,92,59,8.4,8.5,250724,None,No,Hostel,No,7.93,8,4,7.66
STU106117,21,Male,4,CSE,74,8.5,81,150,37,7.6,6.1,224536,None,Yes,Hostel,No,9.23,8,1,9.38
STU106118,24,Male,7,CSE,90,9.5,55,56,64,7.5,5.6,198191,Graduate,No,Day Scholar,Yes,6.89,6,0,9.24
STU106119,18,Male,3,DS,60,0.2,53,79,43,6.6,1.1,278734,Postgraduate,Yes,Day Scholar,No,8.68,5,3,7.02
STU106120,18,Female,1,DS,65,5.2,96,65,39,6.0,8.3,83628,Postgraduate,No,Hostel,Yes,7.19,6,3,8.17
STU106121,19,Male,5,IT,93,5.6,97,63,50,8.2,1.5,180742,Postgraduate,No,Day Scholar,No,5.16,6,1,8.89
STU106122,21,Male,8,IT,94,1.3,91,27,20,4.7,1.2,223835,Graduate,Yes,Hostel,Yes,7.75,0,3,6.63
STU106123,22,Female,2,IT,98,2.8,67,22,78,5.9,1.8,158243,Graduate,Yes,Hostel,No,6.28,7,3,7.61
STU106124,25,Female,9,CSE,85,8.0,63,99,44,4.7,7.0,98984,None,Yes,Day Scholar,No,9.08,7,4,9.28
STU106125,19,Male,6,ECE,47,5.1,81,98,89,8.9,1.5,113792,School,No,Hostel,Yes,5.99,3,3,9.59
STU106126,25,Male,8,CE,65,7.7,52,32,38,7.5,3.3,178371,Graduate,No,Day Scholar,No,6.32,6,1,7.61
STU106127,20,Female,2,ECE,93,5.0,93,76,37,4.4,8.7,75299,Graduate,No,Hostel,No,5.05,8,1,8.39
STU106128,19,Female,6,CSE,66,6.5,58,28,41,4.8,6.6,288667,School,No,Hostel,No,9.68,1,3,7.27
STU106129,24,Male,5,ECE,89,4.8,72,97,58,4.5,3.2,226269,None,Yes,Day Scholar,Yes,7.59,3,4,8.28
STU106130,21,Female,2,AI&ML,76,7.5,76,47,76,5.8,3.1,92155,School,No,Hostel,No,8.37,4,1,8.87
STU106131,18,Male,4,IT,84,6.0,70,92,74,8.3,3.0,73722,Postgraduate,Yes,Day Scholar,Yes,9.56,5,3,10
STU106132,25,Male,4,IT,73,8.1,87,88,46,7.8,8.3,20605,School,No,Day Scholar,Yes,5.43,1,1,7.89
STU106133,25,Male,5,CSE,68,4.9,100,88,76,5.7,2.9,115068,Postgraduate,Yes,Hostel,Yes,8.05,1,3,8.92
STU106134,24,Female,3,EEE,54,6.8,63,33,45,8.4,7.2,208332,None,No,Hostel,Yes,8.68,5,1,6.85
STU106135,19,Male,2,ECE,75,5.7,84,25,49,7.0,4.1,237960,Postgraduate,Yes,Hostel,No,8.2,8,0,8.01
STU106136,22,Male,3,CSE,84,5.6,45,75,71,8.4,3.3,39930,None,No,Day Scholar,No,7.26,6,2,9.09
STU106137,24,Male,1,EEE,73,6.3,51,26,20,7.4,4.1,203459,Graduate,Yes,Hostel,Yes,6.95,2,2,6.49
STU106138,25,Female,6,ME,79,4.1,44,88,65,8.3,4.0,276523,None,Yes,Day Scholar,Yes,6.35,4,4,7.25
STU106139,19,Male,1,CSE,81,4.9,57,53,66,8.9,8.2,261548,Postgraduate,No,Day Scholar,No,9.27,0,0,8.44
STU106140,23,Male,8,ME,84,3.6,86,57,61,4.5,4.6,294487,Graduate,Yes,Hostel,,5.87,4,1,8.08
STU106141,24,Male,6,CSE,56,4.2,99,25,81,7.6,8.3,224935,Graduate,No,Day Scholar,No,6.8,1,0,7.82
STU106142,25,Female,3,CE,80,8.4,80,30,60,7.0,,209783,School,Yes,Day Scholar,Yes,6.62,8,3,8.78
STU106143,18,Male,2,IT,89,5.0,100,35,82,7.0,6.6,106627,School,Yes,Day Scholar,No,9.77,6,2,9.78
STU106144,18,Female,7,CSE,82,9.8,70,69,27,7.0,4.3,101645,None,Yes,Hostel,Yes,7.8,0,1,8.37
STU106145,22,Male,2,ECE,79,7.4,37,68,84,7.2,7.1,125215,Graduate,No,Day Scholar,Yes,5.64,0,3,7.39
STU106146,23,Male,9,ECE,80,0.3,36,28,58,8.9,5.3,287753,Postgraduate,No,Day Scholar,No,8.61,4,4,6.75
STU106147,19,Female,3,CSE,95,4.1,47,58,24,7.7,0.7,136863,Postgraduate,No,Day Scholar,Yes,9.34,2,0,7.49
STU106148,25,Male,2,CE,85,0.8,57,75,26,8.3,1.4,95330,Postgraduate,Yes,Hostel,No,8.4,4,2,7.72
STU106149,23,Female,5,ME,59,7.0,91,36,73,5.4,5.7,269174,School,Y,Day Scholar,No,7.28,0,4,8.15
STU106150,23,Female,7,IT,86,8.7,92,88,60,6.0,4.2,200190,School,No,Day Scholar,Yes,6.37,2,2,9.29
STU106151,23,Male,6,CE,79,3.5,79,60,52,8.3,4.1,200714,None,Yes,Day Scholar,No,7.97,3,0,8.64
STU106152,22,Female,3,CE,97,5.3,54,24,55,5.9,5.4,182963,None,No,Day Scholar,Yes,6.68,0,2,7.55
STU106153,23,Male,7,CE,65,1.8,79,65,94,5.9,8.3,154310,Graduate,Yes,Hostel,No,9.76,1,0,8.27
STU106154,22,Female,6,ECE,81,1.6,63,81,80,4.5,7.1,139562,None,Yes,Hostel,No,5.85,4,4,7.1
STU106155,18,Female,4,DS,62,7.3,53,68,34,6.5,8.3,56497,School,Yes,Hostel,No,5.57,3,0,6.43
STU106156,22,Male,3,EEE,65,2.3,35,23,52,5.9,8.7,299339,School,No,Hostel,Yes,8.63,2,0,6.21
STU106157,23,Male,4,ME,89,1.2,45,74,20,8.1,7.6,262584,None,No,Hostel,No,7.75,7,4,6.22
STU106158,23,Female,1,DS,54,3.6,39,90,45,5.7,4.0,167164,School,No,Day Scholar,No,6.67,6,1,6.75
STU106159,21,Female,1,CE,49,4.1,49,49,60,5.3,3.5,20016,None,Yes,Day Scholar,Yes,7.15,3,1,7.36
STU106160,18,Female,2,DS,100,0.9,83,69,20,8.8,6.2,67156,Graduate,No,Hostel,Yes,5.91,0,1,6.17
STU106161,25,Female,3,ME,69,2.5,60,46,20,6.0,3.9,164958,Postgraduate,No,Hostel,Yes,5.48,7,3,5.9
STU106162,23,Female,5,CSE,95,5.9,36,33,87,6.8,7.8,198795,Graduate,Yes,Day Scholar,No,8.44,5,0,8.82
STU106163,24,Male,2,EEE,59,6.9,76,94,95,6.5,1.5,289464,None,Yes,Day Scholar,Yes,9.2,4,1,9.85
STU106164,24,Male,5,CE,70,6.6,36,49,44,8.0,6.6,288615,None,Yes,Hostel,No,9.04,2,4,6.4
STU106165,18,Female,2,IT,47,7.6,51,50,58,4.3,3.3,241927,Graduate,No,Hostel,No,5.47,0,3,6.27
STU106166,21,Male,5,ECE,51,8.4,81,43,56,8.0,8.2,120836,None,No,Day Scholar,Yes,6.54,3,4,7.33
STU106167,20,Female,5,EEE,89,0.2,89,69,93,7.5,7.2,87430,Postgraduate,No,Hostel,Yes,5.8,3,2,8.16
STU106168,20,Male,3,CE,86,5.3,N/A,81,91,5.6,5.1,49514,Postgraduate,No,Hostel,Yes,9.45,3,2,9.48
STU106169,23,Female,8,IT,74,7.0,58,21,25,7.5,7.1,244379,None,No,Hostel,Yes,8.66,5,0,6.76
STU106170,20,Female,8,CSE,92,6.4,39,70,21,4.0,4.8,118371,None,No,Hostel,No,8.5,1,1,6.65
STU106171,19,Female,8,CSE,52,9.7,53,68,40,8.0,0.6,231632,Graduate,Yes,Hostel,No,6.19,5,0,8.02
STU106172,18,Male,8,DS,100,6.5,51,94,74,5.6,2.8,156496,School,Yes,Hostel,No,8.14,8,3,10
STU106173,22,Female,6,DS,60,6.9,81,39,94,6.6,1.4,145847,Postgraduate,No,Day Scholar,No,9.72,7,1,8.99
STU106174,22,Male,7,CE,76,0.9,89,76,69,5.4,3.6,282714,School,Yes,Day Scholar,No,7.61,2,2,8.22
STU106175,22,Male,7,CE,69,2.2,41,83,58,4.6,2.2,144898,Postgraduate,No,Hostel,No,6.82,7,1,7.62
STU106176,25,Male,1,ECE,53,8.6,71,20,93,6.1,4.8,151351,Graduate,Yes,Day Scholar,Yes,5.59,4,2,8.09
STU106177,20,Female,3,IT,71,5.6,57,33,31,7.8,2.5,45032,None,Yes,Hostel,Yes,5.9,8,1,6.21
STU106178,22,Female,8,ECE,85,5.3,91,96,51,7.2,5.4,261296,School,Yes,Hostel,Yes,9.73,7,2,9.49
STU106179,22,Male,3,CSE,79,9.9,78,99,54,5.7,5.3,73395,School,Yes,Hostel,Yes,7.2,2,1,9.53
STU106180,21,Male,4,IT,61,9.2,38,82,82,4.8,6.8,171474,None,No,Day Scholar,No,8.06,2,0,8.44
STU106181,23,Male,8,CSE,74,3.5,67,59,88,8.8,4.2,203803,Graduate,No,Hostel,No,7.56,3,2,8.23
STU106182,19,Male,3,CSE,49,5.1,36,61,24,8.1,4.5,247667,Graduate,Yes,Hostel,No,7.81,3,1,5.57
STU106183,20,Female,6,CSE,98,7.2,50,33,37,6.4,0.9,185277,Graduate,Yes,Hostel,Yes,6.93,1,2,7.17
STU106184,24,Female,6,IT,59,5.2,60,70,23,5.7,0.9,243360,Postgraduate,Yes,Day Scholar,No,8.56,5,2,6.48
STU106185,25,Female,6,CSE,62,6.6,90,31,49,8.4,9.0,241837,School,No,Day Scholar,No,5.85,6,0,7.13
STU106186,23,Female,1,CSE,67,7.2,94,99,38,5.4,8.0,254045,School,No,Hostel,No,6.44,8,4,8.69
STU106187,21,Male,5,IT,78,7.8,81,81,38,6.6,3.4,141753,Graduate,Yes,Day Scholar,No,6.35,1,2,7.82
STU106188,21,Male,4,ME,93,4.3,58,68,93,6.2,4.1,106087,None,Yes,Day Scholar,Yes,6.1,3,2,8.26
STU106189,21,Male,8,CE,96,9.6,96,66,21,4.5,7.5,215501,Postgraduate,No,Day Scholar,No,7.37,4,1,7.83
STU106190,18,Male,5,CSE,70,8.4,45,90,61,6.7,3.6,223738,School,No,Hostel,Yes,7.83,5,0,8.58
STU106191,23,Female,2,ME,73,2.6,98,31,45,7.5,5.0,51478,Postgraduate,No,Hostel,No,6.49,3,4,6.35
STU106192,22,Male,7,CSE,48,8.0,53,73,99,4.2,3.3,30892,Grad,No,Hostel,Yes,7.13,0,3,8.88
STU106193,24,Female,5,ECE,81,9.8,75,40,42,8.7,3.0,141021,None,Yes,Hostel,Yes,8.84,6,1,9.08
STU106194,19,Male,8,ME,79,4.8,39,50,78,4.6,8.4,259095,School,Yes,Hostel,Yes,5.2,8,1,7.82
STU106195,24,Male,4,ECE,56,7.7,51,30,93,8.0,0.9,211671,Graduate,Yes,Day Scholar,Yes,5.15,0,2,8.21
STU106196,24,Male,3,ECE,91,0.5,75,45,76,5.1,4.3,71512,Postgraduate,Yes,Hostel,Yes,7.34,4,3,7.23
,25,Female,4,CE,83,7.1,91,76,46,6.5,0.8,78245,Postgraduate,No,Hostel,Yes,7.19,7,3,9.32
STU106198,19,Female,6,DS,51,5.0,74,97,42,5.8,8.9,195861,Graduate,No,Hostel,No,8.5,3,0,8.14
STU106199,24,Male,2,EEE,58,1.8,75,69,57,4.0,6.7,24734,School,No,Hostel,Yes,9.12,7,1,7.52
STU106200,20,Female,3,EEE,79,7.3,87,33,100,4.7,6.1,288615,School,No,Hostel,Yes,8.16,1,1,8.89
STU106201,24,Male,6,CE,82,7.6,56,91,25,8.6,2.2,127429,Postgraduate,No,Hostel,No,9.78,6,0,8.82
STU106202,22,Male,2,IT,66,9.5,35,47,36,7.4,1.0,147996,School,Yes,Day Scholar,No,8.53,2,3,7.56
STU106203,21,Female,2,ME,62,4.1,72,60,67,6.9,2.5,unknown,None,No,Hostel,No,6.62,5,1,8.13
STU106204,23,Female,4,IT,66,2.7,36,34,83,5.5,3.6,151461,School,No,Hostel,No,7.21,2,1,6.73
STU106205,23,Male,7,CE,89,7.3,69,79,28,8.7,7.1,252555,School,No,Hostel,Yes,5.31,4,2,7.41
STU106206,23,Male,3,ECE,56,9.2,43,61,31,5.4,8.2,100733,Postgraduate,No,Day Scholar,Yes,5.85,6,4,6.73
STU106207,19,Male,4,EEE,70,3.0,44,57,82,8.8,1.6,99608,None,Yes,Hostel,Yes,5.18,4,4,7.61
STU106208,18,Female,6,DS,46,0.8,59,25,61,7.9,6.5,299973,Graduate,Yes,Hostel,Yes,8.37,3,3,6.05
STU106209,23,Female,2,CE,59,8.8,79,81,81,7.5,5.8,207790,Graduate,Yes,Hostel,Yes,8.01,3,4,9.97
STU106210,19,Female,1,ME,51,4.4,63,74,33,7.8,6.5,126133,Graduate,Yes,Day Scholar,No,5.86,2,3,5.74
,21,Male,7,ME,55,1.7,37,24,94,6.2,3.8,137242,Graduate,Yes,Hostel,No,9.31,1,2,7.19
STU106212,23,Female,8,EEE,64,2.2,83,76,39,7.7,4.7,152342,Postgraduate,No,Day Scholar,Yes,6.82,8,2,8.27
STU106213,19,Male,6,IT,91,2.8,69,58,41,7.1,4.6,171919,Grad,Yes,Day Scholar,Yes,8.23,2,4,6.73
STU106214,21,Female,6,EEE,93,8.7,71,65,45,4.3,2.3,259843,Graduate,No,Hostel,No,9.31,5,0,8.88
STU106215,25,Male,4,ECE,73,1.5,87,73,74,4.0,5.7,156346,Postgraduate,No,Day Scholar,No,7.66,1,2,7.15
STU106216,21,Male,2,EEE,48,9.4,78,68,36,7.7,5.8,236931,Postgraduate,Yes,Hostel,Yes,9.02,3,0,8.41
STU106217,24,Female,4,EEE,96,5.0,73,88,90,6.8,1.1,17496,Graduate,Yes,Hostel,Yes,9.29,8,2,10
STU106218,21,Male,2,CSE,46,1.7,67,60,48,6.7,3.4,162211,None,Yes,Day Scholar,No,9.33,6,1,6.93
STU106219,23,Male,5,DS,69,9.3,52,100,38,7.7,4.3,215377,School,No,Day Scholar,No,9.72,3,4,9.07
STU106220,20,Male,3,EEE,88,3.9,69,100,70,6.7,1.1,199192,None,Yes,Day Scholar,Yes,7.16,7,1,9.62
STU106221,20,Male,5,CSE,49,8.6,64,27,77,7.1,7.2,219006,None,Yes,Day Scholar,No,9.08,4,4,7.79
STU106222,20,Male,6,EEE,95,7.2,97,36,34,7.8,5.7,44381,Grad,No,Hostel,Yes,8.37,0,2,8.24
STU106223,24,Female,5,DS,71,7.1,95,60,86,8.3,8.3,101753,Postgraduate,No,Hostel,No,9.63,5,1,9.24
STU106224,24,Male,3,ECE,70,0.8,74,71,72,7.8,5.2,271418,None,Yes,Day Scholar,Yes,7.66,1,2,8.05
STU106225,21,Male,3,IT,67,5.9,50,90,81,4.9,2.0,204514,None,Yes,Day Scholar,Yes,8.44,7,2,8.88
STU106226,20,Female,9,IT,73,0.7,89,68,37,5.6,1.3,228326,Graduate,Yes,Day Scholar,Yes,5.36,0,2,6.96
STU106227,25,Male,2,DS,74,0.1,79,97,35,5.0,1.5,57775,Graduate,Yes,Day Scholar,No,9.63,3,4,6.78
STU106228,22,Female,3,ECE,75,2.6,59,97,57,6.6,5.6,77490,School,Yes,Day Scholar,No,7.05,5,2,7.47
STU106229,21,Female,3,IT,82,9.3,82,48,54,6.5,6.5,108794,School,Yes,Hostel,No,7.74,7,0,8.59
STU106230,21,Male,2,DS,81,4.4,38,49,62,4.7,8.5,33934,Graduate,No,Day Scholar,No,6.32,7,4,7.35
STU106231,19,Female,7,ECE,96,3.9,52,28,63,4.3,3.6,144480,None,Yes,Hostel,No,7.38,0,1,7.11
STU106232,24,Female,4,IT,70,1.5,89,64,35,6.9,1.5,197107,Postgraduate,No,Day Scholar,Yes,8.09,0,1,7.37
STU106233,19,Male,4,DS,95,0.8,99,20,85,4.6,0.7,261656,Postgraduate,No,Day Scholar,Yes,6.52,0,1,7.78
STU106234,23,Female,4,CE,68,8.4,67,52,20,6.9,3.7,108566,School,No,Day Scholar,Yes,9.69,4,3,7.37
STU106235,20,Male,6,CSE,75,9.4,96,21,81,6.4,7.0,194551,None,No,Hostel,No,5.17,8,2,9.52
STU106236,19,Male,7,ME,72,3.6,69,72,76,5.7,1.1,126486,Graduate,No,Hostel,No,8.4,4,1,8.95
STU106237,20,Male,5,IT,99,3.3,99,40,25,6.3,1.1,280894,Graduate,No,Hostel,Yes,7.19,3,2,7.02
STU106238,19,Female,8,CE,51,0.5,49,97,42,5.5,3.2,243015,School,No,Hostel,No,8.53,7,0,7.49
STU106239,23,Male,3,CE,80,6.1,66,21,52,8.2,8.2,288705,Graduate,Yes,Hostel,No,7.79,0,0,7.03
STU106240,24,Female,2,CE,77,4.1,69,87,88,4.1,6.8,172178,School,No,Day Scholar,No,8.78,3,4,8.08
STU106241,25,Male,6,ECE,61,9.3,60,82,87,5.9,1.8,149359,Postgraduate,No,Hostel,Yes,5.39,3,3,9.31
STU106242,21,Female,8,ME,73,5.4,78,65,100,6.1,6.9,280755,Postgraduate,No,Day Scholar,No,5.17,3,0,8.39
STU106243,18,Female,6,DS,69,4.3,75,42,58,8.3,2.1,171512,None,No,Hostel,No,6.0,5,2,8.22
STU106244,20,Male,5,ECE,88,3.8,77,99,49,6.7,8.3,246793,None,No,Hostel,Yes,8.09,8,1,8.22
STU106245,25,Male,5,IT,59,1.4,94,75,51,5.9,4.8,90397,Graduate,No,Day Scholar,No,6.28,0,4,6.97
STU106246,23,Female,8,IT,100,0.2,73,57,50,7.2,0.9,149273,Postgraduate,No,Hostel,No,7.5,4,2,8.14
STU106247,23,Female,7,CE,82,4.6,81,39,48,8.7,3.5,49777,Postgraduate,Yes,Day Scholar,No,8.95,3,2,7.93
STU106248,24,Male,2,CE,55,3.1,68,25,59,6.9,5.0,270853,School,No,Hostel,Yes,6.98,6,1,7.16
STU106249,25,Female,1,IT,80,2.9,93,73,66,7.7,5.5,246062,School,Yes,Day Scholar,Yes,5.42,8,4,8.93
STU106250,20,Female,8,CE,52,1.6,48,50,29,5.7,6.3,268065,None,No,Day Scholar,No,8.64,5,1,6.2
STU106251,23,Female,3,CE,89,3.3,49,37,44,4.6,0.9,109639,None,Yes,Day Scholar,Yes,9.57,6,1,6.87
STU106252,21,Male,2,IT,85,8.9,92,68,96,6.2,1.1,100256,Postgraduate,Yes,Day Scholar,No,9.51,0,1,10
STU106253,18,Female,4,IT,56,9.1,56,63,35,7.2,6.8,247750,School,Yes,Hostel,No,6.72,7,0,7.03
STU106254,21,Female,3,DS,72,3.9,69,67,63,6.5,3.2,174497,School,No,Day Scholar,Yes,8.76,7,1,8.87
STU106255,22,Female,7,IT,72,8.8,97,25,89,5.6,8.2,199688,Graduate,No,Hostel,Yes,5.78,4,2,9.28
STU106256,22,Female,4,DS,75,4.3,45,100,93,4.6,3.0,54826,School,No,Day Scholar,Yes,8.01,3,2,9.39
STU106257,24,Male,8,EEE,68,8.9,58,96,75,5.0,1.7,41911,None,Y,Hostel,Yes,6.54,7,1,9.42
STU106258,24,Female,1,IT,59,2.2,79,57,58,6.6,4.8,198620,Graduate,Yes,Day Scholar,No,9.35,4,0,7.71
STU106259,25,Male,5,EEE,46,5.8,51,76,67,7.5,3.7,107140,None,No,Hostel,No,6.31,0,2,7.94
STU106260,25,Male,8,EEE,67,2.4,100,25,90,7.3,0.9,33691,School,Yes,Day Scholar,No,5.3,3,0,8.32
STU106261,21,Male,6,EEE,55,3.6,81,71,33,6.5,5.5,32488,None,Yes,Day Scholar,Yes,7.78,2,0,6.75
STU106262,21,Female,4,DS,47,1.0,86,23,82,eight,3.5,297247,School,Yes,Hostel,No,8.96,5,2,7.12
STU106263,24,Male,5,EEE,100,7.3,47,90,36,4.9,4.4,173310,School,Yes,Hostel,No,5.64,5,4,8.25
STU106264,19,Male,3,ME,93,8.0,47,95,49,4.5,2.7,292421,Postgraduate,No,Hostel,Yes,11.5,1,4,8.45
STU106265,22,Male,8,CSE,92,2.6,73,29,93,5.3,3.8,58284,Postgraduate,Yes,Day Scholar,No,9.39,1,1,8.92
STU106266,18,Male,7,ME,55,9.3,77,39,24,7.6,5.3,24305,School,No,Day Scholar,No,5.98,3,4,7.18
STU106267,20,Female,8,ECE,54,9.7,50,33,71,4.2,6.2,83300,None,Yes,Day Scholar,No,7.7,3,2,8.22
STU106268,25,Male,4,DS,82,8.5,73,73,28,8.4,0.6,279686,Postgraduate,Yes,Day Scholar,No,9.79,5,1,8.81
STU106269,25,Male,6,CSE,93,6.9,84,80,20,7.0,1.7,262471,Graduate,No,Day Scholar,Yes,9.51,8,1,9.71
STU106270,23,Male,6,DS,80,8.7,99,54,61,4.6,1.5,276030,Postgraduate,No,Hostel,No,9.13,6,2,9.29
STU106271,19,Male,8,CSE,48,0.8,99,23,44,7.1,4.2,54252,Postgraduate,Yes,Hostel,No,8.58,2,4,5.55
STU106272,20,Male,2,IT,82,4.3,51,64,50,8.8,3.8,72250,Graduate,Yes,Hostel,Yes,7.94,2,3,7.49
STU106273,25,Male,8,ME,86,4.6,52,84,66,6.4,0.8,263476,Graduate,No,Day Scholar,Yes,8.0,2,0,8.44
STU106274,19,Female,3,ECE,96,2.0,54,42,33,7.2,7.7,84177,Graduate,Yes,Day Scholar,No,6.68,7,2,5.93
STU106275,20,Male,3,EEE,53,7.4,98,89,86,6.8,7.6,91560,Postgraduate,No,Day Scholar,Yes,9.56,0,0,9.69
STU106276,20,Female,4,EEE,54,5.9,63,96,96,4.7,7.8,290098,Postgraduate,No,Hostel,No,8.71,7,3,9.63
STU106277,21,Male,4,ECE,100,5.4,81,56,47,4.4,5.7,182932,Postgraduate,Yes,Hostel,No,8.31,0,1,7.65
STU106278,22,Female,5,CSE,46,6.2,41,42,31,8.5,4.1,50600,School,No,Day Scholar,No,8.42,8,3,6.06
STU106279,18,Male,5,ME,73,3.7,98,36,87,6.9,5.9,128832,Graduate,No,Hostel,Yes,5.79,2,2,8.17
STU106280,25,Male,5,CSE,62,5.2,64,61,26,6.0,3.7,78030,School,Yes,Hostel,No,8.68,0,0,6.96
STU106281,22,Female,3,CSE,63,1.9,78,46,87,6.4,2.9,172689,Graduate,No,Day Scholar,Yes,5.84,4,0,7.68
STU106282,21,Female,2,CSE,99,4.8,87,92,56,7.4,1.6,188403,Postgraduate,Yes,Hostel,No,6.57,4,0,8.82
STU106283,18,Male,6,DS,79,1.9,89,98,32,6.7,5.2,225409,School,No,Day Scholar,No,7.84,2,0,8.15
STU106284,25,Male,4,EEE,94,7.4,80,92,92,6.0,5.7,218573,School,No,Day Scholar,No,8.87,1,0,12
STU106285,25,Male,8,AI&ML,71,4.3,93,85,36,4.5,5.1,290200,Graduate,Yes,Hostel,Yes,7.5,0,2,7.32
STU106286,19,Female,1,CSE,76,0.5,39,96,71,8.0,0.5,110013,None,Yes,Day Scholar,Yes,7.28,3,2,7.95
STU106287,23,Female,4,ME,77,6.8,97,75,74,4.3,5.7,83330,School,Yes,Day Scholar,No,7.7,3,0,8.96
STU106288,25,Male,8,EEE,64,9.5,46,89,20,8.7,6.5,299578,Graduate,Yes,Day Scholar,Yes,8.84,1,2,7.21
STU106289,24,Male,2,ME,100,5.7,95,96,29,7.6,5.8,138540,None,Yes,Day Scholar,No,5.86,0,1,9.01
STU106290,18,Male,8,DS,60,3.2,37,24,42,6.4,1.3,249604,Graduate,Yes,Hostel,No,8.22,2,4,6.04
STU106291,24,Female,2,DS,77,3.1,69,95,96,6.6,6.4,218332,Postgraduate,Yes,Day Scholar,No,7.93,6,4,9.49
STU106292,25,Female,7,EEE,73,1.1,62,50,68,8.5,5.4,260541,Postgraduate,No,Hostel,Yes,5.97,7,3,7.75
STU106293,19,Female,1,CSE,48,1.5,57,51,69,7.8,5.4,110286,None,No,Hostel,Yes,9.36,5,4,7.74
STU106294,20,Female,1,CE,66,-3,42,27,67,5.3,0.6,229227,School,Yes,Hostel,No,8.63,8,4,6.49
STU106295,19,Female,5,ECE,48,3.1,68,57,47,4.4,3.4,204028,School,No,Day Scholar,No,8.39,2,4,6.62
STU106296,19,Female,4,ECE,75,8.4,43,100,41,8.2,5.1,230388,Postgraduate,Yes,Day Scholar,No,5.43,1,1,8.33
STU106297,21,Male,8,EEE,76,2.6,93,88,79,5.0,4.7,198113,School,No,Day Scholar,No,6.62,8,4,9.63
STU106298,25,Female,3,CSE,51,8.7,58,57,60,4.0,5.5,119206,None,Yes,Day Scholar,Yes,6.23,5,2,7.3
STU106299,22,Male,3,ECE,57,2.8,46,23,36,4.8,3.6,113669,None,No,Hostel,No,9.63,5,0,6.69
STU106300,20,Female,1,ME,87,2.4,82,54,82,5.0,2.7,114762,Postgraduate,Yes,Day Scholar,No,7.05,3,2,7.76
STU106301,22,Female,4,IT,67,5.7,84,74,78,5.9,8.3,253426,Postgraduate,Yes,Day Scholar,No,8.26,7,2,8.38
STU106302,21,Female,3,IT,76,2.9,84,55,52,5.7,6.1,137453,School,Yes,Hostel,Yes,6.1,6,0,6.85
STU106303,19,Male,6,CE,47,3.3,93,51,31,8.0,8.2,285981,Graduate,Yes,Hostel,No,7.13,2,2,7.06
STU106304,22,Female,4,ECE,68,5.7,88,56,84,4.3,7.0,251891,School,Yes,Day Scholar,Yes,6.95,6,1,8.49
STU106305,23,Male,1,ME,46,2.9,40,59,53,8.2,2.9,276680,School,Yes,Day Scholar,Yes,5.26,6,3,6.4
STU106306,18,Male,7,EEE,63,0.8,46,74,23,6.9,8.8,129982,School,No,Hostel,No,6.41,2,2,5.59
STU106307,23,Female,6,ECE,96,5.3,99,70,52,6.3,8.2,173525,School,No,Hostel,No,7.23,3,4,8.27
STU106308,23,Female,7,CE,60,5.8,73,39,28,5.3,1.2,61190,School,Yes,Day Scholar,No,9.15,7,3,7.18
STU106309,24,Male,7,DS,83,6.0,58,90,91,5.6,4.9,247858,Postgraduate,No,Hostel,No,5.93,6,4,9.31
STU106310,24,Male,3,ECE,78,2.1,91,85,96,9.0,2.7,202548,None,Yes,Hostel,No,6.73,3,1,9.16
STU106311,23,Male,8,ECE,59,2.7,56,68,41,7.4,8.2,261503,None,Yes,Hostel,Yes,6.11,1,2,6.21
STU106312,21,Female,2,ME,46,9.8,91,54,31,9.0,1.8,261389,None,Yes,Day Scholar,No,7.91,4,4,7.39
STU106313,24,Male,4,ME,77,7.6,49,88,73,6.1,2.0,33166,School,Yes,Day Scholar,Yes,7.67,7,0,8.89
STU106314,24,Male,8,IT,74,3.0,62,71,53,5.8,1.0,186154,Postgraduate,Yes,Day Scholar,No,8.28,8,1,8.07
STU106315,19,Male,6,ME,56,0.8,62,60,93,7.5,2.8,106718,None,No,Day Scholar,Yes,5.04,6,1,8.14
STU106316,21,Male,4,ECE,90,3.7,42,72,34,5.3,2.5,25504,None,No,Hostel,Yes,7.95,8,3,7.55
STU106317,23,Female,8,CSE,69,3.0,58,58,35,5.1,7.4,235785,School,No,Day Scholar,Yes,8.35,3,1,6.65
STU106318,22,Female,1,DS,54,4.4,42,25,45,6.6,4.0,28078,School,No,Day Scholar,Yes,8.46,6,3,6.77
STU106319,25,Female,4,IT,61,7.0,74,43,66,5.3,3.0,117234,Graduate,Yes,Day Scholar,Yes,9.71,3,3,7.68
STU106320,20,Female,6,ME,61,1.2,97,96,31,5.8,3.9,44228,None,No,Day Scholar,No,5.7,0,0,7.16
STU106321,23,Female,7,IT,88,5.6,93,47,27,4.4,0.8,208428,Postgraduate,No,Day Scholar,No,7.85,4,0,8.16
STU106322,22,Female,4,ME,90,0.1,80,28,91,7.4,2.4,262791,Graduate,Yes,Day Scholar,No,9.65,1,3,7.56
STU106323,20,Male,5,EEE,80,4.5,64,71,36,6.3,3.5,245149,Postgraduate,No,Hostel,No,8.87,5,3,7.75
STU106324,24,Female,3,IT,82,3.4,69,74,80,9.0,7.9,108956,Grad,No,Day Scholar,No,9.13,2,2,9.47
STU106325,19,Male,5,CE,77,4.8,71,53,33,4.8,4.4,21438,Postgraduate,Yes,Hostel,No,6.05,4,3,6.04
STU106326,21,Male,6,CE,63,9.1,79,42,79,5.7,3.2,35980,None,No,Day Scholar,No,5.53,1,2,8.64
STU106327,22,Female,7,IT,,4.4,86,91,54,4.2,6.5,287171,Postgraduate,No,Hostel,Yes,6.13,1,1,6.83
STU106328,18,Female,2,ECE,60,2.0,92,91,43,7.3,6.9,261056,None,No,Day Scholar,No,5.91,7,3,7.53
STU106329,21,Male,7,DS,49,9.5,65,46,43,5.1,8.3,84604,Graduate,Yes,Day Scholar,Yes,9.49,6,0,8.46
STU106330,22,Female,5,ME,56,6.3,91,77,22,7.7,8.8,126024,School,No,Day Scholar,No,5.68,7,4,6.9
STU106331,18,Female,7,CSE,79,9.3,59,88,52,6.5,1.6,83607,School,No,Hostel,Yes,7.44,1,3,9.05
STU106332,25,Female,5,ME,64,2.1,80,87,95,5.2,2.0,172015,Postgraduate,No,Day Scholar,Yes,6.38,5,3,9.28
STU106333,23,Male,3,DS,58,0.9,43,74,62,8.8,7.5,76851,School,No,Hostel,Yes,8.02,6,2,7.15
STU106334,23,Female,5,CSE,83,5.7,98,21,81,6.4,1.9,270431,Graduate,No,Hostel,Yes,8.7,5,2,8.41
STU106335,21,Male,7,IT,72,2.5,56,55,84,4.9,4.0,136436,School,Yes,Hostel,Yes,6.78,1,4,6.69
STU106336,24,Male,4,ECE,54,0.9,36,42,79,8.1,1.1,119860,School,No,Hostel,No,8.07,6,0,7.77
STU106337,19,Male,7,DS,94,7.7,64,55,60,6.2,8.2,40708,School,Yes,Day Scholar,No,5.83,7,0,9.17
STU106338,23,Male,1,EEE,47,5.0,43,46,39,6.6,4.6,240149,None,Yes,Day Scholar,Yes,5.53,3,1,5.87
STU106339,23,Female,5,DS,85,0.2,69,75,73,6.6,2.8,45525,None,Yes,Day Scholar,No,6.69,3,1,8.54
STU106340,18,Female,1,IT,68,7.4,71,56,59,8.0,7.7,156830,Postgraduate,Yes,Hostel,No,8.62,5,1,9.11
STU106341,22,Female,5,CSE,68,7.5,71,29,51,7.0,4.9,230643,None,Yes,Day Scholar,Yes,8.21,4,4,8.05
STU106342,19,Female,7,ME,72,9.4,92,90,37,4.2,3.0,193496,School,No,Day Scholar,No,8.4,1,4,9.27
STU106343,18,Male,2,DS,47,7.4,72,34,63,6.9,2.9,88690,School,No,Hostel,Yes,5.12,4,4,7.79
STU106344,20,Male,4,CE,87,8.3,74,71,38,4.9,6.1,219861,Postgraduate,Yes,Hostel,Yes,5.55,5,3,8.55
STU106345,22,Female,3,CSE,48,5.9,83,95,63,7.9,0.6,239838,None,Yes,Hostel,Yes,8.75,6,4,8.53
STU106346,20,Male,4,ME,66,10.0,98,71,66,6.0,8.2,172319,School,Yes,Hostel,Yes,7.31,2,2,9.05
STU106347,22,Male,6,CE,58,6.1,76,28,69,6.2,8.4,240201,None,Yes,Day Scholar,Yes,5.08,1,1,6.73
STU106348,20,Female,6,ME,64,6.1,83,74,30,8.3,8.2,74715,Graduate,No,Hostel,Yes,6.36,2,4,6.85
STU106349,20,Female,4,DS,90,8.6,91,23,27,6.5,3.7,15195,School,No,Hostel,Yes,5.16,2,2,7.33
STU106350,23,Male,2,EEE,80,1.8,74,22,78,8.4,2.2,212149,School,No,Day Scholar,No,8.81,2,3,7.32
STU106351,20,Female,1,ECE,97,7.0,71,83,95,5.1,7.8,276056,Graduate,No,Hostel,No,6.96,6,1,9.74
STU106352,23,Female,2,CSE,64,4.6,96,20,36,5.9,2.6,247373,Graduate,Yes,Hostel,No,5.87,3,0,6.81
STU106353,19,Male,8,ECE,74,3.8,40,42,39,7.7,3.1,284102,Postgraduate,Yes,Day Scholar,No,5.72,1,4,6.3
STU106354,19,Female,5,IT,65,2.2,66,93,56,5.6,5.7,124340,None,No,Day Scholar,Yes,8.41,4,3,7.12
STU106355,25,Female,5,EEE,69,2.5,59,42,20,7.3,7.6,50636,School,Yes,Day Scholar,No,6.2,4,0,5.51
STU106356,25,Male,1,CSE,88,0.0,94,23,69,7.6,2.0,166604,Postgraduate,No,Day Scholar,Yes,9.37,3,0,7.76
STU106357,20,Male,1,DS,75,7.7,77,57,25,5.6,1.0,196021,School,Yes,Hostel,No,6.02,4,3,7.1
STU106358,25,Male,4,CE,76,6.6,74,40,89,5.2,,226760,Postgraduate,Yes,Day Scholar,Yes,7.53,0,2,7.94
STU106359,21,Female,5,CE,71,10.0,94,35,67,8.0,3.3,unknown,Postgraduate,Yes,Day Scholar,No,6.81,5,0,9.74
STU106360,25,Male,1,ECE,59,7.3,96,47,51,6.8,5.9,297175,None,No,Hostel,Yes,5.09,2,4,7.62
STU106361,20,Female,6,ECE,58,4.2,92,27,29,7.0,5.9,221943,Postgraduate,Yes,Day Scholar,No,9.22,6,3,6.51
STU106362,23,Male,8,DS,86,9.5,99,150,49,7.0,2.7,85629,School,No,Day Scholar,No,6.7,0,3,8.04
STU106363,20,Female,4,EEE,63,8.1,50,48,73,5.8,5.4,158288,Postgraduate,No,Hostel,Yes,5.97,6,4,7.49
STU106364,25,Female,8,IT,53,0.7,100,88,70,6.0,1.6,190349,None,Yes,Day Scholar,Yes,8.86,3,0,7.84
STU106365,20,Male,5,DS,91,6.4,62,69,36,7.8,3.2,119076,Graduate,Yes,Hostel,No,11.5,3,1,7.56
STU106366,18,Male,4,IT,59,1.3,90,44,96,8.0,5.0,153388,School,Yes,Day Scholar,Yes,9.53,2,2,7.96
STU106367,25,Female,7,DS,63,9.3,100,37,79,6.2,5.5,284303,School,No,Hostel,Yes,7.03,1,2,9.19
STU106368,23,Male,2,CE,45,5.8,65,30,21,5.0,6.6,293863,School,Yes,Day Scholar,No,11.5,4,4,5.68
STU106369,25,Male,6,ECE,78,5.6,67,20,53,7.5,6.4,17994,Graduate,Yes,Day Scholar,Yes,7.36,2,1,6.86
STU106370,20,Female,3,EEE,80,3.3,75,41,91,8.4,6.0,192374,Graduate,No,Day Scholar,No,5.14,2,1,8.65
STU106371,22,Male,4,EEE,93,0.1,70,29,44,5.4,2.5,46215,None,No,Hostel,No,5.28,7,4,5.91
STU106372,18,Female,1,ECE,92,0.3,54,70,50,4.1,5.5,211908,School,Yes,Hostel,No,8.11,6,2,6.76
STU106373,20,Male,4,CE,71,9.6,46,29,89,5.1,8.7,50835,None,No,Day Scholar,Yes,8.99,1,2,8.28
STU106374,22,Female,4,CSE,66,2.6,42,40,62,8.8,6.7,234464,Graduate,No,Hostel,Yes,6.32,0,2,5.57
STU106375,20,Male,3,DS,66,9.6,42,23,70,8.8,5.5,216883,None,No,Day Scholar,Yes,7.59,7,0,7.86
STU106376,22,Female,6,CE,53,2.0,43,99,64,7.2,3.2,190720,Postgraduate,Yes,Hostel,Yes,8.81,7,1,7.51
STU106377,25,Female,4,CE,82,9.8,53,52,53,7.4,2.8,38231,None,No,Day Scholar,Yes,7.92,0,4,7.42
STU106378,25,Female,7,DS,66,7.8,53,78,43,5.9,7.5,127479,None,No,Hostel,No,5.32,7,3,7.93
STU106379,25,Female,7,IT,93,4.7,54,65,60,7.6,5.8,279188,None,Yes,Hostel,Yes,6.49,4,0,8.54
STU106380,20,Male,2,IT,95,7.4,99,60,25,7.1,5.0,126968,School,Yes,Day Scholar,No,7.35,8,2,8.78
STU106381,25,Female,8,IT,80,6.5,70,55,21,5.6,5.6,71402,None,Yes,Day Scholar,Yes,8.66,2,2,7.77
STU106382,19,Female,9,CE,83,8.9,63,72,92,6.4,1.8,294622,Graduate,Yes,Hostel,Yes,6.58,3,1,10
STU106383,22,Female,2,EEE,48,8.7,83,53,49,7.4,8.6,unknown,School,Yes,Day Scholar,No,8.08,5,1,8.68
STU106384,18,Female,2,CSE,62,2.0,92,29,42,5.9,0.7,130408,School,No,Hostel,No,9.12,0,0,6.83
STU106385,21,Female,3,ME,60,2.8,42,40,22,8.5,1.6,165391,Graduate,No,Hostel,Yes,8.5,8,0,6.09
STU106386,20,Female,1,EEE,82,4.1,75,57,88,4.3,5.1,252976,Graduate,Yes,Hostel,No,8.23,8,2,9.03
STU106387,22,Male,4,CSE,86,9.6,81,57,24,4.6,0.7,275563,Graduate,Yes,Day Scholar,No,9.33,6,0,9.25
STU106388,24,Female,3,IT,92,7.8,95,75,83,6.2,5.0,107102,School,No,Hostel,No,7.63,0,0,10
STU106389,25,Female,5,IT,51,7.3,44,89,68,eight,6.1,61133,Postgraduate,No,Day Scholar,Yes,5.78,2,3,7.87
,19,Male,3,EEE,62,1.0,90,49,74,5.6,6.1,51744,None,No,Hostel,No,7.58,7,3,7.46
STU106391,20,Female,5,IT,85,7.8,96,69,66,5.1,1.8,215126,None,No,Day Scholar,Yes,6.69,1,0,8.75
STU106392,19,Male,5,CSE,59,2.0,50,20,45,5.1,4.2,204223,None,Yes,Day Scholar,Yes,7.47,2,2,4.93
STU106393,25,Female,1,ME,100,0.3,40,75,75,6.9,1.1,111434,Postgraduate,No,Day Scholar,Yes,6.32,5,2,7.91
STU106394,20,Female,8,ME,51,6.8,77,92,81,7.1,8.3,44815,Graduate,Yes,Day Scholar,Yes,6.86,4,4,9.43
STU106395,20,Female,4,ME,85,1.6,82,57,67,7.7,5.8,138225,Graduate,No,Hostel,No,7.79,2,4,7.79
STU106396,21,Female,1,IT,67,9.6,89,70,64,8.2,7.9,241476,None,No,Day Scholar,Yes,9.68,1,1,9.21
STU106397,19,Male,7,IT,98,1.0,92,34,45,7.1,5.0,39599,Graduate,No,Day Scholar,No,8.06,4,3,7.67
STU106398,24,Female,4,IT,54,2.6,39,32,79,5.3,6.4,54771,None,Yes,Day Scholar,No,5.74,1,3,6.32
STU106399,19,Female,3,CSE,45,4.7,58,75,48,5.5,1.9,22281,Postgraduate,Yes,Day Scholar,Yes,9.59,2,4,7.03
STU106400,25,Male,1,ECE,97,8.4,76,36,37,8.0,7.5,140634,None,No,Hostel,Yes,6.38,0,3,7.8
STU106401,24,Male,1,CE,59,4.5,38,67,31,5.4,1.9,74485,Graduate,Yes,Day Scholar,Yes,9.45,7,0,6.48
STU106402,20,Male,4,IT,85,9.9,57,49,30,5.5,8.7,22994,Postgraduate,Yes,Day Scholar,No,7.67,4,2,7.09
STU106403,24,Female,4,ECE,52,5.3,95,65,29,5.8,4.4,71602,None,No,Day Scholar,Yes,8.26,0,2,7.19
STU106404,25,Male,3,DS,71,2.0,69,22,26,8.1,0.6,239606,Postgraduate,No,Hostel,Yes,8.74,8,0,7.09
STU106405,19,Female,2,CSE,87,4.3,70,31,47,8.2,6.6,26247,School,No,Hostel,No,7.08,1,4,7.5
STU106406,18,Female,1,IT,48,7.9,88,93,46,5.1,1.2,54455,School,Yes,Hostel,Yes,6.82,2,4,8.32
STU106407,24,Male,6,CSE,62,7.9,83,35,89,4.5,7.3,42576,None,Yes,Day Scholar,No,5.08,6,0,7.76
STU106408,18,Male,7,IT,100,5.8,44,82,55,5.7,5.9,68892,Postgraduate,Yes,Day Scholar,No,5.94,7,0,7.66
,19,Female,6,IT,90,6.6,87,69,40,4.4,4.7,123245,Postgraduate,Yes,Day Scholar,Yes,5.58,7,2,8.54
STU106410,20,Male,7,DS,76,9.8,79,28,47,7.6,5.6,178583,School,No,Hostel,No,6.85,3,0,7.74
STU106411,24,Female,2,CE,62,5.5,48,48,73,8.5,3.9,175046,School,No,Day Scholar,No,7.77,1,1,8.08
STU106412,19,Female,6,EEE,72,0.1,65,43,98,8.9,3.5,90463,Graduate,Yes,Day Scholar,No,8.06,6,4,8.3
STU106413,22,Female,7,ME,79,1.4,80,48,30,8.5,5.2,231474,Postgraduate,Yes,Day Scholar,No,5.31,8,2,6.31
STU106414,25,Male,7,CE,91,2.7,50,53,55,5.7,6.1,179129,Postgraduate,Yes,Hostel,No,5.65,2,4,6.04
STU106415,25,Female,4,ECE,58,2.3,61,38,88,6.0,6.7,226337,Graduate,No,Day Scholar,No,7.62,5,0,6.96
STU106416,23,Male,6,EEE,99,2.4,57,93,32,5.3,7.4,71179,None,Yes,Hostel,No,8.63,8,2,7.51
STU106417,20,Female,1,CSE,94,4.1,73,97,39,4.9,3.8,62881,Postgraduate,Yes,Day Scholar,Yes,9.44,1,4,8.27
STU106418,25,Male,6,CSE,54,7.2,80,97,28,4.9,2.6,56151,School,No,Hostel,Yes,6.87,7,2,7.45
STU106419,18,Male,8,CE,90,2.3,37,66,69,5.9,7.8,241487,School,Yes,Hostel,Yes,9.09,0,1,7.47
STU106420,18,Female,7,EEE,96,3.5,93,22,38,4.8,3.8,297844,School,Yes,Day Scholar,Yes,6.34,7,1,6.78
STU106421,22,Male,4,IT,80,0.6,61,45,92,6.0,8.1,43818,School,No,Day Scholar,No,7.78,4,1,7.19
STU106422,18,Male,1,IT,51,8.9,79,48,58,8.1,3.9,235488,Postgraduate,No,Day Scholar,Yes,8.7,0,2,7.99
STU106423,20,Male,4,EEE,80,3.8,35,92,58,7.1,3.2,102115,Postgraduate,Yes,Day Scholar,No,8.08,5,2,12
STU106424,21,Male,1,CSE,59,8.9,96,64,40,8.1,1.9,158579,School,No,Hostel,No,8.1,2,2,8.1
,24,Male,7,CSE,73,0.1,66,25,37,6.7,3.6,261489,Graduate,Yes,Hostel,Yes,7.31,2,3,5.51
STU106426,25,Female,2,IT,79,1.0,71,85,89,8.3,3.3,85119,None,No,Hostel,Yes,9.04,1,3,8.63
STU106427,23,Male,2,ECE,63,1.6,42,100,100,6.7,2.9,162938,Graduate,Yes,Hostel,No,8.94,6,0,8.68
STU106428,25,Male,5,IT,82,3.3,43,89,35,7.5,8.9,258799,Postgraduate,Yes,Day Scholar,Yes,6.99,2,4,7.45
STU106429,19,Female,1,ECE,95,3.2,35,74,64,7.2,5.1,158131,Graduate,No,Hostel,Yes,7.41,1,2,7.67
STU106430,19,Male,4,IT,63,5.3,44,42,100,4.5,0.6,227024,None,No,Day Scholar,No,6.53,3,4,8.04
STU106431,20,Female,4,CSE,59,2.6,59,88,42,5.4,3.6,297519,Graduate,Yes,Hostel,No,6.64,5,4,6.15
STU106432,24,Female,7,CSE,93,1.4,69,86,94,8.9,1.1,202086,Graduate,No,Day Scholar,No,5.81,0,0,9.6
STU106433,21,Female,5,CE,96,6.5,73,73,90,7.5,3.4,103122,School,No,Hostel,Yes,8.16,0,4,10
STU106434,19,Female,6,DS,87,8.1,59,99,86,5.2,5.7,94431,School,No,Day Scholar,Yes,9.17,5,0,10
STU106435,19,Female,5,ECE,48,3.7,45,100,33,5.5,3.6,282717,Postgraduate,Yes,Hostel,Yes,6.31,8,1,7.46
STU106436,20,Female,4,CE,73,6.7,98,89,31,8.6,1.1,166637,School,No,Hostel,No,6.54,4,2,8.1
STU106437,18,Female,8,CE,93,0.1,56,41,22,8.7,7.9,28834,School,Yes,Hostel,No,5.12,3,4,5.03
STU106438,21,Male,8,ME,69,1.6,99,58,30,6.8,4.5,137154,School,No,Day Scholar,Yes,8.89,5,1,7.57
STU106439,24,Female,3,IT,96,8.3,68,78,68,6.7,0.8,103468,School,No,Day Scholar,Yes,8.1,8,2,9.81
STU106440,20,Male,2,IT,93,1.1,76,42,100,6.6,9.0,196475,Graduate,No,Hostel,No,5.88,1,2,7.25
STU106441,18,Female,8,DS,56,1.6,41,26,42,7.7,3.8,53609,Graduate,No,Day Scholar,Yes,6.94,7,1,5.97
STU106442,21,Male,8,CSE,87,8.8,64,44,86,5.7,1.7,55280,None,Yes,Day Scholar,No,9.36,6,3,9.19
STU106443,23,Female,8,CE,77,0.5,49,50,49,4.2,0.9,31795,School,Yes,Day Scholar,No,9.31,8,0,6.55
STU106444,21,Male,2,ECE,60,5.1,56,49,67,7.7,3.3,192787,Graduate,Yes,Hostel,Yes,7.29,4,1,6.96
STU106445,18,Female,3,EEE,87,3.1,91,58,32,5.2,1.8,139957,None,No,Hostel,Yes,5.83,8,1,6.84
STU106446,19,Female,1,DS,47,2.8,49,86,66,7.8,6.6,242049,Graduate,No,Day Scholar,Yes,5.37,7,3,6.53
STU106447,25,Male,5,CSE,62,1.1,66,31,27,6.5,2.5,203580,None,No,Day Scholar,No,8.35,7,3,6.35
STU106448,21,Female,8,CE,88,5.2,72,75,40,6.3,6.5,231505,Postgraduate,Yes,Day Scholar,Yes,8.72,5,3,8.85
STU106449,23,Male,3,EEE,59,5.4,51,94,26,8.1,3.2,16161,Graduate,No,Hostel,Yes,5.79,7,1,6.69
STU106450,25,Female,5,CSE,64,4.1,74,63,59,4.3,5.4,118787,None,Yes,Day Scholar,No,7.43,7,4,8.17
STU106451,18,Female,3,IT,71,8.7,65,59,82,7.3,8.7,292801,Graduate,No,Hostel,Yes,9.66,6,0,9.76
STU106452,24,Female,6,ECE,58,6.3,73,98,93,8.5,8.0,174832,School,Yes,Hostel,Yes,6.81,7,3,9.1
STU106453,20,Male,4,ECE,84,0.4,50,49,72,6.3,3.1,135657,None,No,Hostel,No,9.35,1,0,7.7
STU106454,19,Male,5,IT,86,8.9,83,92,39,6.3,8.7,85338,Graduate,Yes,Day Scholar,Yes,7.18,7,1,9.63
STU106455,22,Male,7,IT,61,9.5,63,97,70,4.8,4.0,18669,Postgraduate,Yes,Hostel,No,8.36,3,2,9.47
STU106456,25,Female,7,CE,72,8.4,61,74,63,5.7,7.8,145860,None,Yes,Hostel,Yes,6.25,2,1,7.74
STU106457,20,Male,7,EEE,67,5.5,76,25,90,8.7,7.2,121099,Postgraduate,No,Day Scholar,No,7.39,1,2,7.91
STU106458,24,Male,3,EEE,48,7.4,57,94,76,7.0,1.3,227746,Graduate,No,Day Scholar,No,5.16,0,4,7.67
STU106459,19,Male,1,ECE,,4.8,100,33,41,6.2,3.0,167887,Postgraduate,No,Hostel,Yes,7.4,3,4,6.74
STU106460,23,Female,6,DS,95,9.2,92,70,82,6.9,0.9,85829,Graduate,Yes,Hostel,No,7.56,8,3,10
STU106461,20,Female,3,CE,91,3.0,44,75,36,5.5,2.7,158204,Graduate,No,Hostel,Yes,8.92,7,3,7.32
STU106462,25,Male,6,ECE,77,3.3,69,37,73,8.7,0.7,94941,None,No,Day Scholar,Yes,8.29,1,3,8.23
STU106463,23,Female,3,ECE,85,3.2,44,59,95,8.0,3.5,187704,Postgraduate,No,Day Scholar,No,8.98,2,0,9.19
STU106464,22,Female,5,DS,82,1.2,68,66,54,6.8,2.5,118374,None,Yes,Day Scholar,Yes,5.39,1,1,6.41
STU106465,24,Female,5,ME,99,8.9,90,78,-10,5.4,5.7,199331,None,No,Hostel,Yes,5.34,3,3,8.94
STU106466,23,Female,1,IT,92,7.1,51,73,70,7.7,4.0,152710,Graduate,No,Day Scholar,No,6.79,8,0,9.41
STU106467,22,Female,4,DS,98,4.4,59,47,84,8.0,5.0,39105,School,Yes,Day Scholar,Yes,9.66,4,2,8.41
STU106468,22,Female,8,IT,100,9.2,66,44,86,5.7,3.8,287857,None,No,Day Scholar,No,6.43,7,2,9.33
STU106469,19,Male,1,CE,67,4.4,50,86,60,5.0,3.0,227588,Graduate,No,Day Scholar,No,5.84,1,2,6.7
STU106470,22,Male,3,CSE,47,8.1,57,51,64,8.8,6.4,56173,Graduate,No,Day Scholar,Yes,6.35,2,3,8.06
STU106471,19,Female,2,CSE,83,0.3,64,88,41,8.2,1.5,282399,Graduate,Yes,Hostel,No,5.59,6,2,6.86
STU106472,23,Female,8,DS,77,0.9,92,47,23,5.5,8.0,287718,Graduate,Yes,Day Scholar,No,6.61,4,0,6.43
STU106473,20,Male,1,CSE,64,-3,90,55,56,7.4,6.5,19286,None,No,Day Scholar,No,8.76,7,0,8.32
STU106474,18,Female,8,CSE,46,3.2,71,46,46,5.4,5.0,192616,None,No,Day Scholar,Yes,8.15,8,4,6.87
STU106475,25,Female,5,CE,100,8.2,55,74,67,6.3,8.6,149650,None,No,Day Scholar,Yes,9.37,3,2,8.97
STU106476,23,Female,6,DS,47,8.0,47,56,29,4.5,8.4,108413,Postgraduate,No,Day Scholar,Yes,5.37,7,4,6.05
STU106477,22,Female,3,CE,46,7.2,99,46,89,6.1,3.6,243774,School,Yes,Day Scholar,No,6.48,6,4,8.28
STU106478,18,Female,3,CSE,48,3.6,94,68,82,7.8,0.7,170064,Postgraduate,Yes,Day Scholar,Yes,6.31,4,3,7.74
STU106479,23,Male,6,ME,90,5.0,94,97,52,4.8,7.6,39406,Postgraduate,Yes,Hostel,Yes,8.02,7,4,8.41
STU106480,22,Female,4,CSE,76,2.7,83,95,85,5.6,7.8,86333,Postgraduate,Yes,Hostel,No,5.68,6,2,9.31
STU106481,21,Female,5,ECE,66,1.2,69,43,46,7.5,8.0,226035,Graduate,No,Day Scholar,Yes,9.53,8,1,6.67
STU106482,21,Female,2,CSE,67,2.7,41,52,59,7.4,4.6,265378,Graduate,No,Hostel,Yes,5.18,4,2,6.37
STU106483,25,Male,2,CE,66,4.9,35,27,45,4.0,2.7,225290,Graduate,No,Hostel,No,8.73,7,4,6.48
STU106484,19,Male,4,EEE,51,4.3,41,33,39,7.8,0.7,203872,School,Yes,Day Scholar,No,8.93,1,0,6.07
STU106485,25,Male,4,EEE,93,0.9,62,59,98,6.9,4.8,208785,None,Yes,Day Scholar,Yes,8.17,8,4,8.71
STU106486,22,Female,1,CE,57,5.3,42,52,54,8.9,2.1,38913,Postgraduate,Yes,Hostel,No,8.45,4,1,7.21
STU106487,18,Female,6,EEE,94,9.1,44,89,71,6.4,5.9,292543,Postgraduate,Yes,Hostel,Yes,9.02,6,0,9.56
STU106488,24,Female,7,ECE,49,7.4,42,50,52,6.3,3.6,70594,None,Yes,Day Scholar,No,9.01,5,2,6.7
STU106489,24,Female,7,IT,87,9.5,58,51,22,8.1,1.6,137129,Graduate,Yes,Day Scholar,Yes,9.54,2,4,8.13
STU106490,22,Female,2,CE,57,5.9,44,75,42,7.0,2.7,40899,None,No,Day Scholar,No,5.41,0,2,6.88
STU106491,19,Female,6,CE,79,4.3,87,42,57,5.8,1.9,214458,Graduate,Yes,Day Scholar,Yes,6.1,0,2,7.01
STU106492,22,Female,4,ECE,100,5.9,99,70,83,8.9,2.1,153339,None,No,Day Scholar,No,6.8,4,4,9.94
STU106493,23,Male,1,ECE,94,2.6,59,67,64,7.0,5.8,103631,School,No,Day Scholar,No,6.55,0,1,7.46
STU106494,25,Female,8,ECE,52,4.6,67,32,51,7.8,6.3,109094,Postgraduate,Yes,Day Scholar,No,9.31,3,3,6.83
STU106495,21,Female,6,ME,96,1.2,73,53,25,7.8,7.4,276798,Graduate,No,Day Scholar,Yes,7.94,3,3,6.57
STU106496,20,Male,3,IT,81,3.6,35,34,80,8.4,6.9,139754,School,Yes,Day Scholar,Yes,6.42,1,2,6.49
STU106497,24,Female,5,ECE,54,9.5,90,61,26,8.4,4.4,138195,Graduate,No,Day Scholar,No,8.74,4,0,7.6
STU106498,18,Male,5,ME,54,7.9,63,87,91,5.4,0.6,171247,None,No,Day Scholar,Yes,9.79,0,1,9.29
STU106499,21,Male,6,IT,86,4.7,74,32,56,5.7,2.4,245997,Postgraduate,No,Day Scholar,Yes,9.27,0,1,8.37
STU106500,18,Female,1,CSE,52,6.1,37,67,68,6.4,8.0,59473,Graduate,No,Day Scholar,No,5.92,4,0,6.89
STU106501,18,Male,1,ME,56,2.6,90,80,27,6.1,5.8,123648,School,No,Hostel,No,6.63,4,2,7.14
STU106502,25,Male,8,CE,77,1.7,85,39,50,5.8,5.4,42626,School,Yes,Hostel,Yes,9.27,5,0,6.88
STU106503,18,Female,1,ME,85,1.7,61,49,41,4.4,3.6,150409,None,No,Day Scholar,No,6.34,7,1,6.39
STU106504,22,Male,4,EEE,87,9.6,64,94,36,8.9,7.7,75691,School,No,Day Scholar,Yes,5.15,8,1,9.43
STU106505,20,Female,5,IT,54,0.0,92,97,50,7.2,3.7,121265,School,Yes,Day Scholar,Yes,8.67,0,0,7.7
STU106506,23,Male,5,ECE,53,8.7,62,91,38,7.2,6.6,221989,Postgraduate,Yes,Hostel,No,9.13,8,2,8.58
STU106507,24,Female,3,ME,54,6.6,47,21,44,6.5,8.8,95586,None,No,Day Scholar,Yes,8.11,6,0,6.85
STU106508,21,Male,5,ME,84,-3,56,24,94,8.6,8.8,20689,None,Yes,Hostel,Yes,6.78,5,3,7.19
STU106509,19,Male,1,DS,59,3.3,98,81,29,4.9,5.7,258265,School,No,Hostel,No,6.77,2,3,6.71
STU106510,18,Male,6,CE,92,9.2,73,34,33,5.8,7.9,50107,School,No,Day Scholar,No,8.41,8,1,8.13
STU106511,23,Male,7,CSE,87,2.9,100,98,90,4.7,9.0,72437,Graduate,Yes,Day Scholar,No,6.75,6,1,10
STU106512,25,Female,6,ECE,70,9.7,75,60,100,4.8,7.4,36682,Postgraduate,No,Day Scholar,No,7.9,2,2,9.29
STU106513,20,Female,1,ECE,59,7.3,79,29,27,4.4,6.9,296913,None,No,Hostel,Yes,8.93,1,3,5.9
STU106514,18,Female,8,CSE,52,5.6,74,37,45,8.9,4.4,238791,None,No,Day Scholar,No,7.89,2,2,7.25
STU106515,25,Female,3,CSE,45,1.7,48,45,45,8.5,8.5,289840,Graduate,Yes,Day Scholar,Yes,9.04,3,1,5.76
STU106516,18,Female,2,CSE,94,4.5,90,42,48,8.4,4.1,185508,Graduate,No,Day Scholar,Yes,8.04,2,0,7.76
STU106517,25,Male,1,EEE,51,9.1,94,52,96,8.0,8.9,83179,Graduate,Yes,Day Scholar,Yes,5.46,7,2,8.75
STU106518,24,Female,5,IT,69,9.5,37,21,53,6.0,4.1,60510,Postgraduate,Yes,Hostel,No,8.59,7,1,7.26
STU106519,25,Female,2,ECE,78,9.9,88,75,22,5.8,0.7,267830,School,Yes,Hostel,Yes,9.26,1,0,9.18
STU106520,22,Female,6,EEE,46,5.8,54,37,44,4.9,7.8,75521,Postgraduate,No,Day Scholar,Yes,6.65,3,2,6.4
STU106521,19,Male,1,ME,84,1.2,94,84,73,6.8,8.0,297132,Graduate,Yes,Day Scholar,No,6.62,1,0,7.89
STU106522,23,Female,1,IT,98,6.9,43,77,35,7.5,3.6,204380,None,Yes,Hostel,Yes,7.06,3,1,7.41
STU106523,21,Male,7,IT,48,3.7,81,89,48,7.1,4.7,34452,Graduate,No,Day Scholar,No,7.25,2,1,7.96
STU106524,24,Male,3,CE,65,2.6,41,33,50,6.7,1.7,52334,None,No,Hostel,No,6.62,2,2,5.5
STU106525,19,Male,7,ME,79,6.0,59,86,64,5.1,8.9,209390,None,Yes,Hostel,Yes,9.16,3,4,7.82
STU106526,21,Male,1,EEE,91,6.4,86,38,20,4.6,4.0,289488,Graduate,No,Day Scholar,No,9.3,1,1,6.93
STU106527,18,Male,5,CE,52,7.1,70,40,80,6.6,5.2,255125,Postgraduate,No,Day Scholar,No,7.74,1,1,8.61
STU106528,21,Male,6,CSE,51,5.8,51,61,34,7.5,0.8,128964,Postgraduate,No,Day Scholar,No,8.98,8,3,7.07
STU106529,23,Female,1,ME,,2.0,64,59,74,5.6,1.7,69416,Postgraduate,Yes,Hostel,Yes,6.54,1,2,6.94
STU106530,25,Male,1,CE,49,1.2,83,82,90,6.0,4.7,192347,None,No,Hostel,No,9.12,6,0,8.98
STU106531,20,Female,8,CSE,82,6.1,40,67,89,8.3,7.7,114183,Graduate,Yes,Day Scholar,Yes,7.7,8,3,9.1
STU106532,19,Male,2,CSE,52,4.5,53,95,79,8.5,4.5,127138,None,Yes,Hostel,No,7.73,5,0,8.59
STU106533,22,Male,5,EEE,81,8.4,44,28,39,4.4,6.2,72120,Postgraduate,Yes,Hostel,Yes,6.93,4,3,6.14
STU106534,25,Male,6,CE,95,1.9,84,52,64,5.8,0.8,232650,None,No,Day Scholar,No,8.34,0,4,8.28
STU106535,25,Male,4,DS,83,9.7,51,61,100,8.9,3.9,268326,Graduate,Yes,hostel,Yes,8.69,3,3,10
STU106536,19,Female,4,EEE,89,6.9,75,58,84,4.8,8.9,197570,None,No,Day Scholar,No,6.85,2,1,8.47
STU106537,24,Male,8,AI&ML,75,1.1,61,43,32,4.5,3.0,282985,School,Yes,Hostel,Yes,9.3,1,2,6.11
STU106538,21,Male,7,ME,71,5.6,86,41,23,4.5,7.7,221892,Postgraduate,No,Hostel,Yes,8.79,3,1,7.35
STU106539,24,Male,8,EEE,82,4.8,43,31,70,4.9,6.3,88336,Postgraduate,No,Day Scholar,No,6.5,2,0,6.85
STU106540,22,Female,1,CE,69,0.8,91,41,81,8.0,8.1,15806,None,No,Day Scholar,Yes,6.15,5,2,8.09
STU106541,23,Female,7,CE,96,5.6,84,91,25,8.1,4.9,58900,School,Yes,Hostel,Yes,5.23,6,3,8.34
STU106542,25,Male,5,CSE,47,0.5,48,81,48,5.9,6.9,189660,Postgraduate,No,Hostel,Yes,8.51,8,2,7.04
STU106543,19,Male,8,DS,94,7.6,65,52,85,4.5,6.0,256882,School,Yes,Hostel,Yes,5.8,4,3,7.93
STU106544,25,Male,5,IT,80,0.7,62,60,82,8.6,6.3,274242,School,No,Day Scholar,Yes,5.48,5,4,6.91
STU106545,25,Female,4,CSE,59,5.2,56,97,41,7.7,3.4,115844,None,Yes,Hostel,Yes,8.66,6,3,8.48
STU106546,19,Male,2,EEE,69,3.1,87,28,60,6.4,8.7,211760,Graduate,No,Hostel,No,9.55,1,4,6.39
STU106547,24,Male,3,CSE,76,8.4,90,33,62,7.8,8.0,247252,School,Y,Hostel,Yes,8.17,5,1,8.65
STU106548,19,Male,5,EEE,83,5.3,52,94,61,7.9,5.5,206883,Graduate,No,Hostel,No,9.17,2,2,8.89
STU106549,22,Male,1,IT,78,2.3,N/A,77,93,7.3,8.1,112098,None,No,Hostel,No,6.38,7,3,8.77
STU106550,20,Female,3,ME,47,0.6,93,84,62,7.2,1.5,44027,School,No,Day Scholar,Yes,8.09,8,0,8.82
STU106551,22,male,4,IT,94,4.3,71,86,47,6.9,2.3,84670,School,Yes,Day Scholar,Yes,6.01,8,1,8.97
STU106552,21,Female,1,DS,65,6.6,70,86,39,6.7,8.0,287261,School,No,Hostel,No,6.79,5,4,8.27
STU106553,18,Female,2,CE,66,1.0,37,38,59,7.9,5.9,145392,School,Yes,Day Scholar,No,8.23,6,3,6.74
STU106554,24,Male,2,CSE,77,1.4,70,48,63,4.6,5.2,15479,Postgraduate,Yes,Day Scholar,Yes,9.42,5,4,7.4
STU106555,19,Male,1,EEE,68,2.5,45,68,66,4.4,6.5,98038,Graduate,No,Day Scholar,No,5.43,4,4,7.17
STU106556,24,Female,3,DS,88,3.0,89,38,95,4.5,1.8,194092,Graduate,No,Day Scholar,No,5.1,5,3,8.26
STU106557,22,Female,4,CE,48,2.0,91,97,29,7.3,7.3,41867,None,No,Hostel,Yes,5.53,7,4,7.3
STU106558,20,Female,1,ME,99,9.4,90,66,85,5.0,1.6,112429,Graduate,No,Day Scholar,No,9.58,0,1,10
STU106559,24,Female,2,ECE,51,2.6,59,57,95,4.7,2.4,102031,None,No,Hostel,No,6.4,1,2,6.87
STU106560,21,Female,5,CE,64,9.9,79,42,46,7.6,4.3,296758,Graduate,No,Hostel,Yes,5.14,4,3,8.19
STU106561,22,Female,8,DS,,3.0,37,67,81,7.5,4.9,276553,School,No,Day Scholar,No,7.57,6,1,7.76
STU106562,22,Female,5,IT,68,8.1,41,39,83,6.5,6.7,100484,Postgraduate,Yes,Day Scholar,No,9.06,5,3,8.06
STU106563,18,Female,5,CE,91,1.8,77,57,96,6.3,5.2,286209,Postgraduate,Yes,Day Scholar,Yes,7.19,3,3,8.89
STU106564,23,Female,6,CE,95,3.3,86,74,74,7.3,8.5,287292,School,No,Hostel,Yes,8.43,0,3,9.3
STU106565,25,Male,2,CSE,74,0.9,100,55,45,8.7,7.8,195324,None,No,Day Scholar,No,9.34,7,1,8.17
STU106566,24,Male,7,CSE,94,3.5,70,52,93,5.9,7.7,279055,None,Yes,Day Scholar,Yes,6.72,5,1,9.35
STU106567,21,Male,4,ECE,80,2.1,N/A,23,48,8.0,8.7,217023,Postgraduate,Yes,Hostel,No,7.89,7,4,6.41
STU106568,19,Female,1,CE,88,7.6,65,39,48,4.7,1.7,216897,None,Yes,Hostel,No,9.74,5,1,8.69
STU106569,24,Male,3,IT,68,9.8,66,78,40,5.8,1.5,61826,Postgraduate,Yes,Day Scholar,Yes,5.73,7,4,8.15
STU106570,19,Female,8,DS,90,0.5,65,22,87,4.4,2.1,236195,Graduate,Yes,Hostel,No,8.26,2,3,7.28
STU106571,18,Male,6,ME,57,1.2,50,58,95,6.3,5.5,135986,None,No,Hostel,No,7.83,4,1,7.16
STU106572,23,Male,4,ME,73,1.8,97,91,96,7.7,1.5,220724,Graduate,No,Hostel,Yes,9.45,4,2,9.43
STU106573,23,Male,6,ECE,52,7.9,57,71,63,7.9,5.8,119483,None,No,Day Scholar,No,7.28,1,3,8.43
STU106574,22,Female,3,DS,60,3.4,51,24,27,4.6,6.7,94235,Graduate,No,Day Scholar,Yes,8.18,5,3,5.78
STU106575,23,Female,8,DS,75,8.2,68,81,84,5.0,4.9,217490,Postgraduate,No,Day Scholar,Yes,5.58,2,2,8.94
STU106576,22,Female,8,DS,86,7.9,40,85,21,4.7,7.3,65376,Postgraduate,Yes,Hostel,No,5.32,6,2,7.5
STU106577,24,Male,8,CSE,99,2.0,63,64,67,5.7,5.9,146023,School,No,Day Scholar,Yes,8.2,1,2,8.03
STU106578,18,Female,5,EEE,47,8.1,62,22,44,5.8,5.7,96307,Postgraduate,No,Hostel,Yes,6.36,4,1,6.02
STU106579,18,Male,1,ME,50,2.6,88,72,72,6.9,0.9,147188,None,No,Day Scholar,Yes,6.08,6,2,7.72
STU106580,18,Male,1,CE,50,4.0,82,50,63,8.8,4.2,65921,None,Yes,Day Scholar,No,6.54,3,4,7.71
STU106581,18,Female,1,EEE,,3.1,81,78,80,4.1,8.2,263574,Postgraduate,Yes,Day Scholar,No,8.84,5,4,8.47
STU106582,23,Male,4,ECE,72,1.4,64,60,32,4.4,8.6,229675,Postgraduate,Yes,Day Scholar,No,8.42,0,3,6.4
STU106583,25,Male,3,ME,80,8.2,72,39,23,6.9,1.9,43052,Graduate,Yes,Day Scholar,No,7.6,0,3,7.29
STU106584,20,Female,1,DS,91,4.9,92,67,33,7.0,6.3,291765,Grad,Yes,Day Scholar,No,7.82,2,2,7.56
STU106585,22,Female,6,DS,56,3.6,72,27,65,6.8,3.7,156496,None,Yes,Hostel,No,9.11,0,2,6.89
STU106586,20,Female,6,IT,61,3.6,92,24,37,4.0,0.8,188897,School,Yes,Day Scholar,No,8.56,8,0,7.04
STU106587,21,Male,6,ECE,95,7.8,90,27,64,7.5,4.7,139218,School,Yes,Day Scholar,Yes,5.79,1,2,8.65
STU106588,25,Female,4,CE,69,1.7,40,48,41,5.6,3.8,245334,None,Yes,Day Scholar,No,7.92,6,1,6.82
STU106589,18,Female,2,EEE,68,7.5,69,92,100,4.0,1.4,64236,School,No,Day Scholar,No,5.26,7,0,9.29
STU106590,24,Male,8,CE,95,4.3,71,29,20,4.9,3.8,187642,School,Yes,Hostel,No,8.93,8,4,7.05
STU106591,18,Female,5,ME,83,7.4,44,38,91,8.9,7.7,295733,None,No,Day Scholar,Yes,9.45,7,4,8.93
STU106592,21,Female,4,ECE,57,2.7,52,21,24,7.3,7.3,51358,Postgraduate,Yes,Hostel,No,8.95,3,?,5.9
STU106593,24,Male,8,ME,76,4.7,53,70,35,8.0,8.2,169351,Postgraduate,Yes,Day Scholar,Yes,6.72,8,1,7.97
STU106594,23,Male,6,ME,86,5.5,69,91,43,7.8,2.5,100431,Graduate,Yes,Hostel,No,9.52,2,1,9.46
STU106595,20,Female,5,CE,51,6.4,50,98,80,4.5,5.6,264529,None,Yes,Hostel,Yes,9.48,8,0,9.06
STU106596,18,Female,3,IT,90,8.1,84,42,35,6.7,4.9,141863,Postgraduate,Yes,Day Scholar,No,7.12,5,1,8.39
STU106597,23,Male,4,DS,60,8.3,99,81,22,7.2,8.1,64568,None,Yes,Day Scholar,No,8.06,1,4,8.09
STU106598,22,Male,2,DS,91,2.0,63,37,91,7.5,7.7,27146,None,Yes,Hostel,Yes,8.84,4,3,7.75
STU106599,25,Female,3,CSE,90,9.0,66,88,50,8.1,3.5,113199,School,Yes,Hostel,Yes,8.5,0,3,9.59
STU106600,18,Female,5,ME,50,6.9,47,88,90,7.3,8.8,178837,None,Yes,Hostel,No,5.28,8,2,9.08
STU106601,20,Female,4,ME,64,2.8,61,24,80,4.2,1.3,65270,School,Yes,Hostel,Yes,6.0,3,0,6.91
STU106602,18,Female,8,CE,100,6.3,90,80,79,5.4,2.9,154662,Postgraduate,No,Day Scholar,No,9.38,5,3,10
STU106603,19,Male,4,CE,60,8.9,56,81,38,5.1,7.1,125998,Graduate,No,Day Scholar,Yes,8.67,6,4,8.3
STU106604,25,Male,5,IT,75,8.4,37,42,97,8.0,7.1,52383,Postgraduate,No,Hostel,No,5.95,1,?,8.3
STU106605,18,Male,3,IT,48,10.0,58,95,83,8.5,8.5,227235,None,No,Hostel,Yes,6.19,5,3,9.42
STU106606,18,Female,8,IT,55,8.5,38,34,75,4.9,3.7,79891,None,No,Hostel,No,9.79,6,1,7.48
STU106607,24,Female,9,ECE,82,2.3,89,62,76,8.6,7.9,202421,School,No,Hostel,No,8.75,0,2,8.02
STU106608,25,Female,2,CSE,87,3.5,38,38,82,8.3,6.8,58244,School,Yes,Hostel,No,6.21,4,2,6.95
STU106609,25,Female,4,ME,64,6.4,50,98,42,7.5,8.9,104671,None,Yes,Day Scholar,Yes,8.86,0,2,8.35
STU106610,25,Male,6,ECE,89,6.2,42,32,58,4.1,2.5,213912,Postgraduate,No,Day Scholar,No,5.19,4,3,6.86
STU106611,19,Female,4,CSE,47,0.5,39,84,81,4.3,4.7,185732,None,No,Hostel,No,6.3,4,0,7.14
STU106612,20,Female,8,DS,47,3.4,59,42,55,8.5,2.4,89326,None,No,Day Scholar,Yes,8.82,5,4,7.42
STU106613,23,Female,7,ECE,100,7.0,97,83,69,6.9,0.9,142486,School,Yes,Day Scholar,No,9.0,5,3,10
STU106614,24,Male,1,DS,84,2.0,55,23,53,5.8,3.4,70828,Grad,Yes,Day Scholar,Yes,6.67,4,2,6.69
STU106615,24,Male,4,IT,79,5.7,59,41,39,5.1,3.9,130589,School,No,Day Scholar,No,8.54,1,4,6.07
STU106616,22,Female,4,EEE,78,1.2,53,34,70,7.6,4.5,206712,Postgraduate,No,Hostel,Yes,8.42,8,1,7.49
STU106617,20,Female,4,CSE,97,2.2,44,87,86,4.8,6.3,79787,None,Yes,Hostel,No,9.34,2,4,8.01
STU106618,19,Female,7,ECE,64,9.0,60,46,41,5.5,0.6,189127,School,No,Hostel,Yes,6.3,7,1,7.77
STU106619,20,Male,6,IT,61,2.2,74,69,89,8.1,2.9,175472,None,No,Hostel,No,5.9,0,2,7.73
STU106620,22,Female,7,EEE,85,7.6,43,51,96,6.2,8.3,203603,Graduate,Yes,Hostel,Yes,5.16,8,3,8.57
STU106621,23,Male,4,DS,87,8.1,35,57,31,4.2,8.6,47144,Postgraduate,Yes,Day Scholar,Yes,8.56,6,2,7.49
STU106622,18,Female,8,ECE,65,7.9,79,53,45,8.4,2.8,104978,School,Yes,Hostel,Yes,8.78,3,1,8.75
STU106623,20,Female,4,CE,51,3.5,40,25,87,7.8,7.5,248364,None,Yes,Day Scholar,No,7.17,4,0,7.44
STU106624,25,Female,5,AI&ML,50,0.1,92,64,40,7.7,6.3,132124,Graduate,No,Day Scholar,No,7.14,5,3,6.22
STU106625,25,Female,2,EEE,79,0.5,54,23,42,4.1,1.5,262397,None,Yes,Day Scholar,No,9.04,7,0,6.8
STU106626,20,Male,5,DS,92,6.2,37,61,84,7.0,3.1,207540,None,No,Day Scholar,No,6.56,3,4,8.49
STU106627,18,Male,5,IT,80,9.4,69,36,61,4.1,7.1,107966,Postgraduate,Yes,Hostel,No,8.17,3,3,7.98
STU106628,18,Female,2,ECE,70,5.8,90,84,71,8.9,6.8,36596,School,No,Hostel,No,9.05,8,4,9.91
STU106629,18,Female,3,IT,78,2.0,52,58,67,5.4,2.9,118598,Postgraduate,Yes,Day Scholar,Yes,8.68,0,1,7.93
STU106630,20,Female,1,IT,76,5.6,40,65,70,eight,4.8,50564,Graduate,No,Day Scholar,Yes,6.19,6,4,7.3
STU106631,21,Female,4,IT,93,7.1,60,52,29,5.4,7.7,15934,Graduate,No,Day Scholar,Yes,9.72,4,0,8.16
STU106632,20,Male,3,ME,94,5.8,64,34,90,5.4,3.6,86964,None,Yes,Day Scholar,No,8.17,7,2,9.03
STU106633,18,Female,2,EEE,89,7.0,92,38,51,5.7,3.6,232816,School,No,Day Scholar,No,6.09,0,3,7.26
STU106634,23,Female,3,DS,76,7.7,43,56,42,6.5,0.9,66055,Graduate,No,Hostel,No,9.58,5,1,7.34
STU106635,20,Female,5,DS,89,1.6,67,98,22,6.8,7.6,226977,Graduate,Yes,Day Scholar,No,5.11,5,1,7.08
STU106636,21,Female,3,CE,46,4.1,96,48,37,6.3,5.7,196867,School,Yes,Hostel,Yes,9.79,5,0,7.61
STU106637,23,Male,4,ECE,93,8.9,35,42,24,7.8,8.4,299017,Postgraduate,No,Hostel,No,5.65,7,1,6.86
STU106638,25,Male,3,ECE,93,7.8,56,35,86,8.9,2.1,278021,School,No,Day Scholar,Yes,6.21,5,0,9.73
STU106639,23,Male,1,EEE,60,3.1,63,47,77,7.3,7.9,33276,Postgraduate,Yes,Hostel,No,9.68,5,4,7.2
STU106640,20,Male,6,EEE,81,0.3,46,70,75,7.7,4.1,289465,None,Yes,Hostel,No,9.75,3,1,8.57
STU106641,23,Female,4,ME,63,8.6,49,71,99,6.4,2.8,131416,Graduate,Yes,Day Scholar,No,7.35,6,2,9.79
STU106642,24,Female,7,ME,91,0.8,69,61,91,8.4,7.1,281860,Postgraduate,No,Day Scholar,No,7.57,7,1,8.79
STU106643,19,Female,6,CE,49,2.4,81,65,80,5.7,4.5,107640,Postgraduate,No,Day Scholar,Yes,7.84,5,4,8.07
STU106644,18,Female,7,ME,49,2.6,50,57,93,4.6,4.1,212925,Graduate,Yes,Hostel,No,7.05,1,3,6.4
STU106645,20,Male,4,DS,66,2.8,49,96,38,4.9,6.8,154682,Graduate,Yes,Hostel,Yes,9.61,4,1,6.96
STU106646,24,Female,1,DS,46,9.1,52,45,85,8.1,7.1,248977,School,Yes,Day Scholar,No,7.09,0,0,7.41
STU106647,20,Female,1,IT,68,3.8,93,41,81,6.4,3.9,194451,None,Yes,Day Scholar,No,6.51,2,0,8.56
STU106648,20,Female,9,CE,67,7.1,60,75,60,8.6,1.1,28048,School,No,Hostel,Yes,9.76,5,0,9.65
STU106649,24,Female,7,DS,99,4.5,62,70,22,4.2,8.8,245223,School,No,Day Scholar,Yes,6.8,1,2,6.49
STU106650,21,Female,7,DS,66,0.0,99,42,79,5.2,4.6,234842,None,Yes,Hostel,Yes,5.71,0,0,7.31
STU106651,22,Male,8,CE,70,8.1,35,53,47,6.4,6.4,44557,Postgraduate,Yes,Hostel,No,8.04,3,2,7.06
STU106652,18,Male,3,DS,45,2.8,94,50,52,5.3,7.3,171319,None,Yes,Day Scholar,Yes,8.28,7,1,7.11
STU106653,25,Male,4,ME,46,9.5,44,59,75,6.7,3.0,56735,Graduate,Yes,Hostel,Yes,5.13,5,2,7.86
STU106654,18,Male,7,CSE,56,6.1,40,22,29,8.3,1.1,264532,Graduate,No,Hostel,No,9.28,1,?,6.49
STU106655,20,Female,2,CE,98,2.7,68,89,22,5.4,2.5,158336,None,Yes,Day Scholar,No,8.92,6,4,7.31
STU106656,23,Male,5,ECE,100,3.6,60,94,99,8.1,2.1,75477,Graduate,Yes,Day Scholar,No,6.02,4,3,9.64
STU106657,24,Male,2,DS,96,8.6,36,46,50,7.9,4.6,158990,Graduate,Yes,Hostel,Yes,7.21,1,4,6.95
STU106658,22,Female,4,CSE,58,2.9,58,50,38,4.1,3.6,122820,Graduate,No,Day Scholar,Yes,8.21,1,4,6.39
STU106659,19,Male,1,ECE,60,8.5,62,36,57,5.6,4.0,140794,None,No,Hostel,Yes,6.26,8,4,7.37
STU106660,25,Female,1,DS,,9.0,95,63,43,6.8,4.7,104713,None,Yes,Day Scholar,Yes,7.22,7,3,9.08
STU106661,19,Female,3,IT,94,3.3,57,69,93,6.3,1.6,69116,Graduate,Yes,Hostel,Yes,8.12,2,3,9.51
STU106662,21,Female,1,ME,46,6.4,60,86,64,7.2,6.4,245572,Postgraduate,No,Hostel,Yes,7.17,0,0,7.87
STU106663,22,Female,3,ME,46,6.2,78,100,55,7.4,3.7,185518,School,No,Hostel,No,8.99,1,1,9.14
STU106664,21,Female,4,DS,45,8.6,63,37,65,7.7,3.5,184740,School,Yes,Hostel,Yes,6.62,4,4,7.47
STU106665,18,Female,1,CE,96,0.3,76,34,71,7.4,9.0,250528,Graduate,No,Hostel,Yes,5.39,1,3,7.12
STU106666,25,Female,6,IT,57,3.9,36,97,41,6.1,7.7,212239,None,No,Hostel,Yes,9.1,0,1,6.61
STU106667,24,Female,7,IT,74,5.9,39,57,28,6.2,3.7,41945,Graduate,Yes,Day Scholar,No,8.63,0,3,6.34
STU106668,20,Female,3,CE,92,8.9,74,78,62,5.7,6.7,178721,Graduate,No,Day Scholar,Yes,5.1,0,2,7.89
STU106669,25,Female,6,EEE,80,2.7,88,79,88,7.4,7.8,214644,Graduate,Yes,Hostel,No,6.6,2,2,8.58
STU106670,25,Male,4,IT,72,3.5,39,20,94,4.5,8.0,215652,Postgraduate,Yes,Hostel,Yes,5.5,0,3,5.87
STU106671,19,Male,5,ECE,89,2.3,72,99,35,5.0,7.8,103986,Graduate,No,Day Scholar,No,5.54,1,3,6.52
STU106672,23,Male,3,CSE,46,6.1,56,38,96,6.9,6.1,102113,None,Yes,Hostel,Yes,5.87,0,1,7.66
STU106673,23,Female,7,EEE,89,0.1,97,68,70,4.9,4.1,87949,Postgraduate,No,Day Scholar,No,5.27,6,3,8.36
STU106674,23,Male,7,IT,92,8.2,100,50,28,7.6,7.2,88014,None,No,Day Scholar,Yes,8.32,0,1,8.87
STU106675,22,Male,2,ECE,71,6.8,97,76,37,8.7,7.7,94755,School,Yes,Day Scholar,Yes,5.35,7,2,8.52
STU106676,18,Female,8,DS,71,3.3,93,52,86,8.8,5.0,91259,Postgraduate,No,Day Scholar,Yes,6.91,5,2,8.74
STU106677,25,Female,4,DS,64,6.0,51,64,97,8.0,3.0,188258,Graduate,No,Hostel,No,5.2,-1,2,8.86
STU106678,24,Male,3,CE,76,3.1,44,25,99,6.2,4.1,224230,School,Yes,Day Scholar,No,8.41,4,0,8.13
STU106679,20,Male,5,ECE,46,7.8,76,72,89,5.7,5.1,67380,Graduate,No,Day Scholar,Yes,6.43,5,1,8.46
STU106680,24,Female,8,CSE,45,7.5,46,26,79,4.4,4.8,30774,School,No,Hostel,No,8.49,5,2,7.51
STU106681,20,Male,4,CSE,66,2.4,96,76,32,8.6,4.2,39914,Graduate,Yes,Day Scholar,Yes,5.06,6,1,7.82
STU106682,24,Female,5,IT,58,6.1,36,100,23,5.0,8.6,281755,None,No,Hostel,Yes,9.44,8,1,7.36
STU106683,23,Male,4,ECE,75,2.8,99,75,23,6.5,4.0,48891,None,Yes,Hostel,Yes,6.06,2,2,7.01
STU106684,19,Male,4,IT,92,4.4,80,43,29,6.8,8.6,200822,Postgraduate,No,Day Scholar,No,9.44,6,3,6.85
STU106685,22,Male,5,IT,94,0.7,41,31,37,6.8,7.4,122566,Graduate,Yes,Hostel,No,6.03,0,0,5.27
STU106686,24,Female,3,DS,82,7.8,N/A,88,57,5.1,3.8,24499,School,No,Hostel,No,7.68,2,4,8.19
STU106687,23,Female,6,CSE,72,6.8,96,28,90,5.9,8.4,35351,Postgraduate,Yes,Hostel,Yes,9.05,7,2,9.44
STU106688,20,Male,3,CE,93,0.8,67,46,95,6.3,8.7,53910,School,Yes,Day Scholar,No,8.31,5,1,8.43
STU106689,19,Female,4,IT,50,1.4,58,84,62,7.4,3.2,191814,School,No,Hostel,Yes,8.07,6,3,7.39
STU106690,19,Male,2,ECE,91,3.3,82,81,59,8.4,7.1,167014,Postgraduate,Yes,Hostel,No,8.99,7,3,8.8
STU106691,20,Female,3,CSE,72,9.2,60,33,73,4.3,3.9,84735,Graduate,Yes,Day Scholar,Yes,5.49,3,4,7.25
STU106692,22,Female,2,ME,72,2.9,53,100,83,4.7,5.9,259264,None,No,Hostel,Yes,9.15,1,2,8.39
STU106693,21,Female,4,DS,88,9.8,55,28,63,6.5,6.1,56352,Postgraduate,No,Hostel,No,6.75,2,3,8.24
STU106694,19,Male,5,CSE,68,2.2,96,150,57,7.1,1.2,45359,School,Yes,Hostel,No,7.64,5,0,7.9
STU106695,19,Female,7,CE,85,6.9,97,56,30,8.3,2.7,225595,None,No,Day Scholar,Yes,9.65,4,2,8.66
STU106696,21,Female,7,CSE,60,1.5,87,23,94,5.5,5.3,259483,Graduate,No,Day Scholar,No,8.17,6,0,7.41
STU106697,18,Male,8,EEE,84,2.7,92,22,100,5.6,4.7,216444,Postgraduate,No,Hostel,Yes,9.26,2,1,8.3
STU106698,25,Female,7,ECE,99,6.2,100,99,66,4.8,8.3,44593,School,No,Hostel,Yes,6.88,5,3,10
STU106699,21,Female,2,CE,89,7.1,52,68,30,6.4,5.9,162202,None,Yes,Day Scholar,No,7.56,3,0,6.9
STU106700,22,Female,4,CSE,94,8.2,69,28,57,8.5,5.9,65459,Graduate,No,Hostel,Yes,9.55,2,0,8.35
STU106701,21,Female,1,CE,86,7.2,47,40,87,8.6,7.9,213538,Postgraduate,No,Hostel,Yes,9.51,7,4,8.41
STU106702,23,Female,2,ECE,73,2.2,55,79,88,6.3,8.5,285950,None,Yes,Day Scholar,Yes,6.98,5,3,8.78
STU106703,19,Female,5,CE,95,5.8,42,51,71,6.5,3.0,15816,Postgraduate,Yes,Day Scholar,No,8.11,5,2,8.88
STU106704,19,Male,4,CE,78,8.0,56,150,42,5.7,4.5,34512,None,Yes,Hostel,Yes,8.04,8,4,7.93
STU106705,19,Female,4,CSE,93,7.0,66,56,96,4.5,8.8,186901,Postgraduate,No,Day Scholar,Yes,8.36,5,4,9.75
STU106706,22,Male,7,DS,57,7.2,49,86,91,7.5,8.2,105464,Postgraduate,No,Day Scholar,Yes,6.14,0,3,8.81
STU106707,18,Male,3,ECE,80,7.6,75,78,79,7.3,1.1,182201,None,Yes,Hostel,Yes,6.67,8,3,9.53
STU106708,22,Male,6,ECE,63,4.4,98,52,33,7.4,2.8,191553,School,Yes,Hostel,Yes,6.44,6,4,6.72
STU106709,25,Male,7,CE,73,2.6,59,150,52,6.3,2.9,161196,Graduate,No,Day Scholar,No,9.26,7,0,7.87
STU106710,18,Male,9,ECE,49,7.8,41,65,96,6.5,3.3,62153,Graduate,Yes,Day Scholar,No,6.02,1,4,7.88
STU106711,23,Male,6,ME,54,0.9,51,20,78,6.7,4.5,49618,School,No,Hostel,Yes,8.86,8,3,7.29
STU106712,23,Female,7,ME,93,9.9,57,51,20,8.3,2.6,221620,Graduate,Yes,Day Scholar,,5.01,0,3,6.68
STU106713,20,Male,1,IT,62,1.6,51,38,99,4.6,4.5,151515,School,No,Day Scholar,Yes,5.16,7,3,7.14
STU106714,21,Male,5,CSE,63,9.1,68,71,64,7.7,7.3,113508,Graduate,No,Day Scholar,Yes,7.71,6,1,8.77
STU106715,22,Female,4,CE,53,3.9,81,39,62,6.6,3.9,48023,None,Yes,Day Scholar,No,7.81,0,0,7.25
STU106716,23,Female,2,CSE,82,8.3,82,84,88,8.4,7.1,262019,None,Yes,Hostel,Yes,6.44,2,1,12
STU106717,24,Female,5,CE,88,9.2,67,36,36,4.5,6.5,103761,School,Yes,Hostel,,6.52,0,2,7.18
STU106718,23,Male,3,CE,66,3.0,64,20,35,4.4,6.5,237605,None,Yes,Hostel,Yes,5.02,4,3,5.51
STU106719,22,Male,4,CE,70,7.8,83,27,87,7.6,6.3,41484,Graduate,No,Day Scholar,Yes,5.41,7,3,7.91
STU106720,22,Female,9,ME,86,5.2,67,58,90,6.6,2.4,132089,School,No,Hostel,Yes,7.53,5,0,9.41
STU106721,21,Male,8,EEE,63,1.6,80,24,78,5.8,1.5,224240,Graduate,No,Day Scholar,Yes,9.7,6,3,7.24
STU106722,25,Male,1,IT,73,8.8,71,79,23,6.2,4.1,235745,None,Yes,Day Scholar,Yes,5.93,6,1,7.28
STU106723,22,Male,7,CE,95,4.2,63,47,68,8.9,4.0,111008,Graduate,Yes,Hostel,Yes,5.73,1,0,8.12
STU106724,21,Male,6,DS,54,7.0,100,86,96,5.6,5.3,255501,Postgraduate,Yes,Hostel,No,8.77,6,3,10
STU106725,20,Female,5,ECE,50,3.3,70,54,61,5.4,3.0,128886,School,No,Day Scholar,No,7.96,6,1,7.09
STU106726,19,Male,1,ME,77,1.0,41,42,33,4.2,1.6,109471,School,No,Day Scholar,Yes,5.62,3,1,5.87
STU106727,19,Female,3,EEE,78,3.4,72,34,57,4.3,6.1,124715,Postgraduate,Yes,Hostel,No,6.24,8,1,7.73
STU106728,22,Male,3,DS,48,8.7,62,82,26,7.0,0.9,197748,None,Y,Hostel,No,8.31,7,2,7.26
STU106729,21,Male,1,CSE,79,0.6,78,28,23,4.3,8.8,268311,None,Yes,Hostel,No,6.4,1,3,4.38
STU106730,21,Male,1,EEE,59,3.9,66,82,78,4.8,3.2,66499,Graduate,No,Hostel,Yes,7.84,6,2,9.1
STU106731,25,Male,1,ECE,95,2.2,88,68,35,4.8,7.5,192843,Graduate,No,Day Scholar,No,9.73,8,2,8.61
STU106732,22,Male,8,CE,81,7.9,97,82,35,8.7,3.1,20967,None,No,Day Scholar,No,6.74,7,1,9.21
STU106733,24,Female,3,CE,73,0.8,52,42,47,4.3,9.0,38584,Postgraduate,No,Hostel,No,5.48,4,1,5.44
STU106734,18,Male,3,CSE,85,9.8,52,38,66,eight,0.7,216705,Graduate,No,Day Scholar,No,9.78,6,2,8.13
STU106735,20,Male,3,CSE,67,6.4,69,94,55,5.9,6.5,83575,Graduate,Yes,Hostel,Yes,8.82,1,1,8.31
STU106736,19,Female,6,ME,100,5.4,74,98,36,8.8,8.4,52524,Postgraduate,Yes,Hostel,Yes,5.55,2,1,8.01
STU106737,18,Male,3,CE,58,3.5,64,99,88,7.6,1.7,243949,Postgraduate,No,Day Scholar,Yes,9.07,0,0,9.14
STU106738,18,Male,2,IT,57,8.4,53,51,46,4.4,8.0,151034,Graduate,Yes,Day Scholar,No,8.27,5,0,7.21
STU106739,25,Female,5,EEE,86,0.2,84,48,45,5.7,1.9,159506,Graduate,Yes,Hostel,No,7.35,3,2,7.08
STU106740,22,Male,8,ECE,76,2.6,75,99,49,8.7,4.7,235330,Postgraduate,Yes,Hostel,No,5.25,2,1,7.16
STU106741,23,Male,1,CSE,73,6.6,86,92,42,5.9,0.6,169111,Graduate,No,Day Scholar,Yes,9.29,4,0,9.8
STU106742,25,Male,8,ECE,85,5.1,95,45,47,7.2,8.3,251004,School,Yes,Hostel,No,9.71,7,4,8.61
STU106743,25,Male,2,DS,86,5.4,74,88,43,8.5,5.9,96055,Postgraduate,No,Hostel,Yes,8.58,8,4,8.64
STU106744,19,Female,2,CSE,60,3.0,47,57,28,7.6,6.7,19339,School,Yes,Hostel,Yes,8.95,8,1,7.04
STU106745,20,Female,8,CE,46,8.9,55,32,55,7.3,2.5,184147,Graduate,No,Day Scholar,No,6.53,4,1,7.6
STU106746,22,Female,5,ME,45,6.8,66,61,55,7.8,0.9,182192,Postgraduate,No,Day Scholar,Yes,5.8,3,3,7.71
STU106747,21,Female,6,ME,85,3.3,82,34,28,5.5,1.3,65848,Graduate,No,Day Scholar,Yes,8.83,0,2,7.29
STU106748,23,Male,1,ECE,50,0.4,43,91,59,4.9,6.8,198698,School,No,Day Scholar,Yes,6.46,3,2,5.62
STU106749,19,Female,6,CSE,54,9.2,96,72,67,4.2,0.9,171639,School,Yes,Day Scholar,No,8.77,5,2,9.31
STU106750,20,Female,4,CSE,76,2.6,84,30,90,7.2,5.1,126100,Postgraduate,Yes,Hostel,Yes,7.47,3,3,7.54
STU106751,21,Male,1,ECE,81,8.5,44,36,25,5.8,5.5,199207,Graduate,Yes,Hostel,No,9.39,6,0,6.81
STU106752,25,Male,2,IT,89,1.6,53,45,49,8.2,1.9,252969,None,Yes,Day Scholar,No,8.79,3,1,7.01
STU106753,22,Female,6,CE,64,9.1,65,41,38,4.2,5.3,172395,Postgraduate,No,Hostel,Yes,8.06,1,0,6.47
STU106754,23,Male,3,CE,54,7.8,65,55,45,8.1,4.6,186724,School,Yes,Hostel,Yes,5.88,1,4,6.66
STU106755,21,Female,2,CE,95,7.3,88,60,29,4.7,7.5,148717,Graduate,No,Day Scholar,Yes,5.12,3,3,7.88
STU106756,21,Male,2,ECE,50,0.2,68,52,72,4.7,7.8,266348,Postgraduate,Yes,Hostel,Yes,5.02,6,1,6.23
STU106757,18,Female,6,CE,58,6.6,52,86,64,7.0,6.0,66291,Graduate,No,Hostel,Yes,6.3,1,4,7.88
STU106758,22,Male,2,ECE,55,4.2,48,150,59,7.3,5.9,289335,None,Yes,Hostel,No,6.15,7,2,6.19
STU106759,20,Male,8,CE,59,7.3,79,79,50,7.4,1.4,244500,School,No,Day Scholar,Yes,9.62,6,2,8.92
STU106760,21,Female,7,IT,52,7.4,60,86,33,8.3,5.9,167982,Graduate,No,Day Scholar,No,5.44,8,1,7.92
STU106761,22,Female,2,EEE,91,3.3,74,98,32,8.7,4.9,107000,School,Yes,Hostel,Yes,8.59,8,0,9.26
STU106762,21,Female,1,CSE,64,6.2,83,29,73,4.7,7.3,223850,Graduate,No,Hostel,Yes,9.51,3,1,7.45
STU106763,19,Male,7,CSE,92,3.9,84,20,77,5.1,4.4,241185,School,Yes,Day Scholar,No,9.44,4,4,8.49
STU106764,19,Female,1,CSE,84,9.6,96,22,43,8.0,3.8,93277,School,No,Day Scholar,No,7.1,8,2,9.25
STU106765,22,Male,4,DS,92,3.5,61,39,39,6.8,5.2,110686,Postgraduate,No,Hostel,No,6.39,2,2,6.05
STU106766,25,Male,8,IT,70,3.6,79,25,66,5.1,3.6,158463,Postgraduate,No,Hostel,No,7.8,7,3,6.89
STU106767,20,Female,1,CE,72,2.5,39,87,43,5.0,4.3,188059,None,No,Hostel,No,8.64,2,0,6.6
STU106768,25,Female,6,DS,67,1.7,85,47,-10,8.6,5.7,231914,Postgraduate,Yes,Day Scholar,Yes,8.22,2,2,6.07
STU106769,20,Female,4,CSE,45,0.7,94,65,80,8.8,2.4,175442,School,No,Hostel,Yes,6.24,7,0,8.57
STU106770,25,Female,1,DS,53,2.6,62,89,34,8.1,3.1,250588,School,No,Hostel,Yes,11.5,4,2,6.32
STU106771,21,Male,1,CSE,53,1.7,91,70,43,6.4,6.3,23435,Graduate,No,hostel,No,6.5,7,4,6.68
STU106772,19,Male,4,ECE,91,5.0,77,37,51,8.3,2.1,174375,School,No,Day Scholar,Yes,7.47,0,2,7.73
STU106773,20,Female,2,EEE,65,5.6,84,99,25,6.8,8.9,294669,School,No,Day Scholar,No,7.45,1,4,7.31
STU106774,20,Female,4,CSE,93,5.0,54,24,47,6.9,,225373,None,Yes,Hostel,No,9.77,4,2,6.96
STU106775,23,Male,3,EEE,79,2.8,52,95,70,5.4,7.2,198727,Graduate,Yes,Day Scholar,Yes,7.02,6,0,8.72
STU106776,18,Male,2,AI&ML,88,7.4,76,77,97,5.5,4.7,269753,School,No,Hostel,No,7.41,6,1,9.44
STU106777,25,Male,2,CSE,59,6.4,45,48,65,4.8,6.2,52275,Postgraduate,Yes,Day Scholar,No,7.84,5,1,7.31
STU106778,25,Female,4,DS,54,2.6,62,25,83,7.2,4.7,82323,None,No,Hostel,Yes,7.29,1,3,6.09
STU106779,20,Male,5,CSE,65,8.0,86,69,90,4.7,3.5,201290,Postgraduate,No,Hostel,Yes,6.5,1,2,9.59
STU106780,23,Male,3,ME,61,5.4,95,32,44,7.7,1.9,17086,Graduate,No,Day Scholar,Yes,8.89,1,4,6.82
STU106781,19,Female,2,ME,49,0.5,85,37,54,6.5,2.3,214314,Postgraduate,No,Hostel,Yes,8.1,7,4,7.42
STU106782,25,Female,1,DS,47,3.5,94,42,31,6.0,3.8,28818,None,No,Day Scholar,No,6.22,7,2,6.38
STU106783,24,Male,6,IT,81,9.4,70,29,68,4.8,6.8,77826,Graduate,Yes,Day Scholar,No,9.04,1,3,8.08
STU106784,22,Male,4,DS,63,2.0,72,35,21,4.0,5.6,192266,None,Yes,Hostel,No,6.18,1,1,5.5
STU106785,18,Male,7,CE,53,9.1,80,96,72,7.8,5.9,108777,Graduate,No,Day Scholar,Yes,6.07,8,4,9.66
STU106786,25,Male,5,EEE,66,7.8,71,33,25,8.2,5.7,236927,Graduate,No,Hostel,Yes,5.7,5,1,6.17
STU106787,25,Male,7,IT,57,8.6,68,21,80,4.3,1.3,111628,Graduate,Yes,Hostel,Yes,9.13,3,2,8.78
STU106788,21,Male,8,CSE,92,9.9,100,42,55,4.0,4.2,45500,School,No,Day Scholar,Yes,5.29,8,1,8.61
STU106789,20,Female,2,ECE,45,8.8,50,54,30,6.2,4.0,231182,Graduate,No,Hostel,Yes,8.01,6,4,6.28
STU106790,20,Female,6,CSE,58,0.1,60,76,71,5.8,5.8,231547,Postgraduate,No,Day Scholar,No,8.5,-1,4,7.43
STU106791,19,Male,2,ECE,67,7.7,63,45,93,5.9,3.8,71887,None,No,Day Scholar,No,8.0,7,4,8.3
STU106792,20,Male,2,CSE,91,0.8,62,75,71,8.0,3.1,66575,Graduate,No,Hostel,Yes,6.29,3,3,8.5
STU106793,24,Female,7,ECE,53,5.5,52,54,93,7.8,0.9,210499,Graduate,No,Hostel,No,6.84,0,2,8.32
STU106794,25,Male,4,IT,84,1.7,43,58,80,7.1,1.3,254959,Postgraduate,Yes,Day Scholar,Yes,9.66,4,1,8.59
STU106795,24,Female,1,CSE,46,3.6,99,45,29,6.0,1.8,219687,Postgraduate,Yes,Day Scholar,Yes,8.33,2,1,7.18
STU106796,24,Male,7,ECE,99,4.1,59,82,27,8.3,0.5,157233,Graduate,Yes,Hostel,Yes,8.38,1,1,8.08
STU106797,23,Female,2,CSE,96,8.8,65,35,99,8.4,8.0,78580,Postgraduate,No,Day Scholar,No,8.77,0,0,10
STU106798,20,Male,7,CE,94,8.3,96,99,33,4.7,8.8,279675,None,No,Day Scholar,Yes,7.61,2,3,9.5
STU106799,24,Male,1,IT,51,0.2,37,30,55,4.4,2.7,174309,Postgraduate,Yes,Hostel,No,7.56,1,4,5.63
STU106800,19,Female,6,ECE,61,8.5,50,54,26,4.9,0.9,144782,Postgraduate,Yes,Day Scholar,No,7.97,1,0,6.7
STU106801,25,Male,2,ME,67,2.4,81,82,55,4.7,1.2,61831,Postgraduate,No,Day Scholar,Yes,7.59,8,2,8.35
STU106802,22,Male,8,ECE,54,7.6,47,68,41,5.7,2.6,279499,Graduate,No,Hostel,No,6.8,4,3,6.76
STU106803,22,Female,7,ME,94,6.1,54,85,43,8.4,3.9,255863,Graduate,Yes,Hostel,No,5.5,4,3,7.91
STU106804,21,Female,8,ME,59,9.4,60,34,38,4.0,7.8,229501,Graduate,No,Hostel,No,6.34,3,0,6.98
STU106805,22,Female,3,EEE,54,7.5,35,61,83,8.8,1.2,124351,School,No,Day Scholar,No,5.24,0,2,7.91
STU106806,20,Male,6,CE,56,9.5,95,59,25,8.2,2.3,153550,Graduate,No,Hostel,Yes,8.2,8,4,7.77
STU106807,22,Male,5,EEE,86,7.8,98,40,53,5.8,6.1,109794,School,Yes,Hostel,No,6.48,0,0,7.74
STU106808,24,Female,4,DS,83,5.2,38,60,26,8.3,4.5,73875,None,No,Hostel,Yes,5.0,0,0,6.97
STU106809,24,Female,1,CSE,89,1.5,93,68,51,8.0,4.2,82073,Grad,Yes,Hostel,Yes,7.31,1,1,7.61
STU106810,25,Male,2,EEE,54,4.5,41,22,55,8.5,3.1,172162,None,Yes,Hostel,No,8.29,1,0,7.02
STU106811,18,Male,6,CSE,49,7.6,40,56,83,7.7,8.6,252077,Postgraduate,Yes,Day Scholar,No,9.35,7,3,7.82
STU106812,18,Female,1,CE,50,2.0,99,42,52,6.1,2.1,153864,School,Yes,Hostel,No,6.66,7,3,7.45
STU106813,25,Male,2,IT,74,1.8,95,46,41,8.4,7.3,110270,School,Yes,Hostel,No,8.1,5,4,7.83
STU106814,20,Female,4,ME,75,9.0,61,100,39,6.1,6.2,83021,Graduate,No,Hostel,Yes,6.48,3,3,8.1
STU106815,22,Male,6,CSE,64,6.7,38,60,24,4.2,4.0,218963,Postgraduate,No,Day Scholar,Yes,6.22,1,2,5.24
STU106816,18,Female,4,EEE,78,9.3,93,58,36,7.1,2.5,187334,Postgraduate,Yes,Day Scholar,No,5.19,5,4,8.46
STU106817,22,Female,4,ECE,78,6.8,46,27,87,7.6,1.5,32966,School,Yes,Hostel,Yes,6.61,6,3,7.63
STU106818,21,Female,1,IT,75,3.0,72,51,83,4.2,8.7,91355,Graduate,No,Day Scholar,Yes,7.81,7,4,7.7
STU106819,19,Female,7,DS,73,5.4,N/A,94,69,6.5,8.0,76580,None,Yes,Day Scholar,Yes,9.35,4,3,9.68
STU106820,25,Male,6,ECE,74,8.6,N/A,50,37,6.7,4.5,278949,Graduate,No,Hostel,No,7.69,3,1,7.45
STU106821,24,Female,2,ECE,81,9.9,100,95,42,7.2,2.8,151797,School,No,Hostel,No,8.37,4,0,10
STU106822,24,Male,5,ME,86,5.8,64,41,45,6.3,0.8,264436,Graduate,No,Hostel,No,7.03,3,4,7.36
STU106823,22,Male,3,EEE,100,8.4,75,52,85,4.8,1.1,234266,Graduate,Yes,Hostel,Yes,5.04,7,1,10
STU106824,24,Female,2,CE,88,9.1,65,84,96,8.0,5.7,255077,School,No,Day Scholar,No,9.49,3,3,10
STU106825,22,Female,7,CE,84,5.2,99,80,30,8.9,6.7,215802,None,No,Day Scholar,No,5.29,4,3,8.49
STU106826,22,Female,8,CSE,77,6.2,45,29,77,7.8,3.6,251481,Graduate,Yes,Day Scholar,No,5.83,8,3,7.83
STU106827,22,Male,5,EEE,72,1.7,74,79,38,6.9,4.1,253844,Graduate,Yes,Day Scholar,No,9.5,5,3,7.16
STU106828,24,Female,5,CSE,61,1.3,52,83,37,6.2,5.1,235242,School,Yes,Day Scholar,No,5.34,2,4,5.94
STU106829,20,Male,3,EEE,99,3.3,99,81,99,8.0,8.5,139452,School,No,Day Scholar,No,7.55,7,4,10
STU106830,21,Female,7,CSE,57,3.9,81,56,25,8.1,7.7,271153,None,No,Hostel,No,6.86,0,2,5.66
STU106831,18,Female,2,CE,65,9.5,98,70,81,7.9,7.2,283208,School,Yes,Day Scholar,No,5.62,8,3,10
STU106832,25,Male,1,EEE,88,1.5,70,87,64,5.5,6.8,291795,Graduate,No,Day Scholar,No,5.1,6,4,7.65
STU106833,19,Male,4,CSE,74,4.3,72,73,26,6.5,6.7,114686,Postgraduate,Yes,Day Scholar,Yes,9.1,5,0,7.04
STU106834,22,Female,6,IT,76,9.1,81,87,26,7.6,1.4,unknown,School,No,Day Scholar,No,6.18,3,4,7.52
STU106835,18,Male,3,DS,89,8.9,38,64,26,7.3,2.4,73932,School,Yes,Day Scholar,Yes,6.71,0,0,7.03
STU106836,23,Female,7,ECE,80,7.5,97,68,67,4.6,2.0,122391,School,No,Day Scholar,Yes,6.02,2,4,8.61
STU106837,25,Male,8,ECE,73,6.5,90,41,79,5.6,4.2,34236,None,No,Day Scholar,No,6.36,3,0,8.64
STU106838,19,male,4,CE,79,8.1,60,61,59,8.3,5.1,32416,School,Yes,Day Scholar,No,8.85,6,4,9.26
STU106839,25,Male,6,CSE,86,6.4,61,45,70,4.4,7.5,149115,School,No,Day Scholar,No,5.39,8,2,8.29
STU106840,21,Male,1,CSE,97,6.2,63,26,30,eight,5.1,142678,School,No,Hostel,No,7.89,6,1,7.38
STU106841,18,Female,3,CSE,68,0.1,65,89,42,7.2,6.5,242203,Graduate,No,Hostel,No,9.13,7,3,7.28
STU106842,19,Female,5,ME,85,7.2,77,57,58,7.2,8.0,234532,Graduate,No,Hostel,Yes,7.83,5,4,8.26
STU106843,24,Male,2,EEE,77,7.6,100,95,21,7.8,,29082,School,No,Day Scholar,Yes,6.78,2,3,9.18
STU106844,24,Male,1,ME,46,5.8,40,82,68,8.2,1.1,203618,None,Yes,Day Scholar,No,8.01,4,1,8.6
STU106845,22,Female,2,ME,89,2.6,55,25,44,4.2,3.6,277199,Postgraduate,No,Day Scholar,No,8.42,7,0,6.29
STU106846,24,Female,2,CSE,84,7.6,71,83,26,8.6,5.9,43913,None,Yes,Hostel,No,8.44,1,2,8.11
STU106847,23,Female,3,ECE,100,2.2,50,33,61,4.4,2.5,168093,School,No,Hostel,No,6.63,8,1,7.72
STU106848,25,Male,3,ECE,,4.3,57,40,100,4.3,7.5,58642,Graduate,No,Hostel,No,6.57,3,2,6.83
STU106849,19,Male,6,DS,94,5.9,78,68,75,7.1,7.2,157557,None,Yes,Day Scholar,No,5.21,6,2,9.39
STU106850,21,Male,4,IT,72,8.1,53,33,96,6.3,7.7,73085,None,No,Day Scholar,Yes,6.06,6,1,7.82
STU106851,23,Female,2,CE,59,1.0,45,47,32,5.3,6.8,184649,School,Yes,Hostel,Yes,6.67,4,2,4.72
STU106852,20,Female,2,DS,51,2.8,60,92,38,5.5,2.3,159612,School,Yes,Day Scholar,Yes,7.04,2,4,7.27
STU106853,19,Female,8,IT,85,1.1,43,35,92,5.2,5.5,193781,Postgraduate,Yes,Day Scholar,Yes,8.13,7,2,7.28
STU106854,25,Male,7,CSE,72,4.6,82,31,32,5.4,1.5,77199,School,Yes,Day Scholar,No,7.44,1,4,7.08
STU106855,19,Female,8,ME,52,0.2,81,87,100,7.6,7.3,280504,None,Yes,Day Scholar,No,8.53,4,3,9.34
STU106856,24,Male,5,EEE,76,8.1,79,76,70,4.2,8.3,170978,Graduate,Yes,Day Scholar,No,9.77,6,1,10
STU106857,21,Female,2,ECE,96,7.9,40,94,20,8.5,3.1,291668,School,Y,Hostel,Yes,8.66,6,0,8.56
STU106858,22,Female,3,ECE,65,9.9,50,23,58,4.0,0.6,93633,School,No,Hostel,No,9.66,8,1,8.43
STU106859,20,Male,7,ME,86,9.5,87,46,33,5.0,3.9,137817,School,No,Day Scholar,No,6.63,2,3,7.85
STU106860,20,Male,2,ME,67,2.9,98,43,62,7.4,1.0,148264,None,No,Hostel,Yes,6.63,4,3,8.42
STU106861,25,Male,5,CSE,68,8.8,98,68,88,8.6,6.9,109792,None,No,Hostel,No,5.26,2,1,9.91
STU106862,18,Male,2,CE,67,6.9,89,45,34,8.5,6.6,260782,None,Yes,Day Scholar,Yes,9.14,2,3,7.13
STU106863,23,Female,6,ECE,57,1.7,79,30,71,4.2,7.8,90974,Graduate,Yes,Hostel,No,8.23,0,0,6.24
STU106864,22,Male,2,CSE,54,1.3,80,75,50,6.6,8.5,114087,School,No,Day Scholar,Yes,9.45,7,4,7.24
STU106865,19,Female,7,IT,84,9.1,36,70,37,6.5,7.1,281712,None,No,Day Scholar,No,6.81,0,4,7.23
STU106866,23,Female,2,DS,82,8.9,83,55,85,7.6,0.8,113355,Graduate,No,Day Scholar,No,7.37,7,2,9.36
STU106867,18,Female,5,CE,94,0.8,42,81,79,7.3,6.2,143064,School,Yes,Hostel,Yes,8.17,0,0,7.62
STU106868,21,Male,6,CSE,70,4.6,44,96,31,7.8,6.2,297215,None,No,Hostel,No,8.61,7,2,8.34
STU106869,21,Female,1,DS,88,7.7,57,87,100,7.9,1.1,258438,None,Yes,Day Scholar,No,8.16,1,0,10
STU106870,23,Female,7,CSE,100,5.0,98,98,67,4.8,8.2,64079,Postgraduate,No,Day Scholar,Yes,7.9,0,0,9.57
STU106871,19,Male,6,EEE,56,7.8,58,25,32,8.1,5.7,286393,Postgraduate,No,Hostel,Yes,6.78,4,3,6.27
STU106872,22,Male,3,DS,59,9.3,59,37,58,6.6,3.3,191070,Postgraduate,No,Hostel,No,7.44,3,4,7.32
STU106873,24,Male,3,ME,97,5.3,70,51,90,8.5,8.2,284118,School,No,Hostel,Yes,6.17,6,3,9.0
STU106874,19,Female,4,ECE,52,2.4,68,66,69,8.2,7.2,253369,Postgraduate,Yes,Hostel,No,5.23,8,2,7.09
STU106875,21,Female,4,CSE,94,0.8,49,32,69,6.4,8.2,276266,Graduate,No,Day Scholar,No,9.61,2,2,7.07
STU106876,22,Female,3,DS,66,3.5,70,63,82,8.4,4.5,87356,None,Yes,Hostel,Yes,8.38,3,4,8.98
STU106877,21,Male,8,EEE,45,3.6,89,76,34,8.4,1.1,34218,School,Yes,Day Scholar,Yes,8.45,0,1,8.04
STU106878,19,Male,3,IT,56,8.7,35,77,32,6.3,7.9,91937,None,No,Day Scholar,No,8.26,0,1,7.32
STU106879,18,Female,8,IT,78,0.9,76,23,78,6.4,4.6,194373,School,No,Day Scholar,No,9.33,3,4,7.3
STU106880,24,Male,1,IT,57,1.9,39,95,38,5.6,4.6,292154,School,Yes,Hostel,Yes,9.4,5,2,6.47
STU106881,24,Male,1,EEE,85,5.8,89,32,69,5.5,4.8,75697,School,Yes,Day Scholar,No,7.61,0,4,8.39
STU106882,25,Male,5,DS,84,3.7,75,56,60,5.3,2.4,199642,School,Y,Day Scholar,No,8.09,8,0,8.95
STU106883,24,Male,7,CSE,80,8.8,82,99,21,8.3,7.9,200189,Postgraduate,Yes,Day Scholar,No,7.29,6,3,9.34
STU106884,19,Female,1,ME,74,3.8,44,95,45,6.2,5.6,53520,Postgraduate,No,Day Scholar,No,8.24,0,0,7.58
STU106885,23,Male,6,IT,53,2.1,53,31,59,6.3,1.6,174729,Postgraduate,Yes,hostel,No,7.47,0,1,6.39
STU106886,22,Female,4,CE,56,4.7,100,24,69,7.4,8.0,126798,Graduate,No,Day Scholar,No,6.72,4,1,7.39
STU106887,20,Female,1,ME,80,1.8,69,85,79,5.8,1.0,172891,None,No,Hostel,No,7.07,7,3,8.71
STU106888,22,Male,5,CSE,69,3.3,51,40,70,7.6,1.8,67914,School,No,Hostel,Yes,8.11,1,0,6.94
STU106889,19,Male,5,ECE,52,3.2,53,89,46,6.3,1.5,235466,Postgraduate,No,Day Scholar,Yes,8.12,1,1,6.44
STU106890,23,Male,3,IT,64,3.6,69,22,66,7.2,6.2,221394,School,No,Hostel,No,8.29,2,0,7.09
STU106891,19,Female,5,DS,95,3.4,64,30,89,5.0,4.9,124364,School,Yes,Day Scholar,Yes,9.3,8,1,8.36
STU106892,20,Female,2,IT,51,3.7,42,27,94,eight,5.6,51425,Postgraduate,No,Hostel,Yes,7.68,8,1,7.61
STU106893,25,Male,6,ECE,70,6.7,47,28,95,8.8,2.1,151544,Graduate,Yes,Hostel,No,9.01,6,2,9.41
STU106894,23,Female,5,DS,61,9.0,82,31,73,4.7,3.3,99952,Graduate,Yes,Day Scholar,No,5.26,1,4,8.12
STU106895,21,Female,3,ECE,87,6.9,90,22,33,8.4,6.7,271207,School,No,Day Scholar,Yes,7.75,8,3,7.63
STU106896,18,Male,7,IT,96,6.4,77,52,38,8.0,2.6,239885,None,Yes,Hostel,Yes,8.45,4,2,7.93
STU106897,23,Female,5,ME,75,5.9,48,40,26,8.7,6.3,31917,Graduate,Yes,Day Scholar,Yes,6.93,5,2,6.18
STU106898,20,Female,8,CE,90,7.8,48,32,65,5.4,1.8,279135,Postgraduate,Yes,Day Scholar,No,9.7,2,2,7.5
STU106899,22,Female,4,EEE,66,4.4,78,77,21,8.3,2.1,54803,Postgraduate,No,Hostel,No,7.18,0,0,7.75
STU106900,20,Female,2,CSE,58,7.6,57,70,79,5.9,6.2,93111,Postgraduate,No,Day Scholar,Yes,6.87,8,0,9.02
STU106901,19,Female,4,ECE,56,9.3,60,74,31,7.2,3.2,77997,School,Yes,Day Scholar,No,7.72,5,3,8.34
STU106902,20,Female,8,ECE,67,5.1,66,89,35,5.7,5.0,61309,Graduate,No,Day Scholar,No,8.7,0,3,7.74
STU106903,23,Female,5,ECE,76,0.8,93,67,94,5.6,3.3,184763,School,Yes,Hostel,No,9.34,4,0,8.96
STU106904,19,Male,6,ME,65,0.6,39,54,66,7.2,6.3,283069,Postgraduate,Yes,Day Scholar,Yes,7.45,8,1,6.86
STU106905,23,Male,8,CSE,77,4.0,53,56,92,7.8,7.5,88999,Graduate,No,Day Scholar,No,6.02,4,4,8.41
STU106906,20,Female,4,EEE,84,9.5,97,85,25,8.8,0.9,33285,None,Yes,Day Scholar,No,6.53,2,2,9.6
STU106907,23,Female,3,CSE,72,8.3,63,87,27,4.1,4.1,187169,Graduate,Yes,Day Scholar,Yes,9.15,8,1,8.4
STU106908,25,Male,3,DS,64,4.0,77,64,87,8.6,8.8,263731,Graduate,Yes,Day Scholar,Yes,6.28,1,1,8.76
STU106909,24,Female,1,DS,90,8.8,44,35,36,7.7,4.4,252074,None,Yes,Day Scholar,Yes,8.51,2,1,7.45
STU106910,20,Female,7,CSE,91,1.1,62,68,77,4.7,4.8,181792,None,No,Day Scholar,Yes,8.59,5,4,8.72
STU106911,24,Male,8,DS,64,7.1,66,46,60,6.9,1.3,42569,None,Yes,Day Scholar,Yes,9.71,0,0,8.75
STU106912,23,Female,4,DS,95,5.3,76,58,90,7.2,6.2,21240,None,No,Day Scholar,Yes,5.81,2,2,9.32
STU106913,22,Female,4,ECE,46,3.7,53,34,70,6.4,5.1,252351,School,No,Hostel,No,7.43,5,2,7.26
STU106914,25,Female,3,CE,67,8.5,52,82,97,8.1,6.8,215605,Postgraduate,Yes,Hostel,Yes,5.09,5,0,9.51
STU106915,18,Female,6,CSE,80,2.6,51,27,92,8.9,5.9,49753,None,No,Hostel,No,6.66,3,3,8.14
STU106916,20,Male,2,IT,88,4.6,66,44,28,7.5,0.7,55596,School,No,Hostel,Yes,6.44,1,3,6.36
STU106917,18,Male,1,CE,66,7.9,71,38,80,4.7,0.6,22124,None,No,Day Scholar,No,9.39,1,0,9.15
STU106918,18,Female,3,CSE,50,4.9,76,24,34,6.1,4.7,49376,None,No,Hostel,No,8.89,5,0,7.02
STU106919,22,Female,3,IT,86,1.0,75,30,63,4.9,5.8,268007,Postgraduate,No,Hostel,Yes,5.91,4,0,6.8
STU106920,21,Female,3,ME,47,8.9,40,83,30,6.8,5.5,293119,None,No,Day Scholar,Yes,7.41,3,4,7.07
STU106921,23,Female,3,ME,57,6.8,96,42,44,4.1,5.8,122264,None,No,Day Scholar,Yes,9.72,1,4,6.91
STU106922,22,Female,2,CE,78,5.9,63,24,37,7.4,5.3,258058,Postgraduate,Yes,Day Scholar,No,9.35,8,2,7.97
STU106923,22,Male,8,CE,57,8.3,87,29,70,7.1,6.4,162490,School,Yes,Hostel,Yes,7.34,8,0,8.56
STU106924,23,Female,2,ECE,99,7.6,51,72,75,6.6,4.9,287728,None,No,Day Scholar,Yes,5.8,5,0,8.51
STU106925,18,Female,1,CE,52,6.5,50,49,74,7.6,5.7,191594,Graduate,Yes,Hostel,No,6.76,5,4,7.83
STU106926,19,Female,3,EEE,73,0.1,64,51,47,6.0,1.1,272646,None,Yes,Day Scholar,,6.11,5,3,6.33
STU106927,22,Male,7,ECE,60,5.0,87,58,30,5.1,0.8,43697,School,Yes,Hostel,Yes,7.76,4,?,6.85
STU106928,23,Female,1,IT,80,2.0,98,96,21,7.2,7.6,128243,Graduate,No,Hostel,Yes,6.66,6,4,7.53
STU106929,25,Male,3,DS,79,7.3,73,21,46,5.9,1.8,296675,None,No,Day Scholar,No,7.75,1,0,7.15
STU106930,19,Male,2,ECE,76,9.8,80,27,29,5.2,6.3,116858,Graduate,Yes,Hostel,Yes,6.12,3,2,6.56
STU106931,18,Female,8,ECE,97,0.4,86,98,58,4.1,6.8,52061,School,No,Hostel,Yes,5.6,0,2,8.07
STU106932,23,Female,6,CE,77,-3,46,25,84,6.8,3.3,274898,Postgraduate,No,Day Scholar,No,7.98,1,3,7.89
STU106933,20,Female,8,CSE,90,6.8,88,95,87,6.9,4.0,41313,None,Yes,Hostel,Yes,6.92,8,4,9.72
STU106934,25,Female,7,CE,79,1.7,93,39,88,8.8,0.8,234004,Postgraduate,No,Hostel,Yes,7.55,1,3,7.77
STU106935,18,Female,2,CSE,77,9.6,77,31,79,7.0,2.1,273410,Graduate,No,Day Scholar,No,9.63,5,2,10
STU106936,25,Female,4,DS,92,4.0,98,83,83,7.8,5.3,276254,Graduate,Yes,Hostel,No,9.32,3,4,9.13
STU106937,18,Male,8,DS,91,1.1,75,76,89,6.2,9.0,32745,None,No,Day Scholar,Yes,6.45,4,0,8.58
STU106938,19,Female,6,DS,79,4.9,55,75,66,5.4,5.7,177947,School,Yes,Day Scholar,Yes,8.62,7,4,7.83
STU106939,23,Male,2,IT,100,1.8,69,22,70,7.6,0.7,109638,None,Yes,Hostel,No,6.12,6,1,8.22
STU106940,21,Male,2,ME,47,1.0,45,84,100,6.4,2.2,216667,Graduate,No,Day Scholar,No,5.73,0,3,7.28
STU106941,19,Female,4,ME,80,5.7,42,23,74,8.9,6.5,80780,Graduate,Yes,Hostel,Yes,9.04,7,1,7.82
STU106942,21,Female,4,CSE,76,8.4,83,75,96,7.2,8.8,115848,None,Yes,Hostel,Yes,7.75,3,4,10
STU106943,24,Male,2,CSE,46,3.2,84,87,76,5.5,4.1,46688,School,Yes,Hostel,No,9.56,7,3,8.31
STU106944,22,Female,3,EEE,53,3.6,48,92,89,5.3,1.1,277080,Postgraduate,Yes,Day Scholar,No,8.1,1,4,8.61
STU106945,20,Female,8,DS,83,2.2,69,53,77,5.1,3.1,186487,None,Yes,Day Scholar,No,5.94,3,4,7.28
STU106946,20,Female,5,CSE,59,9.1,57,76,34,8.6,7.4,97048,None,No,Hostel,No,8.12,0,3,7.09
STU106947,24,Female,3,IT,48,7.7,37,35,92,7.9,8.9,249712,None,Yes,Day Scholar,Yes,9.24,8,4,8.49
STU106948,22,Male,6,ME,97,0.7,86,76,61,5.8,3.7,237949,None,No,Day Scholar,Yes,8.18,3,4,8.07
STU106949,25,Male,2,ME,72,2.5,37,85,30,5.8,5.8,234772,School,Yes,Hostel,Yes,9.74,0,0,6.12
STU106950,19,Male,5,ME,59,1.4,64,67,84,5.5,6.7,272083,None,No,Hostel,Yes,6.41,4,4,7.06
STU106951,23,Female,1,CE,77,4.4,62,71,23,4.8,8.0,213318,School,No,Day Scholar,Yes,5.93,7,2,5.95
STU106952,19,Male,4,CE,82,7.3,55,43,76,4.8,8.3,113723,Graduate,No,Day Scholar,No,5.24,2,0,7.99
STU106953,24,Female,7,IT,78,1.6,92,34,62,5.0,2.9,181822,Graduate,Yes,Hostel,No,8.68,2,4,7.28
STU106954,25,Female,2,IT,85,7.2,43,35,75,7.9,7.2,144502,Postgraduate,Yes,Day Scholar,No,7.46,7,1,8.97
STU106955,25,Male,7,DS,71,8.7,45,99,48,7.6,8.5,246070,None,Yes,Day Scholar,No,9.1,-1,2,8.49
STU106956,24,Male,5,EEE,87,3.1,81,43,67,8.9,1.5,49256,Postgraduate,Yes,Hostel,No,5.26,7,1,8.27
STU106957,24,Female,5,EEE,93,4.9,64,57,64,6.0,7.1,19386,Graduate,No,Hostel,No,7.53,1,4,7.59
STU106958,23,Male,3,DS,86,7.2,45,35,83,4.2,8.1,210855,School,Yes,Hostel,Yes,8.63,0,2,7.8
STU106959,20,Female,1,EEE,91,1.9,45,50,36,8.5,8.7,24176,School,No,Hostel,Yes,7.39,1,2,6.98
STU106960,20,Female,3,CSE,87,0.0,93,90,65,5.8,,255133,Postgraduate,Yes,Hostel,Yes,5.96,3,2,8.62
STU106961,22,Female,4,DS,78,4.7,63,68,59,7.3,2.1,178105,Graduate,No,Hostel,Yes,9.65,1,2,7.75
STU106962,18,Female,6,EEE,68,7.1,91,67,93,5.2,1.9,144421,School,Yes,Hostel,Yes,6.17,2,3,9.81
STU106963,19,Male,8,EEE,100,6.0,66,56,26,7.3,2.0,73437,Graduate,Yes,Day Scholar,No,5.26,4,0,6.78
STU106964,21,Female,7,EEE,68,9.6,73,88,38,4.0,1.8,102249,School,Yes,Day Scholar,No,6.54,7,2,9.14
STU106965,22,Male,8,CSE,96,6.2,77,74,90,8.9,6.0,93004,None,No,Hostel,No,8.47,6,0,10
STU106966,24,Male,3,ME,69,4.5,47,26,40,4.6,6.7,37129,None,No,Hostel,Yes,7.39,0,2,5.52
STU106967,22,Female,2,EEE,80,6.3,48,92,65,7.2,8.9,86207,None,No,Day Scholar,No,5.88,4,2,7.91
STU106968,18,Male,2,EEE,51,3.7,84,49,87,6.3,2.9,109593,Graduate,No,Day Scholar,No,9.18,3,1,7.85
STU106969,22,Female,6,DS,68,5.3,38,72,86,4.1,1.3,242111,None,No,Day Scholar,Yes,6.21,7,2,7.57
STU106970,20,Female,6,CE,77,7.9,42,37,72,7.8,4.3,62649,None,No,Day Scholar,No,7.5,1,2,8.5
STU106971,18,Male,7,ECE,48,6.0,77,68,56,4.2,2.8,115705,None,Yes,Day Scholar,Yes,9.49,0,2,7.9
STU106972,21,Female,3,IT,50,7.4,92,74,24,7.2,3.5,103584,School,No,Day Scholar,No,7.88,3,4,7.34
STU106973,22,Male,8,DS,89,7.1,38,38,95,6.1,8.0,201546,School,Yes,Hostel,Yes,6.95,3,3,8.04
STU106974,25,Male,6,ECE,95,7.0,48,47,48,6.1,3.2,84238,None,No,Hostel,Yes,8.93,0,1,7.78
STU106975,24,Female,8,IT,72,0.7,45,80,41,4.4,4.4,245269,School,Yes,Hostel,No,9.24,1,4,5.66
STU106976,23,Female,7,ME,70,4.4,41,75,42,7.3,1.6,196649,Graduate,Yes,Day Scholar,Yes,6.34,2,3,6.64
STU106977,25,Male,7,ME,76,5.2,81,37,86,4.2,3.3,188412,Graduate,Yes,Hostel,Yes,6.11,7,4,8.66
STU106978,21,Male,8,EEE,48,8.2,61,74,61,5.8,8.0,50060,Graduate,No,Hostel,Yes,6.59,1,0,7.05
STU106979,24,Male,2,CSE,68,1.4,54,49,38,6.9,6.5,288598,Postgraduate,No,Day Scholar,No,5.42,3,4,5.29
STU106980,23,Female,7,ME,75,0.1,93,81,88,5.7,5.0,275142,Graduate,No,Day Scholar,No,8.23,6,1,8.49
STU106981,22,Male,1,DS,56,7.0,49,34,26,6.2,3.2,250051,School,No,Hostel,Yes,9.25,6,3,6.61
STU106982,22,Male,6,ECE,60,8.3,47,72,83,7.1,7.4,245162,Postgraduate,Yes,Hostel,Yes,5.78,6,3,7.89
STU106983,18,Male,4,EEE,75,3.7,78,22,50,7.8,1.2,50273,Postgraduate,No,Hostel,No,6.11,5,1,7.53
STU106984,18,Male,8,EEE,90,4.6,66,78,72,8.4,3.4,19918,Postgraduate,No,Day Scholar,Yes,7.61,0,0,9.09
STU106985,24,Male,2,ECE,70,0.5,78,49,94,8.3,3.0,75230,Graduate,Yes,Day Scholar,Yes,11.5,1,4,7.89
STU106986,19,Male,7,ME,50,9.6,81,38,70,5.1,3.8,276558,Postgraduate,Yes,Day Scholar,No,9.43,6,3,8.87
STU106987,19,Female,5,IT,90,7.6,43,86,24,7.2,2.5,41545,Graduate,Yes,Day Scholar,No,8.72,4,3,8.34
STU106988,21,Male,3,CSE,78,0.8,43,95,76,4.5,4.6,297279,School,No,Hostel,No,8.56,3,3,7.35
STU106989,19,Female,7,EEE,92,8.2,77,94,51,6.9,5.4,240348,School,No,Hostel,No,8.79,2,1,10
STU106990,21,Male,4,DS,86,3.2,72,83,34,eight,3.2,214931,Graduate,Yes,Hostel,Yes,9.47,2,3,7.64
STU106991,23,Female,6,CSE,52,10.0,88,68,92,6.4,4.0,232743,Graduate,Yes,Day Scholar,No,8.47,5,1,10
STU106992,25,Female,7,ME,66,0.1,81,33,84,5.8,3.4,261069,School,No,Day Scholar,No,6.99,4,3,7.33
STU106993,18,Male,8,CE,61,3.9,66,47,84,6.4,3.4,51610,None,Yes,Hostel,No,6.85,6,2,7.71
STU106994,25,Female,5,ME,62,5.9,87,80,82,5.0,6.9,204125,School,No,Hostel,Yes,5.61,1,1,8.72
STU106995,25,Female,2,IT,61,2.3,74,62,55,7.9,1.7,165804,School,No,Day Scholar,Yes,6.31,1,3,7.15
STU106996,23,Female,2,ME,67,1.8,88,46,77,8.6,5.9,53571,None,No,Hostel,Yes,5.96,4,4,7.11
STU106997,19,Female,7,EEE,74,7.4,54,100,44,6.3,9.0,156571,School,Yes,Day Scholar,Yes,5.01,1,2,8.14
STU106998,25,Female,6,ME,100,10.0,42,34,56,5.1,7.9,54270,Postgraduate,No,Hostel,No,6.28,6,0,8.42
STU106999,22,Female,3,EEE,50,3.2,90,53,28,7.3,4.1,183892,Graduate,Yes,Hostel,Yes,6.38,6,1,6.16
STU107000,22,Female,5,ECE,91,5.5,76,40,54,7.6,7.6,144167,Postgraduate,No,Hostel,No,9.5,6,4,8.41
STU107001,18,Female,1,CE,60,4.0,69,69,96,8.7,4.5,241376,None,No,Hostel,Yes,8.08,8,1,9.28
STU107002,20,Female,1,CE,46,0.2,79,39,97,5.3,7.8,201707,Postgraduate,No,Day Scholar,No,8.24,2,2,7.44
STU107003,25,Male,5,EEE,81,0.7,61,44,62,5.1,1.6,157595,None,Yes,Day Scholar,No,7.36,8,3,7.86
STU107004,19,Male,7,IT,49,9.9,94,98,77,6.0,3.4,102993,Graduate,Yes,Hostel,No,5.46,8,1,9.64
STU107005,22,Male,6,ECE,50,2.2,40,39,91,4.2,6.3,74289,None,Yes,Hostel,Yes,6.88,8,0,6.45
STU107006,25,Female,3,CE,95,4.6,49,27,59,8.2,8.6,296364,Graduate,No,Hostel,Yes,9.74,1,0,7.27
STU107007,19,Female,5,IT,62,3.2,73,24,73,5.5,6.9,228616,School,Yes,Day Scholar,No,8.57,0,2,7.04
STU107008,19,Female,3,CE,83,8.7,90,50,25,6.2,7.4,161378,Postgraduate,Yes,Hostel,No,9.8,4,1,8.47
STU107009,24,Female,5,DS,88,8.5,40,95,49,8.0,5.2,18467,School,No,Hostel,No,5.3,2,2,7.81
STU107010,18,Female,7,ME,89,4.8,96,97,65,5.9,5.1,21311,School,No,Day Scholar,Yes,7.9,2,0,9.68
STU107011,20,Male,6,ME,51,4.5,89,34,52,7.1,3.8,64577,School,No,Hostel,No,7.31,7,2,8.07
STU107012,21,Male,1,DS,75,4.0,63,33,70,6.7,2.5,154428,Graduate,No,Hostel,Yes,7.29,6,3,6.95
STU107013,24,Female,7,ME,52,5.7,75,29,37,8.8,7.7,35970,School,Yes,Hostel,Yes,5.53,5,4,5.89
STU107014,25,Female,2,IT,100,0.6,90,42,53,6.2,3.7,287607,None,No,Day Scholar,No,5.41,8,4,8.05
STU107015,18,Male,5,AI&ML,50,4.1,96,44,48,7.5,1.6,272731,Graduate,No,Hostel,Yes,5.27,0,0,7.15
STU107016,24,Male,5,IT,80,4.6,91,65,58,8.9,6.8,299929,None,Yes,Hostel,Yes,6.52,5,1,8.24
STU107017,22,Female,1,IT,80,5.1,51,32,84,8.2,6.2,168855,None,No,Day Scholar,Yes,5.01,6,2,7.94
STU107018,21,Male,4,CE,76,0.6,46,30,89,7.6,5.4,131620,Graduate,Yes,Hostel,Yes,9.33,6,3,8.24
STU107019,23,Female,2,ME,81,6.8,95,22,89,8.8,6.2,281240,Postgraduate,No,Hostel,Yes,7.14,2,1,9.23
STU107020,25,Female,5,DS,79,6.1,53,81,23,6.7,1.8,43597,School,Yes,Day Scholar,Yes,7.88,0,3,6.39
STU107021,20,Male,4,IT,65,6.0,41,69,98,6.8,0.7,153385,School,No,Hostel,Yes,5.71,6,1,8.73
STU107022,23,Female,2,EEE,68,9.4,86,68,71,6.3,7.2,253788,Postgraduate,No,Day Scholar,Yes,8.31,3,2,8.59
STU107023,21,Male,3,CSE,53,0.2,51,36,74,6.8,6.4,92913,None,No,Hostel,Yes,8.03,2,0,6.8
STU107024,22,Male,8,ME,75,8.8,41,46,29,7.1,5.0,280584,Postgraduate,Yes,Hostel,Yes,7.11,6,1,6.87
STU107025,24,Female,1,DS,60,7.3,93,64,88,7.8,5.8,231878,Postgraduate,Yes,Hostel,No,6.08,2,1,9.38
STU107026,19,Male,7,ECE,84,8.8,80,97,80,5.8,5.3,27943,None,No,Day Scholar,No,9.31,5,1,10
STU107027,18,Male,1,ME,86,8.7,45,75,88,8.8,5.6,210186,Graduate,Yes,Hostel,Yes,5.77,8,2,9.3
STU107028,19,Female,3,CSE,83,0.1,100,24,29,8.5,7.0,30607,None,Yes,Hostel,Yes,7.56,4,2,5.85
STU107029,19,Male,4,CSE,100,7.3,89,99,62,6.1,1.5,288231,School,No,Hostel,No,8.47,0,0,10
STU107030,19,Female,3,DS,98,5.9,80,25,38,6.4,9.0,298568,None,No,Day Scholar,Yes,6.87,5,3,7.46
STU107031,19,Male,6,ME,75,8.4,76,48,48,8.1,2.2,229566,Graduate,Yes,Day Scholar,No,7.45,1,2,8.66
STU107032,19,Female,2,CE,66,4.8,73,22,30,7.4,1.0,90665,Postgraduate,No,Hostel,No,8.21,1,4,6.05
STU107033,23,Female,7,CE,71,9.1,75,82,30,5.9,4.1,184834,None,Yes,Hostel,Yes,7.54,-1,2,8.48
STU107034,20,Male,7,IT,83,6.7,90,87,82,6.7,8.7,59179,Graduate,Yes,Hostel,Yes,5.46,3,1,10
STU107035,22,Female,5,CSE,54,7.5,90,67,84,8.1,6.5,269103,Postgraduate,No,Day Scholar,No,5.25,0,3,9.14
STU107036,22,Male,3,CE,54,4.7,74,93,88,6.0,3.9,132362,Postgraduate,No,Day Scholar,No,5.16,6,4,8.87
STU107037,24,Male,7,ME,97,3.3,82,95,29,5.9,2.8,155469,Graduate,Yes,Hostel,No,6.05,2,3,7.19
STU107038,22,Male,4,ME,99,7.5,63,58,26,5.8,8.4,124865,Postgraduate,No,Day Scholar,No,7.35,7,2,7.92
STU107039,24,Male,9,ME,58,8.8,89,23,100,4.8,7.2,235197,School,Yes,Day Scholar,Yes,7.4,7,2,9.12
STU107040,23,Female,2,IT,87,0.2,96,100,76,8.7,3.2,123071,None,No,Day Scholar,Yes,9.39,5,3,10
STU107041,22,Female,7,ME,54,10.0,56,69,53,6.1,3.3,130947,None,Yes,Hostel,No,8.61,4,2,8.36
STU107042,25,Female,8,CE,90,0.3,42,40,47,4.3,2.2,163560,Postgraduate,Yes,Hostel,Yes,8.67,8,0,7.41
STU107043,23,Female,7,ME,87,7.2,36,96,41,8.4,4.6,243977,Graduate,Yes,Hostel,No,5.11,4,2,7.5
STU107044,20,Male,7,DS,54,0.4,69,69,42,8.2,1.8,125298,School,Yes,Hostel,No,7.99,6,1,7.14
STU107045,22,Male,7,EEE,65,4.7,94,29,56,6.9,2.4,83948,None,Yes,Hostel,Yes,7.46,4,0,7.57
STU107046,21,Male,4,DS,94,1.1,78,64,46,5.8,8.1,92982,Graduate,Yes,Day Scholar,No,5.53,0,4,6.38
STU107047,19,Female,5,DS,83,0.3,55,47,42,6.7,0.6,276685,None,Yes,Hostel,Yes,7.99,3,1,7.27
STU107048,21,Male,5,CE,88,3.1,55,64,85,7.8,3.4,248393,School,Yes,Hostel,Yes,6.78,8,0,9.32
STU107049,18,Male,2,EEE,61,4.2,86,70,79,8.5,3.5,30840,Postgraduate,Yes,Hostel,No,5.91,6,4,8.22
STU107050,22,Male,2,ME,70,6.3,56,100,68,7.2,5.3,64379,Postgraduate,No,Hostel,Yes,7.09,2,3,9.25
STU107051,20,Female,6,ME,53,0.1,53,24,92,7.5,2.3,194239,None,Yes,Day Scholar,Yes,7.14,6,3,7.02
STU107052,20,Male,5,ECE,96,6.7,52,92,37,5.8,6.2,40534,School,No,Hostel,No,6.93,5,4,8.44
STU107053,20,Female,6,IT,62,3.8,91,43,49,7.5,7.7,184351,None,Yes,Hostel,No,6.02,8,3,7.38
STU107054,18,Male,5,CE,62,3.4,60,98,29,7.1,3.3,208154,Postgraduate,Yes,Hostel,No,6.36,1,0,7.09
STU107055,24,Female,2,ME,63,8.6,89,44,39,4.5,5.7,217821,Graduate,No,Day Scholar,No,5.01,2,0,7.45
STU107056,19,Male,5,IT,50,4.8,61,48,76,6.3,8.7,82255,School,No,Hostel,No,7.85,7,2,7.69
STU107057,22,Female,4,DS,55,3.3,99,59,42,8.1,5.1,27627,Postgraduate,No,Hostel,Yes,7.72,0,0,7.69
STU107058,20,Female,7,ECE,92,3.6,76,94,67,7.3,3.7,168233,Graduate,No,Day Scholar,Yes,5.66,1,4,8.53
STU107059,18,Male,5,CE,98,5.3,64,55,52,5.1,5.4,136734,School,Yes,Day Scholar,Yes,9.68,7,4,9.0
STU107060,18,Female,4,ME,78,6.6,38,58,85,7.4,3.3,87770,School,Yes,Day Scholar,No,7.22,2,1,8.82
STU107061,25,Female,3,DS,77,9.2,69,40,26,7.7,8.5,192954,Postgraduate,No,Hostel,Yes,6.88,1,3,6.95
STU107062,21,Male,4,ECE,87,0.7,44,72,71,6.2,1.9,175414,Graduate,Yes,Hostel,Yes,8.01,0,0,7.52
STU107063,24,Female,7,ECE,67,7.0,85,46,63,7.3,6.6,208108,Postgraduate,Yes,Hostel,No,6.96,1,4,7.33
STU107064,18,Female,2,CE,85,4.0,57,76,49,5.9,6.1,212117,Postgraduate,Yes,Day Scholar,Yes,6.68,2,0,7.44
STU107065,23,Female,1,CE,99,3.8,88,99,61,6.1,5.8,160927,Graduate,Yes,Hostel,No,6.44,4,4,8.28
STU107066,23,Male,3,CE,59,3.8,51,99,81,5.0,3.8,193356,School,No,Day Scholar,Yes,7.88,1,3,7.61
STU107067,23,Female,8,ME,49,6.4,72,42,73,7.6,4.7,162843,Graduate,No,Day Scholar,Yes,6.24,3,4,7.53
STU107068,21,Female,1,ME,87,4.8,74,37,32,7.9,8.3,193786,Graduate,Yes,Hostel,,8.57,0,4,7.34
STU107069,20,Female,5,EEE,82,1.9,89,52,64,4.8,5.5,268127,None,No,Hostel,No,5.77,7,4,7.93
STU107070,23,Male,6,CE,70,4.3,53,69,74,5.2,6.0,269665,School,No,Hostel,No,8.49,3,0,8.56
STU107071,25,Male,1,ECE,64,2.7,79,44,56,8.5,4.9,184777,School,No,Hostel,No,6.08,8,0,7.83
STU107072,19,Male,1,ME,57,4.5,93,49,83,4.7,2.6,283299,None,Yes,Hostel,Yes,7.21,3,0,8.43
STU107073,20,Female,3,EEE,70,1.1,76,22,31,8.6,,170025,School,No,Hostel,No,8.32,7,3,5.75
STU107074,18,Male,4,IT,64,2.6,94,79,99,5.7,3.8,295403,Postgraduate,No,Hostel,Yes,8.62,0,4,8.6
STU107075,22,Male,1,ME,77,3.7,80,24,49,7.9,4.6,274580,Graduate,Yes,Day Scholar,No,6.92,6,4,6.76
STU107076,22,Female,1,CE,77,5.0,38,50,62,7.3,0.6,200099,Postgraduate,Yes,Hostel,No,5.81,3,1,7.36
STU107077,24,Female,3,DS,93,4.0,73,25,26,8.3,3.9,298114,Postgraduate,Yes,Day Scholar,Yes,7.53,7,0,7.37
STU107078,25,Female,9,ME,80,8.7,60,74,76,8.0,3.0,185726,Postgraduate,No,Day Scholar,Yes,6.57,7,0,9.7
STU107079,21,Female,1,CE,49,1.2,87,91,66,7.9,1.4,176909,Graduate,No,Day Scholar,Yes,9.18,2,0,8.97
STU107080,25,Female,6,ECE,50,7.7,35,72,39,7.5,4.7,228220,Graduate,No,Day Scholar,No,5.48,8,4,7.06
STU107081,19,Male,2,ME,45,5.0,82,25,100,6.5,4.7,282196,Graduate,No,Day Scholar,Yes,8.57,2,0,7.96
STU107082,18,Male,1,ME,84,9.1,74,63,76,5.6,7.7,115573,Postgraduate,No,Hostel,No,5.95,2,2,9.47
STU107083,19,Female,1,IT,52,6.2,57,93,53,7.3,8.0,60276,Postgraduate,No,Hostel,Yes,9.19,4,1,8.85
STU107084,20,Female,4,DS,90,9.6,55,94,83,8.2,6.3,243108,None,Yes,Hostel,No,8.66,3,4,10
STU107085,23,Female,1,ECE,98,1.1,78,73,70,8.5,0.6,98032,School,Yes,Day Scholar,Yes,9.03,6,1,8.94
STU107086,23,Female,8,CSE,61,1.2,59,67,63,5.0,4.7,244107,School,Yes,Day Scholar,Yes,9.37,3,2,7.67
STU107087,25,Female,1,ME,80,4.0,58,29,65,8.9,4.4,216195,None,No,Hostel,No,5.94,1,2,7.04
STU107088,23,Male,4,ME,62,9.8,93,56,78,6.4,2.0,256176,School,Yes,Day Scholar,Yes,8.81,2,3,9.83
STU107089,19,Male,6,ME,53,1.4,55,56,31,7.3,5.2,15504,School,Yes,Day Scholar,No,5.6,8,1,5.52
STU107090,21,Male,6,ECE,90,9.4,91,97,83,7.0,5.9,171686,None,No,Hostel,No,8.49,4,4,10
STU107091,25,Female,7,ECE,77,7.0,50,56,79,8.3,2.6,178920,School,No,Hostel,Yes,5.06,5,4,7.68
STU107092,23,Female,6,IT,92,1.6,67,84,24,5.5,5.2,21138,Graduate,No,Hostel,No,5.14,0,1,5.87
STU107093,18,Female,7,CSE,73,4.4,87,64,75,4.6,3.2,209874,Graduate,No,Hostel,Yes,7.38,3,2,7.99
STU107094,23,Male,3,CSE,54,4.7,90,45,49,8.4,4.3,63484,Postgraduate,Yes,Hostel,No,7.86,8,0,8.0
STU107095,24,Female,7,CSE,84,6.1,50,59,46,4.8,5.8,264137,Graduate,No,Day Scholar,No,7.06,0,0,6.61
STU107096,20,Male,8,IT,56,4.8,80,66,78,4.3,8.9,160881,Graduate,No,Day Scholar,Yes,5.76,5,1,7.28
STU107097,21,Male,7,IT,91,9.0,71,33,28,6.2,3.8,85993,School,No,Hostel,No,9.07,6,0,7.62
STU107098,21,Female,8,IT,85,7.6,69,59,52,4.0,4.3,164000,School,Yes,Hostel,Yes,6.6,7,3,7.82
STU107099,20,Female,3,CSE,56,1.9,77,33,75,8.7,2.0,32536,Postgraduate,No,Day Scholar,No,9.28,8,3,8.14
STU107100,20,Male,4,EEE,63,0.2,53,34,33,5.1,4.5,71037,School,No,Day Scholar,No,8.65,3,4,4.68
STU107101,23,Male,4,IT,47,7.3,55,30,71,5.0,8.1,91718,None,No,Day Scholar,Yes,7.25,6,1,7.5
STU107102,18,Female,6,EEE,54,6.5,56,92,55,7.2,4.9,292086,Postgraduate,No,Hostel,No,8.9,0,4,8.52
STU107103,23,Male,7,ME,94,1.9,73,62,30,8.8,3.0,191803,School,Yes,Day Scholar,Yes,8.76,8,0,7.57
STU107104,21,Male,5,ME,88,3.9,93,63,57,6.5,2.4,49522,Graduate,Yes,Day Scholar,Yes,5.03,1,0,7.82
STU107105,23,Male,7,EEE,79,0.1,37,27,27,6.0,6.5,35440,None,Yes,Day Scholar,No,8.09,3,3,4.31
STU107106,20,Female,2,DS,93,2.7,51,47,20,6.9,1.8,46999,Postgraduate,No,Day Scholar,Yes,7.67,6,2,7.13
STU107107,25,Male,1,ME,87,6.3,84,76,33,8.4,2.9,231333,Graduate,No,Day Scholar,No,8.56,2,3,8.85
STU107108,20,Female,4,IT,52,0.2,77,27,40,7.1,4.7,295896,School,Yes,Hostel,Yes,5.93,4,1,5.97
STU107109,21,Male,6,EEE,97,4.8,100,35,45,4.1,8.2,224952,None,Yes,Day Scholar,Yes,9.33,8,3,7.59
STU107110,19,Male,5,CSE,90,3.5,38,26,42,9.0,8.7,113601,School,No,Day Scholar,Yes,8.82,1,4,6.51
STU107111,23,Male,3,EEE,91,6.5,64,33,50,4.7,3.0,241885,School,Yes,Day Scholar,No,8.4,3,2,8.16
STU107112,24,Female,8,CSE,92,4.8,78,61,24,5.4,1.9,240031,Postgraduate,No,Hostel,Yes,8.52,4,4,7.21
STU107113,24,Female,7,DS,58,0.4,78,71,26,6.7,3.5,168082,Graduate,No,Day Scholar,No,6.48,4,2,6.27
STU107114,24,Female,4,DS,71,1.5,79,79,35,8.0,6.7,64610,None,No,Day Scholar,Yes,9.5,6,4,7.19
STU107115,24,Male,3,ECE,64,0.8,52,73,93,5.0,1.5,208170,School,Yes,Day Scholar,Yes,8.67,5,3,8.62
STU107116,22,Male,1,CE,87,5.5,70,25,56,5.9,6.8,135164,School,Yes,Hostel,Yes,7.73,7,3,7.49
STU107117,24,Male,5,CE,91,6.5,69,30,68,6.9,7.5,149634,Graduate,Yes,Hostel,Yes,5.98,7,1,8.58
STU107118,24,Female,6,IT,88,8.3,81,31,22,4.4,3.7,199657,Graduate,Yes,Hostel,Yes,7.0,2,4,7.44
STU107119,18,Male,8,CE,57,8.1,54,31,71,7.0,7.6,128062,Graduate,No,Day Scholar,No,8.95,4,2,8.14
STU107120,20,Female,2,ECE,55,3.6,37,57,61,6.2,2.8,167230,Graduate,No,Hostel,Yes,9.76,3,2,6.73
STU107121,20,Male,6,DS,81,9.2,96,61,85,4.6,3.1,125345,None,No,Hostel,Yes,6.83,4,2,9.56
STU107122,24,Female,8,DS,55,6.5,98,54,50,5.4,4.7,209122,Graduate,No,Day Scholar,No,5.62,8,0,8.64
STU107123,23,Female,3,IT,100,6.3,91,66,62,5.5,0.8,216865,School,No,Day Scholar,Yes,5.94,8,2,9.95
STU107124,24,Male,5,ECE,56,2.6,38,46,58,7.8,8.7,153908,Graduate,Yes,Day Scholar,No,6.4,4,1,6.81
STU107125,25,Female,6,DS,86,4.2,35,57,59,8.4,6.9,93153,School,No,Hostel,Yes,6.9,4,4,7.16
STU107126,22,Male,4,ECE,100,2.5,40,74,43,8.3,0.9,150077,School,Yes,Hostel,Yes,9.23,2,3,7.43
STU107127,18,Female,6,CSE,63,1.1,84,62,66,5.6,7.9,241828,None,No,Hostel,Yes,5.67,3,3,7.6
STU107128,19,Male,5,EEE,78,7.3,87,82,71,4.7,8.0,217771,School,No,Day Scholar,Yes,5.93,8,1,9.21
STU107129,24,Female,6,ME,89,7.4,76,90,40,5.0,2.8,223528,None,No,Hostel,Yes,8.01,0,4,8.23
STU107130,23,Female,5,ECE,100,4.0,63,40,74,4.7,8.1,52769,Graduate,Yes,Day Scholar,Yes,5.5,6,0,7.68
STU107131,20,Male,1,ME,79,3.3,65,66,38,7.4,7.0,277872,Graduate,Yes,Day Scholar,Yes,8.14,7,3,7.48
STU107132,24,Female,6,ECE,88,4.8,38,86,-10,4.6,3.9,265059,Graduate,No,Day Scholar,No,8.82,2,1,7.69
STU107133,21,Male,1,CSE,72,3.0,91,69,23,6.6,4.7,95391,Graduate,Yes,Hostel,No,7.98,7,1,6.87
STU107134,22,Male,4,EEE,84,1.4,89,90,31,7.7,7.9,264946,School,No,Hostel,No,6.65,1,0,7.91
STU107135,20,Female,5,ECE,56,7.3,54,99,36,5.2,5.2,237762,Postgraduate,Yes,Day Scholar,No,7.56,2,3,7.52
STU107136,24,Male,1,DS,87,6.6,82,93,91,8.5,8.2,29818,Grad,No,Hostel,No,6.11,5,3,10
STU107137,23,Male,2,CSE,94,5.9,69,42,38,6.2,8.6,54710,School,Yes,Hostel,No,7.42,2,0,7.5
STU107138,23,Female,1,EEE,90,9.0,60,46,83,6.9,3.6,83428,School,Yes,Day Scholar,No,5.85,8,0,9.23
STU107139,23,Male,3,ME,98,7.5,57,96,88,6.6,7.0,unknown,Graduate,No,Hostel,Yes,8.75,6,3,10
STU107140,20,Male,7,DS,87,7.3,85,54,26,4.0,3.6,26221,Postgraduate,Yes,Hostel,Yes,6.27,3,3,7.31
STU107141,19,Male,8,IT,47,5.5,70,35,35,6.0,7.1,193444,Postgraduate,No,Day Scholar,Yes,9.16,0,0,6.49
STU107142,24,male,4,ECE,67,5.8,72,48,81,5.6,2.5,185579,Postgraduate,No,Day Scholar,No,5.44,5,2,8.28
STU107143,22,Male,6,ME,70,4.3,96,57,60,4.2,7.6,200095,Graduate,No,Day Scholar,No,5.89,2,3,7.82
STU107144,18,Female,8,CE,71,4.0,50,52,98,5.7,4.8,63561,Graduate,Yes,Hostel,No,6.31,1,2,7.23
STU107145,23,Female,4,ECE,97,5.2,73,56,48,7.4,7.0,212657,School,Yes,Day Scholar,No,7.55,6,4,8.74
STU107146,20,Female,7,DS,88,5.5,95,30,87,4.1,6.7,82447,None,No,Day Scholar,No,5.59,6,0,9.2
STU107147,23,Male,4,ECE,47,1.7,86,28,29,8.2,5.6,55161,School,Yes,Hostel,No,6.38,0,2,5.75
STU107148,18,Female,1,ME,76,6.6,74,53,65,4.4,3.2,193911,Postgraduate,Yes,Hostel,Yes,5.92,8,3,8.82
STU107149,20,Male,4,IT,74,9.8,84,40,31,7.7,5.8,243933,None,No,Hostel,Yes,7.7,6,3,7.36
STU107150,19,Male,1,DS,60,9.0,51,52,39,4.1,7.5,104347,Graduate,Yes,Hostel,No,9.6,7,3,7.85
STU107151,21,Male,1,AI&ML,74,1.4,82,95,60,4.7,4.4,165534,Postgraduate,Yes,Hostel,Yes,9.11,3,1,8.04
STU107152,18,Female,2,CE,86,7.4,88,50,42,6.9,5.5,56582,Postgraduate,No,Hostel,Yes,6.72,5,1,8.38
STU107153,18,Female,5,IT,91,0.5,95,95,67,6.5,8.8,206141,Graduate,No,Day Scholar,No,7.87,0,3,8.7
STU107154,18,Male,8,EEE,57,3.2,84,82,20,6.3,4.9,146691,School,Yes,Hostel,No,9.05,3,4,7.08
STU107155,23,Female,5,CE,65,0.9,51,77,98,8.6,1.2,52742,None,No,Hostel,No,9.32,2,0,9.06
STU107156,21,Male,6,IT,46,4.8,95,50,51,6.8,3.3,205168,School,Yes,Day Scholar,No,8.02,6,1,7.37
STU107157,23,Male,6,CSE,66,1.7,46,100,63,7.2,7.4,262346,Graduate,No,Day Scholar,No,8.83,8,1,7.61
STU107158,25,Male,6,ECE,87,6.5,88,76,25,8.5,6.6,243958,School,No,Day Scholar,No,5.94,3,1,8.37
STU107159,22,Male,7,ECE,96,2.8,83,92,58,6.4,2.5,295153,None,No,Hostel,No,7.7,4,1,9.36
STU107160,20,Male,8,CSE,48,2.6,70,39,-10,5.5,4.5,41592,Postgraduate,Yes,Hostel,Yes,6.15,4,2,7.0
STU107161,23,Female,7,DS,54,8.0,49,77,75,5.5,5.2,173895,Postgraduate,No,Hostel,No,6.72,0,1,8.61
STU107162,25,Female,6,EEE,62,5.6,88,83,91,5.1,5.6,207291,School,No,Hostel,Yes,5.1,8,3,8.8
STU107163,18,Male,3,IT,73,3.8,87,86,47,5.8,7.1,213553,Graduate,Y,Hostel,No,8.97,7,2,8.87
STU107164,20,Female,2,ECE,79,1.1,65,50,37,8.0,5.6,127535,None,No,Hostel,No,9.67,5,2,7.17
STU107165,22,Male,3,AI&ML,45,6.1,78,76,93,5.8,2.5,257798,Graduate,Yes,Hostel,No,5.69,5,1,9.37
STU107166,25,Male,4,EEE,79,3.7,81,94,48,7.7,7.9,133830,School,Yes,Day Scholar,Yes,8.03,7,3,8.43
STU107167,21,Female,3,IT,80,0.0,93,48,92,8.3,7.2,294756,None,Yes,Hostel,No,6.5,0,4,7.16
STU107168,23,Male,5,ECE,96,2.8,90,88,43,8.2,5.0,101047,None,Yes,Day Scholar,Yes,7.19,0,2,7.77
STU107169,23,Male,8,CE,70,7.3,88,25,49,7.2,6.9,120377,Postgraduate,No,Day Scholar,No,5.62,0,1,7.2
STU107170,25,Female,3,DS,47,9.0,44,100,96,8.4,7.9,unknown,School,No,Day Scholar,No,8.18,0,0,9.76
STU107171,25,Male,4,CSE,66,4.1,84,79,71,8.4,1.1,118676,Postgraduate,No,Hostel,Yes,5.64,5,3,8.15
STU107172,20,Male,4,ME,52,6.9,85,60,-10,5.5,7.2,276247,Graduate,Yes,Hostel,Yes,7.01,1,2,8.03
STU107173,18,Male,3,ECE,46,0.9,55,31,66,5.9,6.1,115209,None,Yes,Day Scholar,Yes,9.53,1,2,6.23
STU107174,24,Female,4,EEE,94,5.7,52,98,46,7.4,4.4,164302,Postgraduate,Yes,Hostel,No,7.32,8,1,8.23
STU107175,25,Male,5,CE,67,8.7,75,51,66,8.0,8.0,257602,Graduate,No,Day Scholar,Yes,6.53,6,4,8.43
STU107176,24,Male,6,IT,69,1.5,42,55,54,5.7,1.4,123558,Graduate,Yes,Day Scholar,No,6.89,5,3,6.86
STU107177,25,Male,2,IT,94,1.9,N/A,40,72,5.8,2.1,162104,Postgraduate,No,Day Scholar,Yes,5.63,4,0,7.89
,23,Male,8,EEE,60,2.2,45,53,75,8.2,6.0,73264,School,No,Day Scholar,Yes,7.04,1,1,6.66
STU107179,21,Male,7,ECE,70,4.2,39,40,47,4.7,1.8,86304,Postgraduate,No,Day Scholar,Yes,8.53,6,1,6.3
STU107180,18,Female,6,CSE,66,4.4,83,20,78,5.9,2.8,233404,Grad,Yes,Hostel,No,8.55,1,0,7.17
STU107181,19,Male,4,CSE,95,1.4,58,53,65,6.3,6.6,unknown,Postgraduate,Yes,Hostel,No,8.04,1,0,7.74
STU107182,21,Male,2,DS,52,6.4,95,85,98,8.0,8.7,173850,None,Yes,Hostel,No,5.68,6,1,9.95
STU107183,23,Female,7,ECE,99,6.5,80,51,65,4.4,0.6,160395,Graduate,Yes,Hostel,Yes,6.89,8,4,8.25
STU107184,22,Female,6,IT,69,8.8,89,95,37,7.9,0.5,168374,None,No,Day Scholar,No,6.93,3,3,9.5
STU107185,25,Male,5,ME,95,4.8,56,54,60,8.2,0.6,129924,Graduate,No,Hostel,Yes,8.97,2,4,8.0
STU107186,20,Male,3,ECE,48,6.8,82,60,79,6.5,8.5,168497,Postgraduate,Yes,Hostel,Yes,5.98,0,0,8.07
STU107187,20,Female,8,ECE,99,3.9,87,49,32,4.1,4.3,112293,None,Yes,Day Scholar,Yes,9.73,0,0,7.7
STU107188,20,Male,1,DS,69,9.2,71,35,24,8.1,4.2,106399,School,Yes,Day Scholar,Yes,7.29,3,3,6.61
STU107189,23,Male,6,ECE,96,3.0,63,77,35,5.6,6.0,178148,School,No,Hostel,Yes,7.92,2,3,7.06
STU107190,22,Female,2,CE,45,7.9,72,29,41,5.5,6.5,225422,School,Yes,Day Scholar,No,8.56,7,3,6.35
STU107191,21,Male,2,DS,92,1.9,87,47,86,8.2,5.1,75667,Graduate,No,Day Scholar,No,9.47,7,0,9.43
STU107192,21,Female,6,IT,64,3.6,41,61,65,4.2,2.6,16870,Graduate,No,Day Scholar,Yes,8.78,0,2,6.42
STU107193,20,Female,4,CE,79,0.4,52,84,79,5.3,1.5,129487,Graduate,No,Hostel,Yes,6.79,0,4,7.01
STU107194,24,Female,5,CE,84,3.3,71,36,82,7.9,5.8,193004,Postgraduate,Yes,Hostel,No,11.5,3,1,7.76
STU107195,22,Female,5,CSE,65,2.0,88,48,82,7.3,2.6,286412,Postgraduate,Yes,Day Scholar,No,6.22,0,4,7.46
STU107196,20,Female,3,CE,99,3.5,86,64,66,6.2,5.5,24467,School,Yes,Day Scholar,Yes,6.99,4,4,8.51
STU107197,19,Male,7,CE,80,3.7,98,58,28,8.2,4.2,280070,Postgraduate,Yes,Day Scholar,No,7.28,4,0,8.31
STU107198,21,Male,8,CE,46,2.2,94,46,55,5.0,5.6,126970,Graduate,Yes,Hostel,No,7.0,6,4,7.19
STU107199,20,Female,8,CE,59,5.7,87,51,53,8.1,8.4,190745,School,Yes,Day Scholar,No,9.43,0,2,7.63
STU107200,22,Female,2,IT,50,1.0,88,33,79,5.0,4.9,156465,Postgraduate,No,Hostel,Yes,9.44,8,0,7.11
STU107201,21,Female,6,ECE,47,9.0,90,99,98,8.8,6.4,249629,None,No,Day Scholar,Yes,8.55,6,1,10
STU107202,18,Female,1,EEE,80,4.5,89,80,47,5.9,8.8,unknown,None,Yes,Day Scholar,Yes,6.74,2,2,7.49
STU107203,18,Female,4,CSE,47,1.4,46,43,98,5.5,6.2,111327,None,No,Hostel,Yes,6.1,2,1,7.13
STU107204,20,Male,1,CE,73,7.7,55,61,54,8.5,3.5,156582,Graduate,Yes,Hostel,No,8.68,2,0,7.8
STU107205,25,Female,5,DS,95,2.3,64,31,96,4.5,1.2,93934,Postgraduate,Yes,Hostel,Yes,9.45,4,0,8.14
STU107206,24,Male,2,CE,79,6.6,38,84,26,5.8,2.3,205146,Postgraduate,No,Day Scholar,Yes,8.55,0,1,6.86
STU107207,23,Female,1,IT,97,0.9,92,53,88,4.1,3.2,85969,Graduate,No,Day Scholar,No,5.05,8,0,8.53
STU107208,25,Male,3,CE,70,3.7,95,32,50,6.2,5.3,unknown,School,Yes,Day Scholar,Yes,8.66,0,2,7.15
STU107209,23,Male,1,DS,70,3.6,93,27,40,4.1,6.6,41561,Postgraduate,Yes,Day Scholar,No,6.81,5,1,6.1
STU107210,24,Male,1,ME,85,3.0,39,80,81,9.0,4.0,201307,Postgraduate,No,Hostel,Yes,8.36,7,1,9.43
STU107211,20,Male,3,EEE,84,4.5,42,76,88,8.7,1.7,106010,Graduate,Yes,Day Scholar,Yes,6.9,6,3,9.06
STU107212,22,Female,6,ME,81,9.8,37,62,89,4.3,6.7,133298,Graduate,No,Hostel,No,6.8,6,0,9.03
STU107213,18,Male,7,IT,52,3.0,76,27,35,4.3,9.0,66123,None,No,Day Scholar,No,7.42,1,4,5.11
STU107214,25,Female,2,ME,50,1.7,75,34,82,4.1,1.8,291477,Graduate,Yes,Hostel,No,7.05,4,4,6.37
STU107215,22,Male,1,IT,47,7.4,54,86,37,5.3,8.5,148590,Graduate,Yes,Day Scholar,No,6.05,7,1,6.97
STU107216,22,Female,1,ME,81,5.9,39,51,95,8.9,2.3,298415,Postgraduate,No,Day Scholar,No,8.63,6,2,9.36
STU107217,23,Female,7,IT,76,8.9,57,52,56,5.0,7.6,155915,None,No,Hostel,Yes,7.74,7,0,7.9
STU107218,19,Female,3,ME,72,8.1,77,60,76,5.2,5.5,78647,None,Yes,Hostel,Yes,6.15,7,4,9.34
STU107219,24,Male,2,IT,96,4.5,100,38,26,6.2,5.8,114534,Graduate,No,Day Scholar,No,7.88,1,4,6.79
STU107220,22,Male,7,ME,66,4.6,79,39,92,8.9,3.1,219878,School,No,Day Scholar,Yes,7.87,5,1,9.47
STU107221,18,Female,3,DS,45,9.0,58,76,33,5.5,2.1,280706,School,No,Hostel,Yes,7.49,0,4,7.56
STU107222,24,Male,5,ME,58,2.6,58,28,28,8.7,6.4,177883,School,Yes,Hostel,No,5.35,7,0,6.35
STU107223,22,Female,4,CE,46,6.2,75,81,22,6.1,4.6,143344,School,No,Hostel,No,9.06,4,0,7.47
STU107224,24,Male,6,IT,78,4.0,61,87,54,5.4,6.9,78180,Postgraduate,Yes,Day Scholar,No,5.51,7,1,7.92
STU107225,23,Male,1,ECE,60,8.8,72,54,64,6.0,3.6,194335,None,Yes,Day Scholar,Yes,6.82,0,4,12
STU107226,18,Male,6,IT,75,2.1,95,58,83,4.7,7.5,186527,Postgraduate,Yes,Day Scholar,No,7.96,2,2,8.03
STU107227,19,Female,3,ME,58,2.2,39,57,20,4.9,8.3,190324,None,Yes,Hostel,No,7.56,3,3,5.05
STU107228,19,Female,8,ECE,45,9.2,94,93,89,6.8,3.5,230786,Postgraduate,Yes,Day Scholar,Yes,6.43,2,2,9.63
STU107229,21,Male,3,DS,74,7.5,62,28,69,5.5,7.5,268120,Graduate,Yes,Hostel,No,6.19,5,?,7.79
STU107230,21,Male,5,IT,50,9.4,94,85,31,8.5,1.8,91192,Postgraduate,No,Day Scholar,No,5.4,0,3,8.64
STU107231,22,Male,7,ME,59,2.0,43,39,87,6.2,4.2,53399,School,No,Day Scholar,Yes,5.89,1,4,6.0
STU107232,22,Female,8,CE,61,7.0,52,48,83,6.8,8.0,28357,None,Yes,Hostel,Yes,5.26,5,3,7.2
STU107233,20,Female,1,AI&ML,77,5.2,46,60,99,4.6,7.2,142117,Graduate,Yes,Hostel,Yes,7.26,0,3,7.56
STU107234,25,Female,4,CSE,80,4.2,87,59,33,8.8,5.6,130851,School,No,Day Scholar,Yes,5.5,3,3,7.28
STU107235,22,Female,6,CSE,96,0.7,35,38,84,6.7,0.9,36430,Postgraduate,Yes,Hostel,No,5.2,3,2,6.85
,25,Female,1,DS,70,2.7,54,20,48,4.1,1.6,196618,Graduate,Yes,Day Scholar,No,9.05,6,2,5.89
STU107237,21,Male,2,AI&ML,60,2.0,86,88,29,5.1,3.2,147045,School,Yes,Day Scholar,Yes,6.5,5,3,6.42
STU107238,24,Male,2,CSE,90,7.3,96,64,22,4.7,3.4,104370,Postgraduate,No,Hostel,No,8.27,8,3,8.67
STU107239,24,Female,3,DS,61,2.5,79,20,98,9.0,0.7,178606,School,No,Hostel,No,7.38,3,3,7.53
STU107240,24,Male,5,CSE,61,6.9,99,91,72,7.9,1.5,94676,Postgraduate,Yes,Day Scholar,No,8.87,0,1,10
STU107241,19,Female,3,DS,51,9.9,70,76,66,8.0,7.7,181604,School,Yes,Hostel,Yes,8.33,7,4,8.6
STU107242,18,Male,6,ECE,88,6.1,57,99,67,8.0,7.4,38607,Postgraduate,No,Hostel,Yes,8.39,1,0,8.5
STU107243,23,Female,2,CSE,73,3.9,80,50,61,7.3,8.5,52530,Graduate,No,Day Scholar,No,9.32,2,0,7.48
STU107244,24,Female,5,CSE,68,1.1,56,21,22,4.1,1.4,140183,Graduate,Yes,Day Scholar,,8.77,6,1,6.17
STU107245,20,Male,1,ECE,81,5.6,46,62,68,8.8,1.6,166899,Postgraduate,No,Day Scholar,No,8.31,3,0,8.76
STU107246,18,Female,8,ECE,95,6.1,96,98,60,5.4,2.5,106413,None,No,Hostel,Yes,8.39,6,2,9.83
STU107247,21,Male,1,ECE,48,4.4,62,55,84,6.7,7.2,228933,Postgraduate,Yes,Hostel,No,9.03,6,2,8.64
STU107248,21,Male,1,CE,90,4.9,55,38,25,7.4,4.6,152707,Postgraduate,No,Day Scholar,Yes,5.48,3,0,6.37
STU107249,20,Female,3,IT,97,4.1,45,29,49,5.7,6.2,204205,Postgraduate,Yes,Hostel,No,5.15,3,2,7.02
STU107250,23,Female,3,ME,56,1.2,72,24,64,6.7,,250888,None,No,Day Scholar,Yes,8.02,5,2,6.35
STU107251,23,Male,1,ECE,56,8.9,49,26,32,7.9,8.9,257379,Postgraduate,Yes,Hostel,Yes,6.08,1,0,6.01
STU107252,24,Female,2,CSE,65,5.1,53,71,98,6.0,1.3,258034,School,Yes,Hostel,No,7.48,3,2,8.72
STU107253,22,Male,8,EEE,76,3.9,58,83,75,4.9,8.8,44965,School,No,Hostel,No,9.51,0,3,8.67
STU107254,23,Female,1,CSE,49,5.6,91,48,30,5.7,7.7,206600,Graduate,Yes,Hostel,No,6.61,6,1,6.39
STU107255,21,Female,4,ECE,75,1.5,56,54,22,4.4,1.5,80308,None,No,Day Scholar,No,6.4,6,0,6.13
STU107256,18,Female,4,CSE,69,2.3,74,57,98,7.7,8.7,225621,School,No,Hostel,No,8.49,6,2,8.8
STU107257,18,Female,1,EEE,75,4.6,36,70,39,4.1,5.6,113837,Postgraduate,No,Day Scholar,No,6.48,3,4,5.78
STU107258,20,Female,7,CE,64,4.1,81,24,35,7.6,6.8,121760,School,No,Day Scholar,Yes,7.29,3,3,7.0
STU107259,19,Female,8,EEE,57,5.2,96,65,88,8.7,7.4,80868,Postgraduate,No,Hostel,Yes,9.53,7,2,9.09
STU107260,25,Female,3,DS,51,7.0,65,45,58,8.5,8.5,170244,Graduate,Yes,Hostel,Yes,5.65,6,3,7.48
STU107261,18,Male,2,IT,74,3.0,74,80,87,6.8,2.1,290543,Graduate,Yes,Hostel,No,8.21,5,0,8.95
STU107262,25,Male,4,CSE,92,3.2,92,50,34,7.7,3.4,224830,Postgraduate,No,Hostel,Yes,6.2,6,3,7.97
STU107263,21,Female,1,DS,77,6.3,50,22,95,8.4,1.3,98703,None,Yes,Day Scholar,Yes,6.36,1,4,7.7
STU107264,18,Male,3,ECE,74,2.6,89,79,97,6.1,6.0,164640,None,Yes,Day Scholar,No,8.74,6,3,8.81
STU107265,19,Male,3,DS,78,0.2,66,54,88,6.6,8.5,51395,School,Yes,Day Scholar,Yes,8.66,5,3,8.02
STU107266,24,Female,3,IT,77,6.1,78,22,31,8.1,1.1,61431,Postgraduate,No,Hostel,Yes,5.21,8,3,12
STU107267,18,Female,4,ECE,64,3.2,N/A,85,79,4.2,2.1,240932,None,No,Day Scholar,Yes,5.05,6,4,8.32
STU107268,18,Male,7,DS,57,7.0,62,97,55,6.2,1.9,206000,School,No,Day Scholar,No,8.32,6,3,8.95
STU107269,20,Female,5,ECE,81,9.6,80,90,100,7.9,7.4,89688,Graduate,No,Day Scholar,No,8.14,4,0,10
STU107270,19,Male,5,ME,89,8.0,77,42,93,8.6,3.8,77102,School,Yes,Day Scholar,Yes,7.32,5,3,9.87
STU107271,23,Female,7,ME,99,2.0,85,57,44,8.3,2.6,235521,Graduate,Yes,Day Scholar,No,5.92,1,1,7.43
STU107272,25,Female,3,DS,48,5.4,82,33,67,8.1,7.7,59815,Postgraduate,Yes,Day Scholar,No,6.52,8,2,7.22
STU107273,24,Male,5,CE,52,4.5,79,63,88,5.2,5.9,190871,Graduate,No,Day Scholar,No,8.07,1,2,8.08
STU107274,22,Female,3,CE,99,7.2,39,64,89,6.8,8.5,83282,Graduate,Yes,Day Scholar,Yes,8.54,2,1,8.59
STU107275,18,Male,6,ECE,68,5.7,77,97,58,8.7,8.8,239795,Postgraduate,No,Hostel,Yes,8.83,2,4,8.28
STU107276,25,Male,6,ECE,54,7.7,89,79,53,8.9,8.5,85056,Postgraduate,No,Day Scholar,No,7.81,6,3,8.43
STU107277,24,Male,5,ECE,57,5.4,56,73,87,6.2,1.6,226619,School,Yes,Day Scholar,Yes,5.81,8,1,9.07
STU107278,19,Male,3,ECE,100,9.1,41,22,98,7.9,0.9,289100,Graduate,No,Hostel,Yes,5.1,2,1,9.38
STU107279,25,Male,4,ECE,57,2.9,39,99,75,8.8,5.2,50786,School,Yes,Hostel,Yes,8.85,1,3,7.6
STU107280,25,Female,4,ECE,94,7.3,74,44,64,7.9,1.4,245381,Graduate,No,Day Scholar,Yes,9.7,2,2,8.93
STU107281,21,Female,9,ECE,59,7.1,89,88,31,4.3,5.2,67253,Graduate,Yes,Day Scholar,No,9.71,0,4,8.14
STU107282,23,Male,8,EEE,98,6.5,98,21,78,4.5,7.5,17656,Postgraduate,Yes,Hostel,No,6.43,5,1,9.03
STU107283,18,Male,3,ME,82,3.8,N/A,62,85,8.0,4.1,132307,None,No,Hostel,Yes,6.84,3,4,9.19
STU107284,18,Female,3,CSE,84,3.7,59,70,100,6.4,2.2,185599,None,No,Hostel,Yes,8.32,2,4,9.52
STU107285,24,Male,2,DS,46,9.8,55,55,64,8.1,7.0,287599,Graduate,Yes,Day Scholar,No,8.71,8,2,8.87
STU107286,24,Female,8,CSE,49,0.5,95,40,69,6.9,9.0,270850,Postgraduate,Yes,Day Scholar,No,8.56,7,1,7.61
STU107287,19,Male,2,CSE,60,4.5,47,21,84,6.0,2.0,152894,Graduate,Yes,Day Scholar,Yes,9.74,6,4,7.5
STU107288,23,Male,5,CSE,45,7.6,38,38,77,7.1,4.0,235712,Graduate,No,Day Scholar,Yes,9.33,4,3,8.21
STU107289,24,Male,7,CSE,75,8.4,86,32,44,5.6,1.1,119563,School,Yes,Hostel,No,9.06,3,4,8.05
STU107290,20,Male,8,CSE,81,0.7,82,56,34,4.0,7.0,154866,School,Yes,Hostel,No,8.33,7,1,7.21
STU107291,20,Male,3,ME,95,8.1,87,39,52,5.5,7.5,296105,Graduate,Yes,Day Scholar,Yes,6.17,2,0,8.66
STU107292,25,Female,2,IT,61,9.5,62,62,63,7.0,6.9,171428,Postgraduate,No,Hostel,Yes,7.67,4,1,8.53
STU107293,24,Female,2,CSE,68,7.1,61,44,58,6.5,6.7,39486,Postgraduate,No,Hostel,Yes,8.94,4,0,8.58
STU107294,22,Female,5,ECE,69,9.7,49,47,37,8.2,2.1,119442,Graduate,No,Day Scholar,No,7.35,3,3,7.27
STU107295,18,Female,3,CSE,100,1.0,97,96,67,7.5,6.6,208826,Postgraduate,Yes,Hostel,No,6.81,4,1,9.36
STU107296,24,Female,6,IT,93,8.8,35,20,81,4.4,2.0,138778,Graduate,Yes,Hostel,Yes,7.81,4,3,8.23
STU107297,22,Female,8,ECE,87,2.2,94,86,56,6.4,5.4,228543,Postgraduate,No,Day Scholar,Yes,7.97,2,0,8.72
STU107298,21,Female,2,EEE,50,1.4,84,96,80,6.2,7.9,67240,School,Yes,Hostel,Yes,9.04,2,1,7.92
STU107299,23,Female,7,DS,88,9.9,36,56,20,6.4,4.2,269601,Postgraduate,No,Day Scholar,Yes,7.62,5,2,7.49
STU107300,25,Male,2,CE,96,2.2,58,80,70,4.7,7.0,20730,Graduate,No,Day Scholar,Yes,5.04,2,1,7.04
STU107301,20,Male,6,ECE,92,5.4,75,95,87,5.3,1.6,253656,School,No,Day Scholar,No,8.72,7,0,9.78
STU107302,19,Male,2,CE,60,8.7,60,58,75,8.0,7.4,175414,Graduate,No,Day Scholar,Yes,6.82,2,2,7.79
STU107303,19,Male,3,ME,75,6.9,79,41,35,8.0,8.2,231016,Graduate,Yes,Day Scholar,Yes,8.85,0,2,6.71
STU107304,19,Male,4,ME,92,9.8,65,97,62,6.6,3.6,173750,School,Yes,Day Scholar,No,6.06,6,0,10
STU107305,23,Female,3,ME,88,8.0,40,93,79,6.4,6.0,263438,Graduate,Yes,Day Scholar,Yes,7.07,2,3,8.21
STU107306,19,Female,4,IT,45,2.4,35,30,70,8.3,8.9,123281,School,No,Hostel,No,8.92,3,0,6.89
STU107307,21,Male,1,CSE,61,8.6,39,79,74,6.7,4.9,162349,Postgraduate,No,Hostel,,7.21,3,4,8.14
STU107308,25,Female,6,ECE,61,8.5,45,60,54,5.0,8.9,188937,None,No,Day Scholar,No,7.61,5,3,7.33
STU107309,24,Female,4,ECE,81,2.6,62,37,60,7.5,0.6,297516,Graduate,Yes,Hostel,No,8.3,2,4,6.91
STU107310,22,Male,1,CE,99,7.8,63,33,69,6.5,3.3,62498,School,No,Day Scholar,Yes,8.99,7,3,8.96
STU107311,19,Female,3,DS,60,2.0,63,75,83,6.4,7.2,295516,School,No,Hostel,No,5.81,6,0,7.8
STU107312,20,Male,6,ECE,71,9.5,38,72,41,5.4,5.9,39416,Postgraduate,Yes,Hostel,Yes,8.4,2,3,7.21
STU107313,20,Female,8,DS,72,6.7,71,89,25,4.6,1.7,194297,None,Yes,Hostel,No,5.68,7,2,7.5
STU107314,18,Male,3,DS,73,6.8,36,69,23,7.8,1.2,275944,Graduate,Yes,hostel,Yes,6.6,2,2,6.11
STU107315,19,Female,8,ECE,86,0.9,73,48,-10,7.6,1.8,218462,Postgraduate,No,Day Scholar,Yes,7.68,6,2,8.32
STU107316,21,Male,3,EEE,51,2.7,97,77,60,4.4,2.5,177729,Postgraduate,No,Hostel,No,8.45,3,4,7.67
STU107317,23,Female,8,EEE,83,5.3,87,96,88,8.4,1.2,214429,Postgraduate,Yes,Hostel,No,8.88,3,2,10
STU107318,22,Male,3,EEE,70,6.5,77,52,35,4.4,1.7,92112,None,Yes,Hostel,Yes,9.67,4,2,7.46
STU107319,23,Male,3,ECE,67,7.7,83,62,20,7.8,4.9,136327,Graduate,Yes,Day Scholar,No,9.14,7,4,7.36
STU107320,19,Male,1,CSE,69,6.9,51,88,35,4.4,6.1,251851,School,Yes,Hostel,No,5.07,8,0,7.95
STU107321,25,Male,7,ECE,99,6.4,100,39,24,6.9,1.6,187822,None,Yes,Day Scholar,Yes,11.5,0,1,6.65
STU107322,25,Male,4,IT,87,2.0,65,51,24,8.5,0.8,34049,Graduate,No,Hostel,Yes,6.96,8,4,7.1
STU107323,20,Female,4,ME,75,2.7,62,76,65,4.9,8.9,175644,Postgraduate,Yes,Day Scholar,No,9.73,0,1,8.3
STU107324,23,Male,8,DS,51,0.6,65,64,72,8.5,3.0,140219,Graduate,Yes,Day Scholar,No,5.91,2,?,6.79
STU107325,24,Male,1,IT,69,2.9,99,56,97,5.2,1.3,169314,Postgraduate,Yes,Hostel,No,6.62,2,3,8.44
STU107326,19,Male,5,CSE,87,4.3,100,87,58,4.5,3.9,257183,School,Yes,Hostel,No,6.09,7,3,8.56
STU107327,21,Female,5,ECE,47,0.7,51,47,90,6.7,1.9,298645,Postgraduate,Yes,Hostel,Yes,8.77,8,1,8.27
STU107328,21,Female,6,IT,54,7.5,39,92,98,7.6,2.2,248427,School,No,Day Scholar,No,5.73,3,4,8.18
STU107329,19,Male,4,IT,48,1.5,68,31,37,4.3,1.1,75456,School,Yes,Hostel,Yes,8.53,2,0,5.46
STU107330,21,Male,7,CSE,57,6.7,71,23,68,4.5,1.2,127040,Graduate,No,Day Scholar,No,8.64,6,3,7.16
STU107331,23,Male,3,EEE,72,4.2,39,64,80,8.7,1.7,204369,Graduate,Yes,Hostel,Yes,8.1,0,3,7.74
STU107332,23,Male,6,IT,52,2.5,78,44,20,4.0,1.2,106773,Postgraduate,No,Hostel,No,9.08,4,4,6.47
STU107333,21,Male,8,ECE,86,1.9,42,80,63,5.4,7.9,119448,Graduate,Yes,Day Scholar,No,6.98,0,2,7.11
STU107334,19,Female,7,ECE,52,1.0,96,57,34,4.9,4.8,188654,Postgraduate,No,Hostel,Yes,5.66,8,0,6.2
STU107335,19,Male,5,DS,92,5.1,78,94,51,7.4,4.3,238009,Graduate,No,hostel,Yes,7.02,0,2,8.53
STU107336,22,Female,2,CSE,66,3.1,66,41,86,8.3,5.2,106607,School,Yes,Hostel,Yes,5.75,3,0,8.17
STU107337,20,Male,8,EEE,58,9.6,41,30,25,5.5,1.9,129801,Postgraduate,No,Day Scholar,No,9.72,7,1,7.46
STU107338,20,Female,1,IT,77,6.0,73,76,85,4.8,5.9,265629,None,No,Day Scholar,No,6.77,6,2,9.63
STU107339,19,Female,5,ME,54,6.8,67,65,88,7.2,0.6,172645,None,Yes,Hostel,Yes,6.05,3,2,8.47
STU107340,20,Male,1,ECE,78,6.9,81,89,30,6.4,7.5,181096,Graduate,Yes,Hostel,No,5.4,6,3,8.16
STU107341,25,Male,8,IT,86,7.0,59,21,25,7.4,5.7,295785,None,No,Hostel,No,6.62,1,0,6.48
STU107342,23,Female,2,EEE,57,3.7,91,96,58,7.9,7.5,264592,None,Yes,Day Scholar,Yes,6.09,5,0,8.42
STU107343,19,Female,8,ECE,75,6.5,78,81,26,5.3,7.5,214068,School,Yes,Hostel,No,9.46,8,0,8.71
STU107344,24,Male,1,CSE,47,1.8,79,82,74,4.7,7.8,91191,Postgraduate,No,Day Scholar,Yes,5.32,6,1,7.22
STU107345,20,Female,5,ME,68,3.3,83,79,83,7.3,3.4,61194,School,Yes,Day Scholar,Yes,8.22,7,3,9.66
STU107346,25,Female,3,DS,72,0.5,87,21,41,5.4,7.7,289640,None,No,Day Scholar,Yes,7.44,0,1,6.31
STU107347,22,Male,6,CE,49,2.6,68,64,54,8.2,7.8,278580,Graduate,No,Day Scholar,Yes,8.44,5,3,7.77
STU107348,24,Male,2,IT,54,5.9,66,65,62,4.6,1.7,190969,School,Yes,Hostel,Yes,7.89,1,3,8.06
STU107349,19,Male,6,EEE,69,1.7,49,100,59,5.9,4.1,46646,Postgraduate,No,Hostel,,8.82,4,2,7.48
STU107350,18,Female,5,DS,98,6.0,77,45,57,4.8,5.4,200744,School,Yes,Hostel,No,5.3,1,3,7.08
STU107351,20,Male,1,EEE,63,4.7,46,73,66,7.9,5.8,255211,Graduate,Yes,Hostel,Yes,7.7,5,0,7.89
STU107352,22,Male,7,CSE,99,1.5,88,90,83,5.9,3.7,264104,Postgraduate,No,Hostel,No,7.94,6,4,9.3
STU107353,21,Female,4,ME,65,1.0,80,74,70,8.5,8.4,59206,Graduate,Yes,Day Scholar,No,5.82,1,1,7.36
STU107354,19,Female,7,DS,71,5.0,35,61,98,8.8,6.3,237866,Graduate,No,Hostel,Yes,9.76,5,1,12
STU107355,25,male,1,CSE,60,2.2,47,95,37,6.5,4.2,292612,None,No,Day Scholar,Yes,6.5,7,3,6.15
STU107356,24,Female,1,ECE,69,5.9,80,77,-10,5.2,6.1,199524,None,No,Day Scholar,No,7.48,1,4,8.14
STU107357,23,Female,4,ECE,82,6.6,41,94,67,7.7,3.8,224907,School,Yes,Day Scholar,No,5.55,0,2,8.5
STU107358,21,Female,7,CE,85,8.6,99,69,48,6.0,4.1,69603,Graduate,Yes,Day Scholar,Yes,7.02,5,3,9.24
STU107359,23,Male,7,CE,67,2.0,53,23,89,7.9,3.9,184772,Graduate,Yes,Day Scholar,No,9.04,1,2,7.79
STU107360,23,Male,1,CSE,69,7.0,56,25,82,4.7,8.9,266713,School,Yes,Hostel,No,8.76,3,3,7.76
STU107361,24,Male,8,ME,52,7.9,38,52,61,8.1,4.9,142295,Graduate,Yes,Hostel,No,5.64,0,4,6.39
STU107362,23,Female,1,DS,96,5.8,44,49,55,8.7,3.4,172985,Postgraduate,Yes,Day Scholar,Yes,5.47,0,1,6.94
STU107363,23,Male,2,DS,74,4.1,100,70,89,4.7,3.1,274217,School,Yes,Hostel,Yes,7.4,6,2,9.93
STU107364,25,Male,2,CSE,81,5.6,77,51,74,4.5,4.0,298933,Postgraduate,Yes,Hostel,No,7.07,1,1,8.28
STU107365,21,Male,6,DS,86,2.4,41,24,46,5.1,3.0,81008,School,No,Hostel,No,5.06,3,0,6.07
STU107366,23,Female,7,EEE,52,3.4,81,62,27,5.0,7.5,127494,School,No,Hostel,Yes,5.29,4,3,5.69
STU107367,22,Female,2,ECE,79,6.8,98,52,45,7.7,3.4,267709,School,Yes,Hostel,Yes,7.15,0,4,7.37
STU107368,18,Female,3,CSE,73,7.9,36,92,41,6.9,1.3,179680,School,Yes,Day Scholar,Yes,6.31,0,0,7.61
STU107369,19,Male,4,EEE,100,9.8,54,91,43,4.5,,123813,School,Yes,Hostel,Yes,5.87,0,2,8.92
STU107370,24,Female,3,CE,62,9.3,100,50,25,4.7,7.5,119087,School,Yes,Hostel,Yes,7.69,7,1,7.36
STU107371,18,Male,6,IT,78,0.0,53,64,92,6.0,5.6,132041,Postgraduate,Yes,Hostel,No,5.22,4,3,7.95
STU107372,23,Female,1,DS,84,3.3,59,43,30,7.8,8.2,296994,Postgraduate,No,Day Scholar,Yes,6.44,2,3,6.23
STU107373,19,Male,8,EEE,72,5.2,89,100,53,8.5,4.2,285171,School,No,Hostel,Yes,6.09,5,1,8.93
STU107374,18,Male,7,CSE,82,3.9,82,68,22,7.1,4.1,243875,None,No,Day Scholar,Yes,6.19,7,1,7.89
STU107375,23,Male,8,CSE,96,0.5,92,21,47,6.7,5.0,228735,Graduate,Yes,Hostel,Yes,8.55,7,0,7.84
STU107376,21,Male,7,CE,95,6.8,61,83,95,8.3,2.6,207350,Grad,No,Day Scholar,No,5.65,2,1,9.7
STU107377,23,Male,6,CSE,63,6.9,86,80,26,8.1,4.2,254112,School,Yes,Day Scholar,Yes,9.36,1,4,7.88
STU107378,18,Female,6,IT,87,4.6,82,47,59,5.9,1.6,289887,Postgraduate,Yes,Day Scholar,No,7.05,8,4,8.19
STU107379,19,Male,1,CSE,88,7.5,84,54,89,7.6,6.3,114957,Postgraduate,No,Day Scholar,No,5.77,1,0,9.5
STU107380,22,Male,4,IT,82,6.2,82,38,47,6.3,6.3,295585,Graduate,No,Hostel,No,9.15,6,1,8.55
STU107381,23,Male,7,ECE,51,5.7,42,58,41,7.9,2.3,24253,Graduate,Yes,Day Scholar,No,8.18,7,2,7.59
STU107382,20,Female,7,ME,99,0.1,70,22,87,7.7,6.7,95620,None,No,Hostel,No,9.48,1,2,7.23
STU107383,22,Male,4,CSE,68,5.4,35,74,55,4.1,3.7,101185,None,No,Day Scholar,Yes,9.12,6,4,6.82
STU107384,23,Female,6,EEE,79,5.1,45,90,79,4.0,5.1,94595,Postgraduate,No,Hostel,No,9.51,2,0,9.02
STU107385,24,Male,2,CE,62,8.0,65,81,61,6.2,7.5,289596,None,Yes,Hostel,No,5.81,1,1,7.44
STU107386,20,Female,1,CSE,54,7.6,42,43,95,4.7,2.7,210229,School,Yes,Hostel,No,8.38,5,1,7.95
STU107387,19,Female,7,ME,55,4.6,89,32,60,4.6,3.2,97414,None,Yes,Day Scholar,No,7.97,1,1,7.12
STU107388,22,Male,7,EEE,67,0.9,97,23,69,7.8,4.1,149522,School,Yes,Hostel,Yes,6.48,0,2,6.79
STU107389,25,Male,6,EEE,70,9.8,84,76,91,5.1,8.4,105759,None,Yes,Day Scholar,No,6.91,5,3,9.06
STU107390,20,Female,8,CE,61,2.0,89,43,23,5.9,6.7,161239,School,Yes,Hostel,No,7.74,4,1,6.29
STU107391,22,Male,2,EEE,84,4.0,81,63,39,7.4,3.3,80893,None,No,Hostel,Yes,5.78,7,3,7.81
STU107392,21,Male,2,CE,45,6.6,52,44,27,5.2,3.3,292006,Graduate,No,Day Scholar,No,7.28,1,1,6.4
STU107393,19,Female,1,ME,52,4.9,37,97,21,4.9,2.8,131639,None,No,Day Scholar,No,7.77,1,0,6.85
STU107394,23,Male,3,EEE,99,7.0,72,25,42,8.0,0.9,152820,School,Yes,Day Scholar,No,9.47,5,2,8.99
STU107395,25,Male,6,IT,85,9.3,44,43,65,6.0,2.4,257831,School,No,Day Scholar,No,9.25,3,4,8.0
STU107396,23,Male,4,CE,65,2.9,37,64,99,4.1,3.0,212327,Graduate,No,Day Scholar,No,5.34,1,2,7.21
STU107397,24,Male,4,ME,92,6.1,98,31,35,4.3,7.9,97438,School,No,Day Scholar,No,9.58,0,4,6.85
STU107398,19,Male,8,IT,100,4.4,55,70,96,7.1,5.9,249753,Graduate,Yes,Day Scholar,No,8.82,6,2,9.55
STU107399,18,Male,6,DS,90,4.0,64,85,76,5.7,2.1,226468,None,Yes,Day Scholar,Yes,9.02,4,0,8.9
STU107400,24,Female,1,CE,47,1.9,97,83,34,5.6,1.1,71453,School,No,Day Scholar,No,5.61,4,3,7.46
STU107401,24,Male,6,ECE,72,5.4,44,44,81,4.3,4.8,270984,Graduate,Yes,Hostel,No,8.84,7,3,7.81
STU107402,18,Female,3,IT,59,8.1,57,68,42,7.7,3.9,208704,Postgraduate,Yes,Hostel,Yes,8.99,5,1,7.9
STU107403,23,Female,6,EEE,84,9.9,71,86,92,5.7,2.8,278233,Graduate,No,Hostel,No,6.76,4,2,10
STU107404,22,Female,7,ECE,46,7.6,86,28,58,5.9,4.0,107029,None,Yes,Hostel,No,7.89,6,4,8.26
STU107405,25,Male,4,ME,84,1.1,74,29,71,6.2,5.7,163065,Postgraduate,No,Day Scholar,Yes,8.6,3,2,6.83
STU107406,22,Female,7,ME,66,1.3,72,88,79,8.6,1.5,264659,Graduate,Yes,Hostel,No,8.54,6,4,8.86
STU107407,21,Female,6,EEE,81,8.4,40,68,78,6.1,3.9,157907,Graduate,No,Hostel,Yes,8.41,5,4,8.18
STU107408,25,Female,8,ME,51,0.6,63,92,21,8.0,1.5,158602,Grad,Yes,Day Scholar,Yes,7.62,8,1,6.95
STU107409,21,Female,5,IT,68,4.1,85,35,96,7.7,0.6,181101,None,No,Hostel,Yes,9.45,1,4,8.17
STU107410,23,Male,5,ECE,84,9.6,87,21,51,7.1,8.9,213872,Graduate,No,Hostel,Yes,6.17,2,1,8.45
STU107411,22,Male,2,IT,89,9.4,99,37,46,7.4,4.7,61527,None,Yes,Day Scholar,No,7.62,7,1,8.89
STU107412,19,Female,2,ME,69,1.4,96,20,45,7.6,5.5,258718,School,No,Hostel,Yes,9.09,0,4,6.7
,19,Male,1,EEE,85,0.8,64,44,20,4.2,7.8,162197,Postgraduate,Yes,Day Scholar,Yes,8.66,3,3,6.34
STU107414,22,Male,6,DS,59,4.8,62,77,94,4.7,4.8,230405,None,Yes,Day Scholar,Yes,7.05,3,3,8.59
STU107415,23,Female,7,CE,72,6.8,90,36,59,6.9,1.1,196988,School,No,Day Scholar,Yes,5.69,0,3,7.55
STU107416,18,Male,1,EEE,73,1.3,75,77,91,7.2,4.1,190080,None,No,Hostel,No,9.4,1,4,8.87
STU107417,23,Male,6,ME,99,8.6,56,64,97,4.6,5.1,37420,None,No,Day Scholar,No,5.36,8,2,9.99
STU107418,21,Male,3,ME,81,7.1,69,68,51,7.6,3.9,73340,Postgraduate,Yes,Day Scholar,No,8.76,8,3,9.24
STU107419,20,Female,6,CSE,97,8.0,95,34,97,6.5,4.4,221568,Graduate,No,Hostel,No,5.78,0,0,9.59
STU107420,22,Female,8,EEE,83,2.2,38,43,25,7.7,8.4,33253,None,Yes,Hostel,Yes,7.63,0,4,5.37
STU107421,23,Male,3,ME,46,7.3,84,41,36,4.8,3.3,68007,School,No,Day Scholar,No,5.39,7,4,5.98
STU107422,18,Male,3,ECE,64,6.4,96,57,99,eight,7.4,140926,Postgraduate,No,Day Scholar,No,8.29,0,4,8.82
STU107423,25,Female,4,IT,65,2.6,88,22,75,4.1,3.9,146752,School,No,Day Scholar,No,7.27,5,3,6.66
STU107424,20,Female,2,ME,47,2.8,39,48,21,8.2,4.4,172314,Graduate,Yes,Hostel,Yes,7.32,8,4,6.05
STU107425,20,Male,2,ME,50,8.6,89,43,97,5.8,8.4,213837,Graduate,Yes,Day Scholar,Yes,5.11,1,3,7.57
STU107426,21,Male,5,CE,81,1.2,88,56,94,5.3,7.2,92755,Postgraduate,No,Hostel,Yes,5.67,6,0,8.37
STU107427,19,Male,1,IT,82,9.7,69,36,80,8.9,7.5,134197,Graduate,Yes,Day Scholar,No,8.98,2,2,8.95
STU107428,25,Male,4,DS,90,3.1,88,51,84,6.4,2.8,66502,Graduate,Yes,Hostel,No,5.99,4,2,8.02
STU107429,24,Male,7,ME,46,0.2,38,84,41,4.5,7.9,93101,Graduate,No,Hostel,No,9.73,7,1,5.82
STU107430,22,Male,4,CSE,93,7.1,93,29,36,7.3,4.5,103479,Postgraduate,No,Day Scholar,No,5.77,4,1,7.44
STU107431,24,Female,8,IT,83,7.0,35,36,70,5.2,8.1,40240,School,Yes,Day Scholar,Yes,6.89,3,0,7.33
STU107432,23,Female,5,DS,98,1.9,81,38,34,8.3,7.5,157254,Graduate,No,Hostel,No,8.17,2,3,7.26
STU107433,21,Female,3,ECE,55,6.4,91,73,21,6.9,1.5,145169,Postgraduate,No,Hostel,Yes,7.14,2,4,7.07
STU107434,19,Male,5,ME,45,7.7,87,48,60,8.5,5.0,219261,None,No,Hostel,Yes,6.83,5,0,8.65
STU107435,20,Female,5,CSE,58,0.9,70,82,23,7.7,0.8,75639,Postgraduate,No,Day Scholar,Yes,8.46,6,0,7.66
STU107436,19,Female,7,DS,60,4.3,99,82,61,7.4,2.2,79170,None,No,Day Scholar,Yes,8.11,3,4,8.56
STU107437,20,Male,1,CE,66,8.4,97,86,54,7.6,4.0,72662,School,Yes,Hostel,Yes,9.0,1,2,9.73
STU107438,20,Female,5,IT,66,7.3,95,39,35,6.0,8.9,270282,Postgraduate,Yes,Hostel,Yes,8.02,1,1,7.47
STU107439,22,Male,1,CE,50,7.7,98,49,68,6.2,2.3,52775,None,Yes,Hostel,No,6.01,4,1,7.76
STU107440,20,Female,2,IT,47,3.0,79,37,86,7.2,4.6,176635,Graduate,Yes,Day Scholar,Yes,9.71,7,0,8.99
,20,Female,2,CE,63,5.5,86,48,54,8.6,5.3,77919,Graduate,No,Hostel,Yes,7.16,5,2,7.65
STU107442,21,Male,4,ME,74,9.1,46,63,24,7.8,4.4,35811,None,No,Hostel,Yes,8.32,7,2,8.18
STU107443,21,Female,5,EEE,68,5.6,56,92,28,4.2,5.0,237374,Postgraduate,No,Day Scholar,Yes,8.75,5,1,8.16
STU107444,24,Male,4,CSE,55,8.3,81,68,35,7.8,5.5,50184,None,No,Day Scholar,No,9.11,1,2,8.35
STU107445,23,Male,6,CSE,68,5.3,63,22,56,7.4,5.0,98403,School,No,Hostel,No,6.42,0,3,5.93
STU107446,18,Female,5,IT,79,4.8,93,40,51,7.2,1.6,175143,Graduate,Yes,Day Scholar,Yes,5.89,5,0,7.37
STU107447,19,Male,1,ECE,91,8.0,43,64,95,8.0,8.9,113002,None,No,Hostel,No,7.2,3,3,8.57
STU107448,21,Female,6,IT,84,3.5,46,59,88,5.8,0.9,94391,School,Yes,Day Scholar,Yes,9.27,0,0,8.49
STU107449,19,Female,2,DS,47,9.2,53,54,85,5.0,5.8,92618,School,Yes,Hostel,,6.6,8,3,8.6
STU107450,25,Female,3,CE,78,0.3,51,76,31,6.1,1.5,125137,None,No,Day Scholar,Yes,7.66,4,3,7.13
STU107451,22,Female,6,DS,61,0.7,57,63,81,5.9,6.2,276928,Postgraduate,Yes,Hostel,Yes,9.65,7,1,8.56
STU107452,25,Male,6,CE,62,4.2,55,92,70,7.3,4.7,40309,Graduate,No,Day Scholar,Yes,7.93,2,1,8.22
STU107453,21,Male,3,EEE,83,9.2,93,93,99,4.7,1.6,107352,None,Yes,Hostel,No,9.49,-1,2,10
STU107454,20,Female,3,CE,99,5.2,39,57,85,4.7,6.6,258649,School,Yes,Hostel,Yes,5.61,4,?,8.38
STU107455,23,Male,6,ME,61,3.1,N/A,100,70,8.0,5.3,184570,Graduate,Yes,Day Scholar,No,9.07,3,4,8.46
STU107456,19,Female,4,CE,80,4.1,64,63,35,6.0,2.4,230548,School,Yes,Hostel,Yes,5.16,8,1,7.87
STU107457,22,Female,2,IT,65,4.6,80,51,58,6.7,7.4,196379,School,Yes,Day Scholar,No,7.08,6,0,7.34
STU107458,19,Female,2,CE,52,5.4,71,60,32,8.2,3.5,162852,None,Yes,Day Scholar,Yes,8.09,3,4,6.33
STU107459,21,Male,2,CSE,69,6.3,90,76,21,6.2,4.5,unknown,None,Yes,Day Scholar,No,7.53,5,2,7.91
STU107460,24,Female,8,DS,99,3.8,39,57,68,5.6,4.4,33507,School,Yes,Day Scholar,No,6.3,1,4,7.8
STU107461,21,Male,3,IT,83,3.4,94,43,94,7.4,0.8,74097,School,Yes,Hostel,No,6.76,4,4,9.01
STU107462,19,Male,5,CE,60,9.0,97,76,87,7.3,4.8,117045,None,Yes,Day Scholar,Yes,9.18,1,0,10
STU107463,21,Female,5,CE,83,3.8,55,24,52,8.3,5.7,99288,School,No,Day Scholar,No,6.23,7,3,7.28
STU107464,24,Male,7,ME,94,6.9,79,45,27,7.1,8.1,233966,Postgraduate,Yes,Hostel,No,7.74,3,4,7.1
STU107465,21,Female,8,CSE,82,3.1,36,75,21,7.3,4.5,209991,None,Yes,Day Scholar,Yes,5.69,1,4,5.89
STU107466,23,Female,5,EEE,81,5.0,97,74,27,6.5,3.8,203392,School,No,Day Scholar,Yes,7.18,2,1,7.37
STU107467,22,Female,7,IT,74,1.6,84,20,45,4.5,3.3,80110,Postgraduate,No,Day Scholar,No,11.5,5,2,6.45
STU107468,25,Male,8,ME,71,8.6,74,74,21,7.4,7.5,217906,Postgraduate,Yes,Hostel,No,9.73,7,1,9.11
STU107469,21,Male,3,DS,57,1.4,78,97,79,7.2,5.3,65394,Postgraduate,No,Day Scholar,No,6.15,3,0,7.83
STU107470,20,Male,7,DS,73,7.6,79,35,25,6.7,1.6,163662,None,Yes,Day Scholar,Yes,5.91,6,3,7.09
STU107471,19,Male,5,EEE,46,9.8,51,67,78,7.0,6.1,197482,Graduate,No,Hostel,Yes,7.93,6,3,8.08
STU107472,24,Female,3,EEE,91,2.6,74,75,90,5.0,3.9,71417,School,Yes,Day Scholar,Yes,8.18,0,1,8.74
STU107473,20,Female,6,IT,79,7.9,91,67,84,7.6,5.0,176676,Postgraduate,No,Day Scholar,No,7.77,0,4,9.34
STU107474,25,Female,5,CE,54,1.3,98,80,85,6.9,1.9,245179,School,Yes,Day Scholar,No,9.01,2,1,9.23
STU107475,22,Female,7,ME,90,0.5,58,44,56,4.2,3.8,129515,Graduate,Yes,Hostel,No,7.91,5,4,6.11
STU107476,25,Female,3,EEE,95,8.5,91,70,48,7.7,1.6,unknown,School,No,Day Scholar,No,8.23,5,2,9.21
STU107477,20,Female,8,CE,79,3.0,63,96,69,8.9,4.9,179287,Graduate,No,Hostel,No,6.65,0,2,7.65
STU107478,22,Male,4,DS,79,0.1,63,76,74,7.4,7.2,263813,None,Yes,Day Scholar,No,7.88,3,0,7.23
STU107479,25,Female,8,EEE,48,7.6,44,98,76,8.0,8.4,166467,School,No,Day Scholar,Yes,9.28,4,1,9.21
STU107480,23,Female,7,IT,67,7.4,57,42,46,4.5,6.7,160124,School,No,Hostel,No,8.17,4,3,6.87
STU107481,20,Female,4,DS,66,7.6,67,79,77,8.1,1.8,56847,School,No,Hostel,Yes,9.41,3,3,9.37
STU107482,19,Female,4,ECE,47,2.8,73,51,56,8.3,8.7,202893,None,No,Hostel,No,5.48,1,2,5.76
STU107483,20,Female,7,DS,57,9.7,78,46,90,5.2,4.0,131123,School,Yes,Day Scholar,Yes,5.06,3,2,8.2
STU107484,25,Female,1,ME,100,0.7,79,28,83,4.8,8.4,108864,Graduate,Yes,Day Scholar,Yes,8.37,3,3,7.57
STU107485,18,Male,8,ECE,48,7.8,47,37,21,8.0,1.5,79281,None,No,Hostel,No,8.12,2,0,5.67
STU107486,25,Female,5,EEE,55,2.4,40,53,78,6.3,7.2,150203,Graduate,Yes,Day Scholar,No,7.25,5,4,6.84
STU107487,24,Male,8,DS,85,7.0,48,76,67,4.7,6.7,292396,School,No,Hostel,No,8.49,4,4,7.86
STU107488,18,Male,8,DS,58,1.7,72,67,34,4.1,4.8,166850,Graduate,Yes,Hostel,No,5.7,7,0,7.13
STU107489,18,Male,7,CE,73,6.7,90,58,37,7.2,4.5,113971,Postgraduate,No,Hostel,No,6.17,-1,3,8.0
STU107490,19,Male,7,CE,90,0.8,97,27,94,5.2,1.4,188471,Postgraduate,Yes,Day Scholar,Yes,8.44,7,1,8.33
STU107491,20,Female,3,CE,90,9.1,42,79,38,7.2,5.0,266774,School,No,Day Scholar,Yes,8.63,1,0,8.42
STU107492,21,Male,7,ECE,63,7.0,58,32,70,5.0,0.7,285251,School,Yes,Day Scholar,Yes,9.59,4,2,7.79
STU107493,25,Male,4,ME,86,6.8,46,28,72,6.8,3.9,255063,Graduate,No,Day Scholar,Yes,9.2,0,3,8.0
STU107494,24,Female,1,DS,81,0.4,99,96,46,4.0,6.5,134536,Postgraduate,No,Day Scholar,Yes,5.59,4,4,7.09
STU107495,19,Female,1,IT,94,1.7,38,100,65,7.1,3.5,124761,Postgraduate,No,Hostel,Yes,5.21,1,0,7.65
STU107496,24,Female,6,DS,69,5.0,63,23,35,5.0,1.2,58350,School,Yes,Day Scholar,Yes,9.75,7,1,6.53
STU107497,18,Female,7,ME,84,1.0,45,25,28,9.0,6.2,285951,None,No,Hostel,Yes,8.45,8,2,5.87
STU107498,22,Female,1,CE,60,7.7,59,92,32,8.2,0.7,45359,Postgraduate,Yes,Day Scholar,No,7.93,2,2,7.74
STU107499,22,Female,7,ECE,98,3.7,37,46,50,7.0,8.8,168385,None,No,Hostel,Yes,5.21,3,4,6.71
STU107500,18,Male,7,CSE,57,-3,96,67,45,8.1,1.5,199258,Graduate,Yes,Hostel,No,9.63,6,3,8.31
STU107501,25,Female,5,ME,87,7.3,42,64,88,5.1,7.4,48302,Graduate,Yes,Day Scholar,No,9.16,1,3,7.95
STU107502,21,Male,1,ECE,46,9.3,82,100,36,5.6,1.6,24376,Graduate,Yes,Hostel,No,7.92,0,0,8.87
STU107503,19,Female,7,DS,82,9.0,77,24,39,8.5,3.3,204388,Postgraduate,No,Hostel,Yes,6.85,6,0,8.13
STU107504,18,Female,8,IT,88,7.4,75,68,90,6.6,4.8,288130,Graduate,No,Day Scholar,Yes,9.47,4,3,9.85
STU107505,24,Female,6,CSE,46,9.3,49,50,38,8.7,8.9,243519,Postgraduate,No,Hostel,Yes,8.54,2,4,7.48
STU107506,23,Male,5,CE,51,7.4,78,62,33,4.3,4.8,273754,None,Yes,Day Scholar,Yes,7.56,7,1,7.0
STU107507,21,Female,4,CSE,60,9.8,96,90,23,5.2,2.1,48781,None,Yes,Day Scholar,Yes,7.54,4,3,8.15
STU107508,24,Male,5,IT,88,4.9,66,22,47,8.7,2.0,266456,Postgraduate,Yes,Hostel,No,5.72,2,4,7.32
STU107509,19,Female,9,DS,79,7.6,86,61,78,5.4,4.2,49603,Postgraduate,Yes,Day Scholar,Yes,6.81,6,0,9.36
STU107510,20,Female,3,DS,98,5.3,74,84,93,8.9,2.0,123297,None,Yes,Hostel,No,8.89,8,1,10
STU107511,19,Male,6,EEE,54,6.7,52,52,62,8.1,8.4,206425,Postgraduate,No,Hostel,No,7.0,5,?,7.02
STU107512,25,Male,1,DS,70,6.8,98,49,51,6.9,6.2,76149,None,Yes,Day Scholar,No,6.52,5,3,7.45
STU107513,23,Male,3,CSE,88,3.6,95,27,91,7.2,2.0,235901,School,Yes,Day Scholar,No,7.12,0,3,8.08
STU107514,22,Male,7,DS,56,4.4,94,32,75,5.8,3.4,262340,None,Yes,Day Scholar,No,9.18,8,2,7.89
STU107515,18,Male,6,ME,64,8.4,47,21,60,6.7,2.1,61395,None,Yes,Day Scholar,Yes,8.98,4,0,7.24
STU107516,19,Female,3,EEE,69,9.1,77,45,25,7.8,3.2,140107,None,Yes,Day Scholar,No,5.83,5,0,7.89
STU107517,20,Male,8,ME,46,7.7,76,52,69,8.7,6.7,99301,None,Yes,Hostel,No,8.81,5,2,8.84
STU107518,23,Female,5,EEE,93,3.7,94,29,96,8.0,2.3,258614,None,No,Hostel,No,8.94,2,3,12
STU107519,23,Female,5,DS,83,8.7,97,45,65,5.0,6.6,99067,School,Yes,Day Scholar,Yes,6.03,0,0,8.8
STU107520,23,Female,6,IT,66,0.5,53,51,37,4.1,4.6,142678,School,Yes,Day Scholar,No,9.28,6,1,6.39
STU107521,20,Female,5,ECE,46,6.2,63,72,81,6.7,0.8,235724,Postgraduate,No,Day Scholar,Yes,8.18,6,2,8.2
STU107522,19,Female,3,DS,95,3.1,52,55,38,8.5,2.9,108492,None,Yes,Day Scholar,No,7.78,3,4,7.57
STU107523,25,Female,2,IT,57,5.1,84,45,100,8.6,2.7,94942,None,No,Day Scholar,Yes,8.37,5,4,9.57
STU107524,19,Male,4,DS,83,1.1,87,69,20,7.6,5.8,61050,None,Yes,Hostel,No,5.01,3,1,5.82
,21,Male,6,ECE,82,1.3,70,86,37,4.4,7.0,297478,None,No,Hostel,Yes,8.43,7,3,7.91
STU107526,19,Female,8,CSE,60,3.2,94,31,45,6.7,7.8,272149,None,Yes,Hostel,No,8.77,8,0,7.52
STU107527,21,Female,6,IT,72,4.7,99,60,78,8.4,6.0,80285,School,No,Hostel,Yes,9.0,6,3,8.82
STU107528,18,Female,5,CE,100,0.5,83,31,74,8.7,3.1,135944,None,No,Hostel,No,7.13,5,2,7.57
STU107529,18,Male,1,EEE,77,8.9,60,91,55,7.9,7.9,76524,None,Yes,Day Scholar,Yes,5.52,8,1,9.37
STU107530,24,Female,2,CE,67,3.5,35,45,48,4.7,0.7,unknown,Graduate,Yes,Day Scholar,Yes,8.39,8,3,6.33
STU107531,24,Female,4,DS,54,8.5,68,92,34,7.9,6.5,279798,None,Yes,Hostel,Yes,7.99,4,2,7.74
STU107532,18,Female,6,IT,77,4.0,89,46,46,7.8,8.0,89476,School,No,Hostel,Yes,9.73,3,0,7.74
STU107533,22,Female,2,ECE,67,4.9,60,48,35,5.7,1.3,296142,Postgraduate,No,Day Scholar,No,6.2,1,1,6.64
STU107534,18,Male,2,CSE,46,4.4,55,24,64,8.8,8.9,78141,None,Yes,Hostel,Yes,5.4,1,4,6.46
STU107535,19,Female,8,ECE,94,7.7,58,94,69,6.0,7.0,212900,Graduate,No,Hostel,No,7.07,4,1,9.44
STU107536,18,Female,6,IT,76,1.0,71,41,69,4.9,5.3,290731,School,Yes,Hostel,Yes,9.13,2,4,6.57
STU107537,18,Female,3,CE,58,9.9,92,47,72,6.0,7.4,160414,School,Yes,Day Scholar,Yes,8.4,8,0,9.65
STU107538,20,Female,1,IT,85,4.3,66,22,28,7.3,7.8,265893,Postgraduate,No,Hostel,No,6.06,6,0,5.79
STU107539,22,Female,1,ME,53,7.9,81,29,44,6.9,1.8,255930,Postgraduate,Yes,Day Scholar,Yes,7.03,2,0,7.98
STU107540,18,Male,3,ECE,89,6.7,76,58,25,7.0,1.3,202989,School,Yes,Day Scholar,No,6.43,6,2,7.18
STU107541,21,Male,2,DS,52,0.8,44,95,70,9.0,4.3,110874,School,Yes,Hostel,No,5.84,3,4,6.42
STU107542,21,Female,4,CE,80,9.3,46,27,58,8.6,8.2,291760,None,No,Day Scholar,Yes,5.59,0,2,7.05
STU107543,21,Female,1,ME,100,0.2,70,53,64,6.4,2.0,97758,Graduate,No,Hostel,Yes,9.38,1,2,7.2
STU107544,21,Female,4,CE,79,0.9,42,67,21,5.2,5.2,20608,Postgraduate,Yes,Day Scholar,Yes,7.26,8,3,6.68
STU107545,22,Male,8,DS,82,0.9,45,58,55,5.3,6.6,38717,None,Yes,Day Scholar,Yes,5.21,4,2,6.03
STU107546,21,Female,5,ME,45,6.0,87,22,66,5.9,6.9,33328,School,No,Hostel,No,7.68,3,2,7.71
STU107547,25,Male,5,ECE,67,6.2,67,50,21,4.2,0.9,268824,School,Yes,Hostel,No,7.16,3,3,6.13
STU107548,19,Female,2,ME,62,1.2,38,92,97,4.8,1.9,185805,Graduate,No,Hostel,Yes,8.65,7,0,9.23
STU107549,24,Male,2,CSE,87,2.1,77,26,76,7.3,5.8,149047,Postgraduate,Yes,Hostel,Yes,7.94,6,0,8.78
STU107550,23,Female,1,EEE,72,9.0,100,66,30,6.9,3.2,132980,None,No,Hostel,Yes,8.22,2,1,8.14
STU107551,18,Female,2,IT,92,6.9,50,88,60,6.4,2.0,159719,School,Yes,Day Scholar,No,9.23,3,1,9.8
STU107552,21,Male,4,EEE,75,2.2,83,51,98,7.2,8.3,222291,Graduate,No,Hostel,No,7.79,6,4,8.97
STU107553,18,Female,8,CSE,55,5.1,77,88,65,4.8,5.4,246959,None,No,Day Scholar,No,7.06,0,4,7.22
STU107554,23,Male,5,CE,98,0.4,37,100,38,6.7,2.6,60768,School,No,Hostel,Yes,7.87,1,3,7.04
STU107555,24,Female,6,ECE,90,8.4,51,59,38,4.4,5.2,66412,None,No,Hostel,No,9.13,6,4,7.33
STU107556,25,Female,5,IT,61,4.6,80,87,90,6.3,8.5,25106,Graduate,Yes,Day Scholar,Yes,8.69,4,2,9.23
STU107557,18,Female,1,ECE,58,6.7,98,90,92,7.1,8.6,220060,Graduate,No,Hostel,Yes,8.72,0,2,10
STU107558,21,Female,3,ECE,97,0.2,44,65,81,5.5,8.4,229915,None,Yes,Day Scholar,Yes,9.19,1,2,8.0
STU107559,20,Male,2,ME,51,1.9,38,22,83,8.9,8.8,67424,School,No,Hostel,No,7.53,1,2,6.25
STU107560,20,Female,3,ECE,96,6.8,59,68,-10,5.8,3.1,131386,School,Yes,Hostel,Yes,5.77,7,2,8.09
STU107561,22,Female,5,ECE,70,5.7,40,45,63,4.6,2.2,129356,Postgraduate,Yes,Day Scholar,Yes,9.74,8,4,6.98
STU107562,19,Female,4,EEE,47,6.6,46,73,72,6.6,7.3,170347,Graduate,No,Day Scholar,No,5.36,4,4,7.01
STU107563,23,Male,6,CE,89,6.8,70,63,42,7.0,1.3,108488,Graduate,No,Hostel,No,5.48,5,2,8.11
STU107564,25,Female,1,DS,74,1.4,88,72,62,7.0,4.8,20826,School,Yes,Hostel,No,5.09,7,2,7.81
STU107565,23,Male,1,ECE,56,2.1,65,76,-10,5.6,4.2,231685,School,No,Day Scholar,No,8.78,0,4,6.83
STU107566,21,Female,1,ME,52,1.4,52,91,74,7.7,5.6,99961,School,No,Hostel,No,6.9,2,0,7.19
STU107567,20,Female,3,DS,70,7.8,80,58,27,8.3,1.6,158467,None,No,Hostel,No,6.43,7,0,8.68
STU107568,22,Female,4,DS,72,4.9,38,67,22,4.9,2.5,189721,Graduate,No,Hostel,No,7.43,8,1,6.48
STU107569,20,Male,1,EEE,49,3.1,76,91,32,8.1,4.4,290020,Graduate,Yes,Hostel,Yes,8.87,5,3,6.83
STU107570,23,Female,2,CE,74,6.7,48,71,100,8.0,5.2,118330,Postgraduate,No,Day Scholar,No,8.86,7,1,10
STU107571,19,Female,5,ECE,74,8.7,85,26,51,5.2,5.2,103343,None,Yes,Hostel,No,5.39,8,4,7.41
STU107572,21,Male,1,CSE,99,3.2,81,35,38,6.0,3.5,191191,None,No,Day Scholar,Yes,8.51,2,0,6.96
STU107573,18,Male,7,EEE,51,6.6,38,87,31,8.1,0.8,208673,Graduate,Yes,Hostel,Yes,6.67,4,0,7.67
STU107574,23,Male,5,CSE,51,9.6,65,37,63,6.5,2.2,217371,School,Yes,Day Scholar,Yes,7.16,4,3,7.39
STU107575,24,Male,1,CE,84,5.1,69,56,96,5.6,8.5,275151,Graduate,Yes,Hostel,No,7.85,6,2,9.62
STU107576,19,Male,1,CE,55,6.4,53,91,91,5.9,5.3,59124,Postgraduate,No,Day Scholar,No,5.55,5,0,8.52
STU107577,22,Male,7,CE,61,7.9,35,20,84,6.0,0.8,211811,School,No,Hostel,Yes,5.06,1,2,7.16
STU107578,25,Female,7,DS,95,5.8,87,57,25,4.3,7.4,39755,Graduate,Yes,Hostel,Yes,7.97,7,0,8.21
STU107579,21,Female,7,CSE,53,8.5,76,49,39,7.4,1.9,107966,None,No,Day Scholar,No,6.72,6,1,7.62
STU107580,22,Female,2,DS,67,4.6,74,25,94,4.1,4.8,104600,School,No,Hostel,Yes,6.74,3,4,7.21
STU107581,22,Male,4,ECE,55,1.8,68,67,75,6.1,7.8,108210,None,No,Day Scholar,No,6.26,6,3,7.08
STU107582,20,Male,8,EEE,48,3.7,40,37,68,7.2,6.5,219726,Graduate,Yes,Hostel,Yes,5.79,6,4,5.52
STU107583,21,Male,8,DS,78,6.1,68,73,38,8.7,6.6,238354,None,Yes,Day Scholar,Yes,5.39,4,3,7.4
STU107584,19,Male,2,ME,48,2.4,91,38,92,8.4,3.0,231757,School,No,Hostel,Yes,8.04,8,3,8.09
STU107585,23,Male,1,ME,81,7.4,48,73,69,4.1,0.9,283842,Graduate,No,Day Scholar,Yes,5.78,0,1,7.63
STU107586,25,Male,5,CSE,66,0.2,45,35,56,7.6,1.0,60613,Postgraduate,No,Hostel,No,5.99,0,1,6.1
STU107587,23,Male,2,ECE,49,6.6,78,36,49,4.4,3.9,44197,Postgraduate,Yes,Day Scholar,No,7.43,6,4,7.52
STU107588,20,Female,2,ME,87,7.4,85,80,26,7.0,2.1,26312,School,No,Hostel,No,5.16,8,1,7.87
STU107589,18,Male,2,CSE,78,9.8,83,24,100,8.3,5.5,158315,Graduate,Yes,Hostel,No,7.6,3,2,8.88
STU107590,18,Female,5,CE,79,8.1,68,40,88,5.4,6.3,295731,Postgraduate,Yes,Hostel,No,5.81,2,4,7.92
STU107591,22,Male,6,CE,83,2.8,100,38,28,7.2,4.1,215227,Postgraduate,No,Hostel,Yes,9.05,1,2,7.65
STU107592,22,Male,9,DS,92,1.7,90,86,31,8.2,8.9,97573,Graduate,Yes,Day Scholar,No,6.09,7,4,8.21
STU107593,25,Female,8,CSE,60,1.0,45,51,20,5.4,3.4,277535,Postgraduate,Yes,Day Scholar,Yes,8.92,3,4,5.15
STU107594,21,Female,3,ECE,49,1.3,67,41,21,8.7,2.4,220963,Graduate,Yes,Hostel,No,7.23,1,3,5.88
STU107595,23,Female,7,DS,78,4.7,40,70,87,7.0,1.5,127619,None,Yes,Hostel,No,8.8,3,1,8.64
STU107596,21,Female,1,IT,82,3.2,95,46,38,8.6,3.5,38695,School,Yes,Hostel,No,9.66,6,3,8.68
STU107597,18,Male,5,DS,68,9.1,93,29,35,8.8,6.7,264626,None,Yes,Day Scholar,No,8.55,4,2,7.52
STU107598,21,Male,2,DS,80,2.7,40,49,67,5.5,4.5,209012,None,No,Hostel,Yes,7.48,2,1,7.05
STU107599,21,Female,7,IT,57,3.5,88,88,64,8.1,1.4,56687,None,No,Day Scholar,No,7.75,0,1,7.75
STU107600,25,Male,7,EEE,89,5.7,94,71,38,7.3,3.0,230231,School,No,Hostel,Yes,6.64,4,2,8.31
STU107601,21,Female,4,AI&ML,81,4.4,65,69,87,4.1,6.5,149208,None,Yes,Day Scholar,No,6.3,7,2,8.0
STU107602,21,Male,8,EEE,100,9.1,74,53,90,4.5,8.7,282143,School,Yes,Hostel,No,6.55,3,0,9.02
STU107603,19,Female,1,IT,76,2.3,79,22,82,5.2,7.8,61546,School,No,Hostel,Yes,7.25,7,1,7.86
STU107604,22,Male,4,ME,64,2.0,91,46,25,4.0,1.4,44880,None,Yes,Hostel,No,5.51,2,3,5.32
STU107605,19,Male,6,EEE,75,8.6,95,43,94,7.7,2.1,162493,Postgraduate,No,Day Scholar,Yes,6.3,3,1,9.1
STU107606,23,Female,5,CSE,66,5.3,41,56,91,7.0,4.1,234462,Graduate,Yes,Hostel,No,7.6,5,0,8.94
STU107607,20,Male,5,IT,68,0.7,85,35,28,8.5,3.7,82663,School,Yes,Day Scholar,No,6.62,1,4,6.51
STU107608,20,Female,8,DS,81,1.1,59,21,62,6.0,7.4,119559,Postgraduate,No,Hostel,No,8.1,2,0,6.44
STU107609,19,Female,2,ECE,59,3.8,96,100,27,8.0,2.5,277611,None,No,Hostel,No,8.58,7,0,8.1
STU107610,24,Female,6,ECE,74,2.3,58,27,30,8.0,1.5,70796,Graduate,No,Hostel,Yes,9.67,4,0,6.83
STU107611,20,Male,5,EEE,100,8.6,85,59,90,7.1,1.2,137967,School,No,Day Scholar,No,9.53,7,0,10
STU107612,18,Female,5,ECE,72,3.6,53,60,93,4.5,1.7,278647,Postgraduate,No,Day Scholar,Yes,9.15,6,3,8.64
STU107613,22,Male,2,CSE,64,5.2,96,51,85,5.0,4.8,293608,School,No,Day Scholar,No,6.82,6,0,9.16
STU107614,22,Female,1,EEE,86,7.2,56,26,99,6.9,6.2,46056,Postgraduate,No,Hostel,No,5.23,4,4,8.81
STU107615,25,Female,7,CSE,66,7.5,47,78,75,6.6,1.7,148350,None,No,Day Scholar,Yes,8.77,8,4,8.73
STU107616,19,Male,2,ME,99,4.7,99,74,91,8.0,0.5,141697,Graduate,Yes,Day Scholar,Yes,8.19,7,3,10
STU107617,23,Male,3,CSE,90,1.7,98,45,78,4.1,8.2,35866,None,No,Hostel,Yes,8.46,8,0,9.32
STU107618,25,Male,2,CE,75,2.4,44,21,31,6.4,7.4,146287,Postgraduate,Yes,Hostel,No,9.69,8,0,5.79
STU107619,18,Male,6,ECE,86,3.5,83,67,84,6.4,5.7,250642,Postgraduate,No,Day Scholar,Yes,5.03,5,4,8.39
STU107620,20,Female,2,ECE,91,2.8,90,56,41,6.9,8.2,92078,School,Yes,Day Scholar,No,8.95,2,3,7.74
STU107621,22,Female,4,IT,54,8.5,86,32,21,8.0,1.7,68441,Postgraduate,No,Hostel,No,7.72,7,3,6.97
STU107622,23,Female,5,EEE,47,3.2,98,54,98,6.5,4.7,227645,None,No,Hostel,Yes,5.35,2,1,8.71
STU107623,24,Male,2,EEE,69,7.1,69,150,100,6.3,6.5,142265,Postgraduate,No,Day Scholar,No,6.94,8,0,9.6
STU107624,23,Female,8,ECE,45,9.7,98,96,79,8.5,3.4,105882,None,No,Day Scholar,Yes,7.9,6,3,9.61
STU107625,21,Female,7,EEE,58,3.6,41,62,39,7.3,5.8,71921,Graduate,No,Hostel,Yes,8.07,8,4,7.32
STU107626,25,Female,2,CE,78,9.1,40,55,68,6.1,0.6,187977,None,No,Hostel,No,8.45,6,0,8.45
STU107627,21,Female,6,ME,66,0.2,55,68,72,4.9,6.1,256684,Graduate,No,Hostel,Yes,7.3,4,2,7.54
STU107628,21,Female,7,DS,68,5.8,38,93,45,6.8,4.6,284680,Graduate,Yes,Day Scholar,Yes,7.85,1,4,7.61
STU107629,23,Female,3,CE,81,1.3,48,24,81,5.6,1.8,172569,School,No,Day Scholar,Yes,9.17,3,2,7.49
STU107630,19,Female,7,ME,57,9.7,84,98,59,6.3,3.0,249196,Postgraduate,Yes,Day Scholar,Yes,9.16,1,3,8.67
STU107631,19,Male,8,CE,100,2.5,52,82,83,6.6,2.9,127098,None,Yes,Day Scholar,No,7.13,2,4,7.73
STU107632,22,Female,6,IT,48,6.9,100,36,90,5.6,8.2,238767,School,Yes,Hostel,Yes,7.33,3,0,8.87
STU107633,23,Male,6,EEE,63,3.8,59,51,33,4.7,9.0,274957,None,Yes,Day Scholar,Yes,6.38,6,4,6.02
STU107634,24,Male,5,ME,88,9.9,38,87,37,4.5,8.2,95623,None,Yes,Day Scholar,No,8.37,8,2,7.83
STU107635,23,Female,5,DS,55,3.7,54,72,52,5.3,1.2,158773,None,No,Hostel,Yes,9.11,1,0,7.59
STU107636,23,Male,3,DS,86,8.4,61,65,26,7.4,4.4,243602,Postgraduate,Yes,Hostel,No,7.14,6,2,7.97
STU107637,24,Male,3,EEE,67,0.7,51,33,69,4.8,3.9,290875,Postgraduate,No,Day Scholar,Yes,7.45,3,?,6.02
STU107638,18,Male,3,DS,55,7.4,67,21,61,6.0,5.3,95530,None,No,Day Scholar,Yes,5.98,7,4,7.12
STU107639,18,Male,3,ME,77,1.8,59,21,41,7.0,1.4,196699,Graduate,No,Day Scholar,Yes,5.82,2,2,5.42
STU107640,20,Male,6,CSE,,8.3,62,38,42,5.8,4.9,178435,School,Yes,Day Scholar,Yes,8.65,2,1,7.95
STU107641,18,Female,5,ECE,94,9.6,78,26,77,8.0,4.1,112767,Postgraduate,Yes,Day Scholar,Yes,9.55,8,3,9.38
STU107642,20,Male,3,ECE,99,0.7,70,32,54,7.8,7.1,220517,Graduate,Yes,Hostel,Yes,9.65,7,2,8.0
STU107643,20,Male,7,ECE,61,7.7,80,95,74,6.8,3.9,149013,Graduate,Yes,Day Scholar,No,5.41,6,2,9.89
STU107644,20,Female,1,EEE,48,7.3,95,36,46,5.5,3.2,50911,Postgraduate,Yes,Hostel,Yes,8.13,2,0,6.88
STU107645,23,Female,7,CSE,91,1.2,38,71,91,8.9,4.3,101592,Postgraduate,No,Day Scholar,No,8.98,8,1,9.1
STU107646,23,Female,6,ME,70,5.8,61,26,100,5.7,2.1,297723,None,Yes,hostel,No,7.96,0,1,8.51
STU107647,21,Female,1,CSE,55,2.0,55,53,47,6.8,8.7,295349,Postgraduate,Yes,Day Scholar,No,5.85,4,0,5.41
STU107648,23,Female,6,CSE,52,6.9,67,98,69,4.3,6.5,104163,School,Yes,Day Scholar,Yes,9.24,4,3,9.36
STU107649,25,Female,8,CE,76,2.9,83,65,76,7.2,0.9,16295,None,Y,Hostel,Yes,5.19,7,3,9.04
STU107650,23,Male,1,ECE,60,4.3,53,40,50,7.1,5.9,110225,Graduate,Yes,Hostel,No,7.91,5,4,6.0
STU107651,21,Male,6,ECE,47,7.0,53,39,32,5.6,0.6,168152,None,No,Day Scholar,Yes,6.05,0,4,6.43
STU107652,23,Female,1,CSE,77,0.8,97,70,31,5.9,1.3,162438,Graduate,No,Day Scholar,No,7.1,0,4,6.77
STU107653,23,Male,1,CE,63,2.3,59,44,67,8.6,0.7,148793,None,No,Day Scholar,No,7.32,1,3,6.39
STU107654,20,Male,4,CE,99,0.3,88,50,84,8.7,2.0,18513,Graduate,Yes,Hostel,No,7.5,0,3,8.7
STU107655,25,Male,5,IT,69,6.8,37,63,65,5.4,5.5,112658,None,No,Hostel,Yes,5.73,1,4,7.48
STU107656,21,Female,3,CSE,92,5.2,65,71,65,4.9,4.5,150170,None,Yes,Hostel,No,5.16,3,4,7.68
STU107657,22,Male,3,EEE,86,6.4,72,43,65,eight,8.1,44121,Postgraduate,Yes,Hostel,Yes,9.64,2,4,8.61
STU107658,24,Female,8,CSE,77,5.2,68,78,53,5.2,5.5,44602,Graduate,Yes,Hostel,No,9.67,0,3,8.37
STU107659,25,Female,4,IT,75,5.8,77,22,97,6.5,4.7,51087,Postgraduate,Yes,Day Scholar,No,5.75,1,1,7.54
STU107660,23,Male,7,CE,62,2.2,87,35,80,6.1,3.7,193154,None,No,Day Scholar,No,7.98,6,4,7.68
STU107661,24,Female,7,EEE,87,7.8,71,25,95,6.2,2.0,225257,School,Yes,Day Scholar,Yes,7.49,7,3,9.58
STU107662,22,Female,1,CSE,64,0.8,62,70,55,8.8,7.8,248206,Graduate,No,Hostel,No,9.29,0,4,6.76
STU107663,20,Female,2,IT,99,0.2,96,100,92,8.5,5.1,176159,None,No,Hostel,No,9.58,0,1,9.87
STU107664,20,Male,1,DS,77,5.3,65,40,26,5.3,5.6,294672,Postgraduate,No,Day Scholar,No,8.06,5,0,7.1
STU107665,23,Male,4,ME,95,8.0,91,43,61,6.0,2.1,265029,Postgraduate,No,Day Scholar,No,9.19,1,4,8.63
STU107666,24,Male,1,ECE,71,0.1,90,69,22,6.0,9.0,32738,None,Yes,Day Scholar,Yes,9.66,4,1,7.35
STU107667,21,Female,6,EEE,96,9.0,44,48,27,5.4,8.5,120213,None,Yes,Hostel,Yes,7.88,4,4,6.93
STU107668,21,Female,1,DS,70,4.1,86,57,68,7.1,2.7,63959,None,No,Hostel,No,8.55,1,1,8.8
STU107669,22,Male,5,ME,52,2.0,42,90,42,8.9,5.9,217417,School,Yes,Hostel,No,6.89,0,1,6.79
STU107670,21,Male,2,CE,59,7.2,92,29,26,4.9,2.1,275768,Grad,Yes,Hostel,Yes,7.1,5,3,7.21
STU107671,23,Male,4,DS,74,4.0,69,21,45,5.9,1.1,130910,None,No,Hostel,No,9.66,4,0,6.67
STU107672,22,Male,6,EEE,63,1.7,36,40,99,4.6,8.6,180380,Graduate,Yes,Day Scholar,No,7.28,6,0,6.54
STU107673,24,Female,2,IT,64,0.6,53,33,64,6.3,2.8,104151,None,No,Hostel,Yes,5.83,0,4,5.67
STU107674,25,Female,7,ME,45,0.2,82,31,45,4.0,4.0,241219,Postgraduate,No,Day Scholar,Yes,6.79,4,1,5.9
STU107675,23,Male,4,ECE,91,1.8,40,100,78,7.5,2.0,181810,Graduate,No,Hostel,Yes,5.82,3,3,7.86
STU107676,24,Male,4,ME,72,4.8,61,80,55,7.8,2.5,289184,None,Yes,Hostel,Yes,7.59,1,3,7.65
STU107677,25,Female,2,DS,60,0.7,42,150,33,7.4,8.9,274948,School,Yes,Day Scholar,Yes,9.57,8,2,6.16
STU107678,23,Male,2,ECE,67,9.8,67,80,50,5.6,3.6,40336,None,Yes,Hostel,No,8.39,2,4,9.09
STU107679,19,Female,1,DS,78,9.6,91,95,79,4.1,3.0,286793,School,No,Day Scholar,No,7.22,0,2,9.14
STU107680,23,Female,3,CSE,76,3.3,96,54,78,8.0,4.7,16010,None,Y,Day Scholar,No,8.23,5,3,8.81
STU107681,18,Female,3,CE,80,3.1,86,49,92,5.9,2.7,18086,Postgraduate,No,Day Scholar,No,6.5,4,0,8.17
STU107682,20,Female,7,IT,46,6.7,42,65,98,6.0,3.9,136028,None,No,Hostel,Yes,6.96,5,4,8.43
STU107683,19,Male,4,DS,57,7.5,92,21,78,8.9,3.3,88481,None,No,Day Scholar,Yes,9.53,4,3,8.81
STU107684,21,Male,1,DS,63,4.1,66,82,36,7.7,3.3,244155,None,No,Day Scholar,No,7.22,1,3,6.65
STU107685,21,Male,3,ME,76,7.7,97,33,54,8.4,6.3,217564,Postgraduate,Yes,Day Scholar,No,7.45,2,2,8.5
STU107686,24,Female,1,IT,,4.0,75,82,100,7.6,2.1,262626,Postgraduate,No,Day Scholar,Yes,9.01,5,3,9.8
STU107687,18,Female,6,ME,58,8.2,40,99,57,6.4,4.6,88954,School,Yes,Day Scholar,No,11.5,0,1,8.96
STU107688,19,Male,7,DS,90,6.2,42,63,72,5.5,0.9,174763,None,No,Hostel,No,5.37,5,2,8.41
STU107689,21,Male,6,CE,69,7.4,78,85,64,8.8,8.5,105214,None,Yes,Hostel,No,7.44,5,3,9.48
STU107690,23,Male,2,DS,54,3.9,86,44,55,7.1,5.9,207433,None,Yes,Hostel,Yes,7.78,7,2,6.98
STU107691,21,Female,8,IT,91,9.7,64,40,27,7.7,6.0,161481,Graduate,No,Hostel,No,7.06,8,1,8.07
STU107692,23,Female,1,ECE,65,6.2,83,45,46,8.1,3.3,138659,Postgraduate,Yes,Hostel,No,6.62,7,2,7.51
STU107693,18,Female,6,IT,56,3.3,35,97,59,4.4,1.9,50752,None,Yes,Day Scholar,Yes,7.54,2,3,7.05
STU107694,22,Female,7,IT,61,9.2,65,75,76,4.2,8.8,125460,School,Yes,Day Scholar,No,6.49,5,0,8.98
STU107695,20,Female,2,EEE,58,5.8,67,41,99,7.2,1.4,72614,None,Yes,Day Scholar,Yes,8.13,1,1,9.0
STU107696,19,Female,6,ECE,82,3.7,40,95,78,4.4,4.1,154880,Postgraduate,Yes,Hostel,No,5.02,4,3,7.63
STU107697,25,male,5,DS,49,9.9,74,78,72,7.8,4.5,192059,Postgraduate,Yes,Day Scholar,Yes,8.68,4,4,9.85
STU107698,23,Male,2,CSE,61,5.6,70,40,91,8.4,7.6,65645,Postgraduate,No,Day Scholar,No,5.5,6,2,8.35
STU107699,22,Male,1,EEE,76,4.9,58,63,38,7.5,6.3,66422,Postgraduate,No,Hostel,No,7.25,4,3,6.83
STU107700,18,Male,1,DS,94,5.9,62,49,65,5.3,5.1,90842,Graduate,Yes,Hostel,Yes,7.75,6,2,8.68
STU107701,25,Male,8,CSE,86,7.7,41,30,88,5.6,4.3,226217,Postgraduate,No,Hostel,No,8.28,5,1,8.41
STU107702,21,Female,2,ECE,93,9.8,98,55,80,8.9,5.4,118747,Graduate,No,Day Scholar,No,5.23,4,2,9.45
STU107703,18,Male,6,ME,74,0.2,74,98,56,8.1,7.0,240853,School,Yes,Hostel,Yes,8.39,2,3,8.16
STU107704,20,Male,6,ME,80,4.3,77,63,28,8.5,3.6,98936,School,No,Hostel,Yes,7.04,0,0,7.77
STU107705,21,Male,4,CE,98,8.0,44,99,60,8.1,1.2,204859,Graduate,No,Hostel,No,6.86,3,2,8.97
STU107706,19,Male,6,ECE,80,9.0,55,63,95,eight,5.0,47382,School,No,Hostel,No,6.3,5,0,10
STU107707,23,Male,1,CSE,58,8.9,51,36,41,5.5,5.6,251757,Graduate,Yes,Day Scholar,No,8.46,0,1,6.39
STU107708,24,Male,8,CE,62,3.0,100,78,70,6.5,1.3,83512,Graduate,No,Hostel,No,6.59,5,1,8.33
STU107709,19,Female,2,IT,62,8.8,59,40,95,4.7,7.0,285523,School,No,Hostel,No,7.92,2,2,8.54
STU107710,21,Female,8,ECE,71,5.0,99,68,95,5.6,2.6,144269,Graduate,Yes,Day Scholar,Yes,6.78,2,2,9.36
STU107711,22,Female,5,ECE,97,2.8,47,78,23,6.7,4.3,126724,Postgraduate,Yes,Day Scholar,Yes,8.72,3,4,7.07
STU107712,18,Female,6,DS,52,6.2,84,36,51,4.0,2.8,87342,None,Yes,Day Scholar,No,6.78,6,0,7.85
STU107713,20,Male,8,DS,48,2.6,45,21,66,eight,5.1,294598,None,Yes,Hostel,No,5.65,3,0,5.43
STU107714,19,Female,7,ME,83,9.9,79,25,86,8.4,6.2,73185,Postgraduate,No,Hostel,No,7.04,8,1,9.97
STU107715,25,Male,3,DS,55,2.2,67,91,82,4.3,1.0,188977,School,No,Day Scholar,Yes,8.71,6,0,8.34
STU107716,19,Male,7,EEE,75,9.6,89,75,98,4.5,3.7,33489,Postgraduate,Yes,Day Scholar,No,7.3,3,0,10
STU107717,19,Male,4,IT,77,2.8,60,66,47,6.8,0.9,100008,Postgraduate,Yes,Hostel,No,9.22,2,0,7.99
STU107718,23,Female,5,CE,92,6.9,39,92,60,4.5,4.7,264031,School,No,Day Scholar,No,5.41,2,2,8.22
STU107719,23,Male,6,IT,77,-3,64,60,25,8.0,3.5,32741,None,No,Hostel,No,8.59,0,1,7.24
STU107720,18,Female,3,DS,70,9.9,35,92,52,7.7,6.7,62293,Graduate,Yes,Day Scholar,Yes,8.69,6,1,8.82
STU107721,22,Male,4,IT,71,7.6,63,26,41,6.0,8.1,80397,Postgraduate,Yes,Day Scholar,Yes,9.36,0,1,7.14
STU107722,23,Female,4,ECE,48,3.3,63,23,56,8.3,8.5,218256,None,Yes,Day Scholar,Yes,6.48,0,1,6.09
STU107723,20,Female,7,CE,83,3.2,71,86,23,8.5,4.2,135837,None,Yes,Day Scholar,Yes,8.33,7,4,7.71
STU107724,21,Female,6,ECE,79,3.7,60,56,27,7.6,2.7,201471,None,No,Hostel,Yes,5.83,0,0,6.54
STU107725,21,Male,7,DS,65,4.7,92,75,97,4.7,7.7,199632,School,No,Hostel,No,5.46,8,3,9.53
STU107726,19,Male,4,ECE,46,8.9,49,46,75,6.3,2.7,128634,Postgraduate,No,Hostel,No,5.7,2,0,8.01
STU107727,19,Female,6,IT,90,8.6,50,21,40,4.1,4.4,223114,Graduate,Yes,Hostel,No,6.72,5,1,7.13
STU107728,21,Male,6,ME,54,4.1,83,34,26,4.0,7.1,260080,School,Yes,Hostel,Yes,6.91,3,2,12
STU107729,22,Male,1,ECE,50,9.5,71,90,86,5.7,7.1,213530,None,No,Day Scholar,Yes,5.17,0,0,8.82
STU107730,23,Male,1,ME,91,5.9,38,35,50,8.8,1.2,156009,Postgraduate,No,Hostel,No,8.37,1,0,7.19
STU107731,24,Male,5,EEE,67,8.2,60,44,29,7.7,1.2,135351,School,Yes,Hostel,Yes,8.0,2,4,7.39
STU107732,19,Male,4,CSE,51,0.3,85,51,45,7.6,7.5,234164,Graduate,Yes,Day Scholar,Yes,7.15,6,4,5.73
STU107733,24,Male,8,CSE,65,1.1,77,95,32,6.9,5.4,198417,School,Yes,Hostel,Yes,5.43,7,3,6.72
STU107734,25,Male,6,DS,50,6.8,38,31,94,7.2,6.5,140521,School,No,Hostel,No,5.98,8,3,7.72
STU107735,21,Female,5,DS,99,4.0,62,32,60,5.4,4.1,274072,None,No,Hostel,No,7.21,1,2,7.75
STU107736,22,Male,1,IT,80,3.5,98,59,66,7.5,2.2,72699,Graduate,No,Hostel,Yes,8.86,1,2,9.17
STU107737,18,Female,7,DS,50,6.0,44,25,29,4.8,0.8,240701,School,Yes,Day Scholar,No,5.86,6,2,5.7
STU107738,25,Male,5,ME,70,9.3,75,37,74,6.1,1.1,288410,Postgraduate,Yes,Day Scholar,No,8.84,6,3,8.99
STU107739,21,Female,8,CSE,94,4.9,89,93,-10,7.9,5.0,148054,School,No,Day Scholar,Yes,5.93,8,1,9.13
STU107740,25,Male,8,ME,80,7.6,50,70,77,4.1,5.5,126329,Postgraduate,No,Day Scholar,Yes,6.64,8,2,8.72
STU107741,25,Male,3,ME,95,5.3,42,25,30,7.5,2.0,230456,School,Yes,Day Scholar,Yes,9.63,0,4,6.18
STU107742,20,Female,3,ME,74,0.4,83,74,36,6.1,2.9,88297,Postgraduate,Yes,Hostel,Yes,5.4,6,0,7.26
STU107743,20,Male,8,EEE,63,2.7,77,88,48,4.7,8.8,292436,Postgraduate,Yes,Day Scholar,Yes,9.29,0,4,7.9
STU107744,18,Female,7,ECE,86,0.6,100,53,38,5.9,2.6,162731,School,Yes,Hostel,Yes,9.47,3,4,6.91
STU107745,22,Male,8,ECE,83,7.4,81,44,71,5.3,2.3,273872,None,No,Day Scholar,No,9.55,5,2,9.33
STU107746,21,Male,6,IT,99,0.3,98,52,35,8.0,3.7,276239,School,Yes,Day Scholar,No,6.74,4,1,6.95
STU107747,20,Male,3,CE,86,2.5,54,98,28,5.2,,207213,Graduate,Yes,Day Scholar,Yes,9.37,0,4,6.67
STU107748,24,Female,2,IT,55,3.4,84,54,67,5.1,0.8,161081,None,No,Day Scholar,No,6.37,8,2,8.52
STU107749,22,Male,5,ME,91,2.9,38,28,94,6.3,8.6,219184,Graduate,No,Day Scholar,Yes,9.77,5,3,8.3
STU107750,24,Female,3,CE,76,0.2,38,96,55,8.2,3.1,200072,Postgraduate,No,hostel,Yes,6.41,0,1,7.62
STU107751,19,Male,7,ECE,,3.1,53,96,100,7.0,1.4,208168,Graduate,No,Day Scholar,Yes,7.81,2,2,9.68
STU107752,22,Male,5,DS,45,2.3,96,45,47,8.6,6.0,286081,School,No,Hostel,Yes,8.04,0,4,5.91
STU107753,25,Male,1,DS,98,6.1,57,23,73,5.0,1.8,205592,Postgraduate,No,Day Scholar,No,7.88,7,4,8.29
STU107754,20,Male,3,ECE,82,4.4,67,25,90,5.6,2.2,81232,None,Yes,Day Scholar,Yes,5.72,7,1,8.62
STU107755,24,Male,3,CE,90,8.6,51,60,90,4.7,1.5,33061,None,Yes,Hostel,No,8.32,1,4,8.94
STU107756,19,Female,6,EEE,86,5.1,38,87,41,5.0,1.2,169215,None,No,Day Scholar,No,7.61,7,3,7.61
STU107757,18,male,7,CE,86,2.9,63,37,58,4.4,5.7,250917,None,No,Day Scholar,Yes,8.23,6,4,7.19
STU107758,21,Female,6,EEE,46,6.7,39,30,77,4.8,5.7,172421,School,No,Day Scholar,No,7.91,6,3,6.99
STU107759,19,Female,7,CSE,88,6.0,48,86,65,5.2,5.3,237017,Postgraduate,Yes,Day Scholar,No,5.52,4,4,8.53
STU107760,22,Female,7,DS,53,0.4,93,63,87,5.0,3.3,190166,Postgraduate,No,Day Scholar,No,8.05,7,3,8.49
STU107761,20,Male,4,CE,53,6.8,88,84,98,5.9,7.8,267033,Graduate,Yes,Hostel,No,8.55,6,1,10
STU107762,24,Female,3,DS,97,1.0,76,150,85,7.0,7.4,183326,School,Yes,Hostel,No,9.25,5,1,8.11
STU107763,18,Female,1,DS,47,6.3,93,59,71,9.0,6.2,88635,School,No,Hostel,No,7.25,6,1,8.14
STU107764,18,Female,6,DS,71,1.4,89,51,30,7.3,8.6,183492,Grad,Yes,Hostel,Yes,6.61,6,1,6.55
STU107765,19,Female,1,ME,48,2.5,57,36,21,8.9,7.7,197692,None,No,hostel,No,5.85,7,1,5.05
STU107766,20,Male,2,ME,91,5.3,81,77,90,8.5,2.2,263573,None,Yes,Day Scholar,Yes,7.76,1,1,10
STU107767,18,Female,6,CE,87,4.6,39,63,84,8.3,4.8,93432,Postgraduate,No,Day Scholar,Yes,8.99,6,4,8.24
STU107768,22,Female,3,ECE,45,7.0,53,78,52,4.0,4.5,26658,School,Yes,Day Scholar,Yes,9.79,3,1,7.04
STU107769,21,Male,1,CE,70,1.5,35,31,74,6.5,8.2,24279,Postgraduate,Yes,Day Scholar,Yes,7.49,8,2,6.2
STU107770,19,Male,7,ECE,79,4.8,68,43,64,8.9,1.4,236478,Graduate,No,Day Scholar,No,7.51,1,2,8.48
STU107771,19,Female,2,DS,96,5.6,44,40,65,8.0,8.2,76848,School,Yes,Day Scholar,Yes,6.87,0,1,7.8
STU107772,19,Male,7,DS,51,1.6,60,82,100,7.1,1.9,148489,None,Yes,Hostel,Yes,8.77,0,4,8.24
STU107773,25,Male,5,ECE,83,5.9,96,61,65,9.0,2.4,78211,Graduate,Yes,Day Scholar,Yes,5.55,7,1,9.88
STU107774,18,Male,9,CE,75,4.7,79,90,79,6.6,1.0,65333,School,Yes,Day Scholar,Yes,6.76,8,4,9.79
STU107775,22,Male,6,IT,54,9.4,75,28,57,7.6,2.6,65493,None,Yes,Day Scholar,Yes,7.06,5,1,8.05
STU107776,19,Female,7,CSE,80,3.6,40,52,74,4.7,6.6,115750,School,No,Day Scholar,No,8.95,3,0,7.11
STU107777,19,Female,6,CE,46,4.9,97,30,64,8.0,6.6,77927,None,Yes,Day Scholar,Yes,8.01,5,1,7.78
STU107778,22,Female,6,CSE,57,6.3,95,20,35,5.3,6.1,91131,None,No,Day Scholar,No,8.23,8,4,6.38
STU107779,22,Female,1,EEE,90,5.2,68,48,77,7.2,3.4,144570,Postgraduate,Yes,Hostel,Yes,7.66,6,0,8.88
STU107780,20,Female,2,IT,55,6.3,52,68,43,5.5,6.1,130251,Postgraduate,No,Hostel,Yes,6.01,1,1,7.17
STU107781,19,Male,7,CE,82,1.4,57,59,33,5.3,1.0,54242,Postgraduate,Yes,Day Scholar,Yes,5.01,2,2,5.62
STU107782,20,Male,5,IT,54,1.6,70,95,29,8.0,7.8,53664,Graduate,No,Hostel,Yes,7.06,7,3,6.27
STU107783,21,Male,7,CSE,,0.4,66,36,35,6.1,2.1,229141,None,Yes,Hostel,No,8.1,8,1,6.18
STU107784,22,Female,6,DS,95,7.0,84,93,23,7.8,5.4,207207,Postgraduate,Yes,Hostel,Yes,5.53,4,3,7.94
STU107785,22,Female,6,EEE,86,0.9,96,27,72,7.6,5.7,49026,School,Y,Hostel,No,5.46,1,1,6.76
STU107786,24,Female,1,IT,67,1.2,40,76,37,8.5,8.6,103596,Postgraduate,Yes,Hostel,No,7.52,8,3,6.71
STU107787,23,Male,5,EEE,59,5.7,99,43,96,5.2,5.6,83802,Postgraduate,No,Day Scholar,Yes,5.93,5,3,9.32
STU107788,18,Male,8,ECE,52,8.9,48,25,97,5.9,8.9,156413,Postgraduate,Yes,Day Scholar,Yes,7.67,3,4,7.36
STU107789,21,Male,5,ECE,86,3.7,65,21,97,7.5,3.5,172902,None,No,Hostel,Yes,8.28,0,3,8.75
STU107790,18,Female,8,ECE,62,1.4,38,51,71,6.3,5.9,170614,Postgraduate,Yes,Day Scholar,Yes,5.43,8,3,6.32
STU107791,18,Male,8,ECE,56,1.6,66,52,36,6.0,1.7,207498,None,Yes,Day Scholar,Yes,9.27,1,?,6.87
STU107792,25,Female,4,CSE,79,5.9,60,93,84,8.1,5.3,120860,Graduate,Yes,Hostel,No,5.72,3,1,8.66
STU107793,20,Female,8,DS,96,6.1,39,76,21,6.8,3.7,131462,None,No,Day Scholar,No,7.37,3,4,6.95
STU107794,23,Male,2,CE,68,4.9,78,21,25,5.0,1.7,98955,Postgraduate,Yes,Hostel,Yes,6.05,3,3,5.99
STU107795,23,Female,4,IT,94,6.1,84,37,91,7.3,5.3,153220,Postgraduate,No,Hostel,No,7.2,3,2,8.82
STU107796,23,Female,2,EEE,72,0.6,59,53,74,8.3,4.0,235340,Graduate,Yes,Day Scholar,No,8.93,5,1,7.25
STU107797,22,Male,5,CE,45,6.3,48,37,40,5.9,8.7,71435,Postgraduate,No,Hostel,Yes,6.09,8,1,6.74
STU107798,18,Male,8,ME,45,1.4,46,63,40,6.4,7.2,44033,School,Yes,Hostel,,7.62,1,1,6.29
STU107799,24,Female,6,ME,56,0.4,48,36,21,5.3,5.9,278579,Graduate,No,Day Scholar,,5.79,8,1,5.39
STU107800,19,Male,4,IT,99,8.0,83,31,85,5.0,5.0,35763,None,No,Day Scholar,No,7.81,0,1,8.8
STU107801,20,Male,3,ECE,47,0.4,73,89,38,6.0,7.9,193912,School,Yes,Hostel,No,7.2,8,1,6.59
STU107802,21,Female,2,CSE,87,8.2,98,69,46,6.3,7.2,158108,Graduate,Yes,Day Scholar,No,6.59,3,0,8.44
STU107803,24,Male,1,IT,92,6.2,40,63,49,4.3,8.1,264093,Graduate,Yes,Day Scholar,Yes,7.6,8,?,7.11
STU107804,19,Female,3,IT,81,9.0,86,74,60,7.5,5.9,280805,Postgraduate,No,Hostel,Yes,6.7,1,3,8.63
,18,Female,2,CE,95,6.9,50,57,43,4.9,7.3,196310,None,Yes,Day Scholar,Yes,7.91,6,4,8.32
STU107806,22,Female,8,ME,46,7.8,92,75,59,7.4,6.7,114640,Postgraduate,Yes,Day Scholar,No,6.76,3,4,8.31
STU107807,22,Female,8,ME,97,3.1,75,71,59,8.6,5.2,216883,Graduate,Yes,Hostel,No,6.36,1,3,8.67
STU107808,25,Male,1,DS,100,8.5,91,88,56,eight,8.9,80357,None,Yes,Hostel,Yes,6.53,0,1,9.85
STU107809,19,Male,2,CSE,67,3.3,53,31,67,4.8,2.4,57467,School,No,Day Scholar,Yes,7.94,1,3,6.84
STU107810,25,Male,4,CSE,67,9.5,96,40,98,7.1,2.4,39156,School,No,Day Scholar,No,6.41,4,2,10
STU107811,23,Female,2,CSE,56,7.0,39,58,73,5.9,2.7,206576,School,Yes,Day Scholar,Yes,9.33,4,4,8.52
STU107812,18,Female,4,ECE,79,9.2,88,39,70,7.6,1.7,225975,Postgraduate,Yes,Day Scholar,No,5.28,2,0,9.38
STU107813,19,Female,5,ECE,75,8.1,98,54,26,8.6,0.9,172879,Graduate,No,Hostel,No,8.0,7,3,8.97
STU107814,21,Male,1,CE,61,9.6,57,38,95,7.3,3.6,27840,Graduate,No,Hostel,Yes,9.57,6,0,9.29
STU107815,25,Male,7,CSE,93,4.4,95,54,81,8.4,5.4,248426,Postgraduate,Yes,Day Scholar,No,8.16,0,1,9.04
STU107816,21,Male,7,IT,98,7.9,70,44,50,8.8,5.2,262515,None,No,Hostel,No,9.65,3,2,9.17
STU107817,18,Female,8,CE,80,6.6,96,100,45,8.1,0.8,285257,Postgraduate,Yes,Day Scholar,Yes,9.6,1,3,9.81
STU107818,22,Female,2,ECE,84,9.6,49,57,59,9.0,2.5,30497,Graduate,Yes,Hostel,Yes,9.62,3,3,8.3
STU107819,24,Male,2,ME,54,7.5,65,95,48,8.3,6.9,202060,School,Yes,Day Scholar,No,9.53,3,1,8.87
STU107820,21,Male,2,ECE,74,4.0,63,27,75,6.6,6.1,167633,Postgraduate,No,Day Scholar,Yes,5.15,1,2,6.75
STU107821,19,Female,8,EEE,56,9.1,57,69,48,7.8,4.9,116999,Graduate,Yes,Day Scholar,Yes,8.27,2,0,8.74
STU107822,19,Male,8,ME,55,4.1,78,58,45,6.5,5.0,196441,Graduate,Yes,Hostel,Yes,5.82,8,0,7.89
STU107823,21,Female,2,CE,98,6.2,36,53,39,4.3,4.7,279187,School,No,Hostel,No,8.88,8,1,8.06
STU107824,24,Male,1,DS,49,3.2,81,66,65,eight,2.0,33062,None,No,Hostel,No,7.87,0,3,7.58
STU107825,18,Female,3,CSE,89,8.2,45,36,35,7.2,7.6,155004,School,No,Day Scholar,No,5.06,8,4,6.71
STU107826,22,Female,7,IT,50,0.2,36,74,84,8.1,3.5,225786,School,Yes,Hostel,No,9.71,8,2,7.57
STU107827,24,Female,6,EEE,94,3.1,62,23,20,8.5,4.9,155385,None,Yes,Hostel,No,7.53,5,3,6.36
STU107828,25,Male,5,CSE,87,3.4,61,23,91,5.1,5.2,unknown,Postgraduate,No,Hostel,Yes,5.06,7,4,7.56
STU107829,25,Male,3,ECE,72,3.5,62,78,90,4.9,7.3,288438,Graduate,No,Day Scholar,No,8.47,4,3,7.85
STU107830,18,Male,7,CE,85,0.3,65,78,67,6.6,4.6,194833,Graduate,Yes,Day Scholar,No,8.54,0,1,8.29
STU107831,24,Male,5,EEE,54,4.4,98,77,41,6.6,5.4,140903,Graduate,No,Day Scholar,No,9.34,2,1,8.0
STU107832,18,Female,2,IT,45,5.9,50,73,28,8.9,8.5,224535,School,Yes,Hostel,No,5.77,2,2,6.29
STU107833,19,Female,9,EEE,77,9.4,86,79,27,6.2,2.1,67943,Graduate,Yes,Day Scholar,No,9.16,0,1,8.57
STU107834,20,Male,4,IT,87,0.1,72,62,48,6.5,5.1,173303,Graduate,No,Hostel,Yes,7.55,7,1,7.99
STU107835,21,Female,1,CSE,92,9.7,41,35,45,7.4,3.3,241459,Graduate,Yes,Day Scholar,No,7.22,3,4,8.12
STU107836,18,Male,8,ECE,94,2.5,N/A,76,65,7.8,8.0,208346,School,Yes,Day Scholar,No,8.82,6,0,8.28
STU107837,20,Male,5,IT,59,2.1,79,72,21,4.1,7.1,165686,Postgraduate,Yes,Hostel,Yes,5.43,5,2,5.33
STU107838,24,Female,2,CSE,87,10.0,56,89,46,7.9,3.8,37551,Postgraduate,No,Hostel,No,8.23,5,1,9.65
STU107839,20,Male,1,ME,63,6.4,49,26,63,5.0,7.2,52261,None,Yes,Hostel,No,6.72,1,4,6.06
STU107840,18,Male,8,ME,48,8.2,44,75,70,5.8,1.1,41231,School,Yes,Day Scholar,No,6.23,2,1,7.77
STU107841,20,Male,2,ME,45,8.2,59,52,48,4.7,5.3,269947,Graduate,Yes,Day Scholar,No,9.03,3,4,6.43
STU107842,19,Male,3,IT,62,1.1,41,41,80,7.3,7.8,37926,School,Yes,Hostel,No,8.19,5,4,7.27
STU107843,25,Male,2,ME,60,0.7,40,35,38,4.2,5.6,268921,None,Yes,Hostel,No,7.38,7,4,5.82
STU107844,19,Female,2,EEE,65,6.7,97,51,91,7.9,2.8,264680,Postgraduate,Yes,Day Scholar,Yes,7.91,8,4,9.16
STU107845,22,Male,8,ECE,78,8.7,52,89,62,4.6,7.8,34678,Postgraduate,Yes,Hostel,No,7.29,-1,4,8.68
STU107846,19,Female,2,EEE,95,8.2,80,59,59,8.1,3.1,266904,Graduate,Y,Hostel,Yes,9.3,3,1,9.75
STU107847,20,Female,7,CSE,72,4.5,71,73,49,4.8,6.1,217549,Graduate,Yes,Day Scholar,No,5.07,4,1,7.03
STU107848,25,Female,3,DS,76,3.4,37,98,40,6.7,6.1,96870,School,No,Hostel,No,8.51,8,1,7.18
STU107849,25,Male,4,CE,95,8.9,72,30,31,4.3,6.2,264736,Postgraduate,Yes,Day Scholar,No,6.51,7,0,7.1
STU107850,25,Female,4,DS,78,4.0,69,59,86,7.4,4.6,47189,Graduate,No,Day Scholar,Yes,7.56,6,0,9.05
STU107851,20,Female,4,ME,79,4.7,92,40,51,6.2,1.1,26751,School,Yes,Day Scholar,Yes,5.16,7,3,7.5
STU107852,22,Male,4,CSE,77,8.2,53,31,78,5.6,0.6,68899,None,No,Hostel,Yes,7.87,2,2,8.85
STU107853,23,Male,5,DS,53,8.6,41,91,37,8.3,2.2,280859,None,Yes,Day Scholar,No,9.34,7,3,8.25
STU107854,24,Female,1,CE,90,0.5,73,74,82,8.5,6.7,259927,Graduate,Yes,Day Scholar,No,5.59,0,0,8.25
STU107855,19,Female,4,CSE,74,6.2,78,52,85,5.4,6.5,201645,Postgraduate,No,Hostel,No,8.03,5,1,9.41
STU107856,20,Female,8,ME,83,5.9,57,23,59,6.7,8.5,128942,School,No,Hostel,Yes,5.68,2,0,7.24
STU107857,22,Female,3,IT,47,1.7,74,75,93,4.7,2.1,292137,School,Yes,Day Scholar,Yes,7.16,7,3,8.33
STU107858,25,Male,2,CSE,65,8.9,59,68,35,8.1,7.0,109859,Graduate,No,Day Scholar,Yes,6.76,8,4,8.37
STU107859,18,Female,2,ECE,51,2.9,94,86,59,4.7,3.7,252028,None,No,Hostel,No,5.66,1,3,6.76
STU107860,21,Female,1,IT,98,3.9,91,34,88,8.5,7.5,200657,Postgraduate,No,Day Scholar,Yes,7.52,2,1,8.86
STU107861,25,Female,3,DS,61,6.5,77,20,54,6.0,1.1,68778,Graduate,Yes,Day Scholar,Yes,9.41,-1,3,7.92
STU107862,25,Male,2,ECE,86,2.6,97,91,27,8.5,1.0,49831,Graduate,Yes,Day Scholar,No,7.82,8,3,8.06
STU107863,18,Male,4,ECE,57,7.8,47,24,83,7.2,6.8,15300,Postgraduate,Yes,Hostel,Yes,8.07,5,3,7.98
STU107864,25,Male,1,ME,51,2.5,57,34,53,5.5,2.6,74841,Postgraduate,Yes,Hostel,Yes,7.64,6,4,5.71
STU107865,18,Male,8,CSE,56,4.5,68,43,21,8.9,4.5,191623,Postgraduate,Yes,Hostel,No,8.17,4,2,6.58
STU107866,18,Male,5,IT,69,0.8,84,69,81,4.3,2.7,112107,Graduate,Yes,Day Scholar,Yes,7.85,0,0,7.45
STU107867,20,Female,3,ECE,55,0.4,35,80,42,5.3,2.8,194003,None,No,Day Scholar,No,5.05,3,0,5.09
STU107868,21,Male,8,DS,47,2.1,65,65,62,4.9,6.1,114600,Postgraduate,No,Hostel,No,5.26,7,0,6.8
STU107869,19,Male,6,CSE,58,4.2,78,97,52,6.3,3.2,16081,Graduate,No,Hostel,No,8.82,5,3,7.69
STU107870,20,Male,3,ME,85,3.9,69,79,46,7.0,1.3,131632,Postgraduate,No,Day Scholar,No,6.88,0,0,7.42
STU107871,22,Male,6,ECE,84,5.5,85,59,42,7.1,8.1,253314,School,No,Hostel,,6.93,2,0,8.35
STU107872,20,Male,8,IT,97,6.1,96,56,87,8.4,2.1,266653,School,No,Hostel,Yes,5.8,6,1,9.96
STU107873,24,Male,1,ME,93,2.0,81,100,53,7.3,3.0,254620,Graduate,No,Hostel,Yes,8.13,6,4,9.44
STU107874,21,Female,4,CE,65,2.7,68,24,71,7.0,5.0,62355,Graduate,No,Day Scholar,No,7.51,5,1,7.14
STU107875,22,Male,5,ME,73,2.8,50,34,53,8.0,7.7,202671,School,No,Day Scholar,Yes,5.22,3,1,6.22
STU107876,20,Female,8,DS,93,9.6,84,60,71,5.3,5.6,279871,Graduate,No,Day Scholar,No,9.03,7,3,10
STU107877,19,Female,7,ME,51,5.3,81,51,67,7.6,6.7,145496,School,Yes,Hostel,No,9.57,4,2,8.36
STU107878,25,Female,3,IT,86,6.6,85,33,91,7.2,1.6,271400,School,No,Hostel,No,8.85,2,2,9.95
STU107879,21,Male,9,EEE,70,0.8,82,39,77,7.3,4.8,120489,Postgraduate,Yes,Hostel,No,8.97,2,4,7.07
STU107880,21,Male,1,IT,54,8.0,85,54,82,5.7,6.4,181673,Postgraduate,Yes,Hostel,Yes,6.18,6,4,8.27
STU107881,19,Female,1,DS,,8.2,81,100,94,5.5,8.4,173860,School,No,Day Scholar,No,8.38,5,4,9.58
STU107882,24,Male,2,CE,47,3.9,51,24,78,6.1,1.3,212467,School,No,Day Scholar,No,6.62,6,1,7.06
STU107883,22,Female,6,ME,69,5.4,99,98,42,5.5,3.7,174098,Graduate,No,Hostel,Yes,5.35,5,0,7.8
STU107884,25,Female,1,EEE,70,7.8,100,81,70,4.3,4.0,242155,Graduate,Yes,Day Scholar,No,7.93,6,0,10
STU107885,19,Male,5,IT,59,8.5,78,77,89,8.2,6.6,231819,Graduate,Yes,Hostel,No,8.9,3,2,9.08
STU107886,23,Male,6,CE,75,8.6,53,55,21,6.9,8.7,135936,None,No,Hostel,No,7.98,2,0,7.64
STU107887,22,Female,8,ME,92,4.5,91,77,70,4.7,1.0,162633,Graduate,Yes,Hostel,Yes,9.36,7,2,9.38
STU107888,23,Male,2,IT,60,2.1,87,38,53,7.9,2.9,182547,Postgraduate,No,Day Scholar,No,7.37,0,0,7.27
STU107889,21,Male,8,IT,46,7.8,45,71,54,6.4,4.8,218789,Graduate,Yes,Hostel,No,6.34,5,2,6.93
STU107890,22,Male,3,EEE,94,9.0,60,65,28,4.7,7.0,74055,Graduate,No,Hostel,Yes,9.02,4,0,8.58
STU107891,21,Female,6,IT,66,5.9,78,79,88,6.7,7.2,160205,School,No,Hostel,Yes,5.88,6,0,9.67
STU107892,18,Female,2,DS,95,6.4,98,96,56,5.3,2.1,70492,Graduate,Yes,Hostel,Yes,7.63,1,4,8.86
STU107893,22,Female,1,EEE,71,3.9,49,31,73,5.0,9.0,270476,Graduate,No,Hostel,No,9.66,4,4,6.36
STU107894,20,Female,1,ME,76,2.0,43,72,66,4.3,1.9,253007,None,No,Day Scholar,Yes,7.97,0,2,7.67
STU107895,19,Male,5,ECE,49,9.1,36,29,22,8.7,4.6,259500,School,Yes,Hostel,Yes,9.6,0,2,6.36
STU107896,19,Female,8,CE,72,4.4,35,44,83,7.5,2.9,61102,None,No,Hostel,No,5.05,0,3,6.6
STU107897,25,Male,8,ECE,100,5.7,80,99,96,4.4,1.1,225606,School,No,Hostel,No,6.58,3,0,10
STU107898,23,Female,3,EEE,61,0.7,77,27,94,7.0,1.3,66846,None,No,Day Scholar,No,6.75,8,3,7.73
STU107899,25,Female,8,DS,49,2.4,75,20,45,8.2,6.7,181371,School,No,Day Scholar,Yes,6.12,6,3,6.49
STU107900,24,Female,5,ECE,82,9.8,82,83,95,8.0,3.8,284207,School,No,Day Scholar,No,5.11,7,1,10
STU107901,21,Male,2,CE,97,1.4,45,79,26,5.8,7.9,53150,School,Yes,Day Scholar,Yes,8.28,2,4,5.76
STU107902,22,Female,7,IT,77,0.3,81,84,96,6.9,7.5,49510,Postgraduate,Yes,Hostel,Yes,6.57,8,0,8.65
STU107903,20,Female,8,DS,87,2.1,58,94,65,5.3,4.1,15818,Graduate,No,Day Scholar,No,8.61,6,4,8.84
STU107904,23,Female,6,DS,74,0.0,83,41,35,8.8,7.4,155929,Postgraduate,No,Hostel,No,8.42,6,3,6.56
STU107905,18,Female,3,ECE,65,2.9,68,44,91,8.7,1.8,241415,None,Yes,Day Scholar,No,8.69,2,1,8.79
STU107906,22,Male,5,IT,71,2.3,44,38,66,8.6,5.9,127935,School,No,Hostel,No,5.37,2,4,6.13
STU107907,18,Male,8,ME,55,8.4,95,82,60,8.5,3.4,45134,Postgraduate,No,Day Scholar,Yes,6.67,7,0,9.34
STU107908,24,Female,7,IT,96,8.4,55,76,52,4.2,4.0,26537,None,No,Hostel,Yes,6.72,1,1,8.0
STU107909,25,Male,5,ME,46,2.1,69,82,71,6.1,3.7,170003,None,Yes,Hostel,Yes,9.51,5,1,8.69
STU107910,22,Male,1,IT,98,1.0,60,95,43,6.5,0.5,149342,None,No,Hostel,No,8.58,0,3,8.16
STU107911,25,Male,5,DS,73,7.4,N/A,79,42,7.4,3.3,151235,School,No,Day Scholar,No,5.78,0,2,7.97
STU107912,20,Male,5,CE,51,5.2,67,49,62,4.5,2.8,136769,School,Yes,Day Scholar,No,8.15,0,2,6.48
STU107913,20,Female,3,DS,49,2.3,78,91,57,8.4,8.6,187928,None,Yes,Hostel,No,9.65,5,1,8.25
STU107914,23,Male,8,EEE,72,2.0,51,43,57,9.0,5.2,281887,Graduate,No,Day Scholar,No,5.0,7,3,6.82
STU107915,24,Male,5,EEE,89,2.1,96,52,72,7.2,8.8,225550,Postgraduate,No,Day Scholar,No,6.25,6,3,7.75
STU107916,24,Male,4,ME,99,1.3,51,74,95,4.5,7.4,216709,School,No,Day Scholar,No,9.76,5,3,9.16
STU107917,21,Female,5,DS,56,7.2,99,64,93,5.5,2.8,166585,Postgraduate,Yes,Hostel,No,8.54,6,3,9.76
STU107918,21,Female,1,EEE,64,4.4,70,84,83,6.0,4.8,17225,School,No,Day Scholar,Yes,8.83,3,4,8.1
STU107919,22,Female,2,EEE,79,9.8,46,94,97,6.2,7.8,296861,School,No,Hostel,No,7.59,0,2,9.31
STU107920,21,Female,8,ME,73,9.0,73,20,72,4.9,6.0,152958,None,No,Day Scholar,No,7.69,2,3,8.19
STU107921,25,Male,7,ME,83,2.7,57,36,79,7.7,1.1,33372,None,No,Hostel,No,5.67,4,2,6.97
STU107922,25,Male,3,IT,79,1.8,84,88,40,6.1,4.8,111392,None,Yes,Hostel,No,8.65,7,0,7.83
STU107923,18,Female,4,CSE,96,9.8,35,64,55,6.5,5.0,173185,School,No,Day Scholar,Yes,9.11,2,0,9.32
STU107924,19,Female,5,ME,99,1.4,40,67,39,8.9,5.6,120009,Postgraduate,Yes,Hostel,Yes,5.64,5,4,7.34
STU107925,21,Female,2,CE,55,9.3,90,23,91,7.2,5.8,250821,Graduate,Yes,Hostel,No,6.4,0,0,8.37
STU107926,18,Female,5,ECE,45,0.6,44,52,62,4.7,6.2,259847,Postgraduate,No,Day Scholar,No,7.97,6,3,6.69
STU107927,18,Male,4,CSE,86,2.0,N/A,25,33,4.6,2.0,269428,School,No,Hostel,No,7.44,4,0,6.25
STU107928,18,Male,3,ME,89,7.8,67,72,30,7.6,1.2,192731,Graduate,Yes,Day Scholar,Yes,9.73,2,2,8.15
STU107929,22,Female,8,CSE,78,0.2,59,52,57,4.1,7.8,127983,Postgraduate,No,Hostel,No,7.91,8,3,6.77
STU107930,20,Female,4,DS,72,0.6,69,24,35,7.8,3.3,272366,Postgraduate,No,Hostel,No,9.79,2,1,6.73
STU107931,21,Female,5,EEE,,9.4,61,31,100,4.1,4.2,69739,Postgraduate,No,Hostel,Yes,9.29,5,0,9.8
STU107932,25,Female,3,IT,83,6.9,82,83,43,4.1,6.9,85399,Postgraduate,Yes,Hostel,Yes,7.12,0,0,7.67
STU107933,23,Male,5,ME,46,2.7,94,94,33,4.2,5.8,268577,Postgraduate,Yes,Day Scholar,No,6.09,5,2,7.66
STU107934,24,Female,1,DS,88,7.0,72,32,37,6.5,7.6,129725,Graduate,Yes,Hostel,Yes,7.74,6,3,6.73
STU107935,23,Female,5,IT,98,7.0,95,66,21,4.8,6.7,116000,Graduate,No,Day Scholar,No,5.7,0,4,7.11
STU107936,19,Male,1,CE,75,3.8,81,33,28,5.8,3.0,193170,None,Yes,Day Scholar,No,6.17,1,3,6.57
STU107937,22,Male,1,ECE,99,8.4,80,98,59,7.6,2.1,22486,Postgraduate,Yes,Hostel,No,6.26,6,0,9.52
STU107938,23,Female,7,ME,48,5.9,81,75,74,5.8,2.4,224722,Graduate,No,Day Scholar,No,7.67,7,3,9.31
STU107939,18,Female,5,ECE,78,6.1,53,94,95,4.7,3.8,52049,None,Yes,Day Scholar,No,5.9,4,3,9.5
STU107940,20,Male,1,EEE,51,3.0,73,81,46,6.1,5.4,286204,School,No,Hostel,No,8.98,-1,2,7.14
STU107941,21,Female,6,DS,68,3.6,47,99,64,7.9,2.7,33626,None,No,Day Scholar,No,5.87,2,2,7.14
STU107942,21,Male,1,ECE,99,3.8,52,58,81,4.3,1.5,252347,Postgraduate,Yes,Hostel,No,6.5,0,2,8.6
STU107943,23,Female,8,EEE,86,4.4,80,20,90,5.4,6.8,214211,Postgraduate,No,Day Scholar,Yes,9.05,7,1,8.31
STU107944,21,Female,2,CE,94,5.8,100,84,63,6.1,8.8,103507,None,Yes,Day Scholar,No,5.02,0,1,8.54
STU107945,21,Male,6,DS,54,5.3,77,24,87,6.8,1.7,113848,School,No,Day Scholar,Yes,5.96,8,1,7.69
STU107946,21,Male,5,CE,88,4.6,69,34,52,8.2,0.6,143498,School,Yes,Hostel,Yes,8.32,2,0,7.73
STU107947,21,Female,4,IT,55,2.8,77,87,77,8.6,3.8,151208,School,No,Day Scholar,No,5.55,4,1,7.83
STU107948,24,Female,8,IT,51,6.7,53,96,50,6.5,8.7,61036,School,No,Hostel,No,8.83,2,0,7.71
STU107949,18,Male,3,CSE,47,5.0,71,85,77,7.7,,130538,School,Yes,Hostel,Yes,9.06,7,0,8.58
STU107950,19,Female,7,CSE,52,4.4,44,87,27,4.1,4.6,225495,None,No,Day Scholar,No,7.22,0,1,6.08
STU107951,22,Female,2,IT,89,9.0,61,32,96,4.0,5.2,129313,School,Yes,Day Scholar,Yes,7.16,3,4,8.96
STU107952,18,Male,4,CSE,99,5.0,56,20,37,5.6,1.0,180203,Postgraduate,No,Hostel,Yes,6.21,2,0,7.05
STU107953,23,Female,8,DS,88,9.9,58,94,94,4.7,6.5,270483,Graduate,Yes,Hostel,Yes,6.68,4,4,9.2
STU107954,25,Female,1,IT,93,7.4,91,150,70,5.4,4.7,83411,None,Yes,Day Scholar,No,7.31,0,3,9.25
STU107955,21,Female,6,CSE,85,8.4,76,53,51,7.5,5.2,50587,Postgraduate,Yes,Day Scholar,No,8.89,6,4,9.47
STU107956,18,Female,3,ECE,85,5.4,50,21,81,5.0,7.6,250959,Graduate,No,Day Scholar,Yes,7.72,4,4,6.68
STU107957,18,Female,1,IT,53,5.1,71,89,22,8.3,8.5,157417,Graduate,Yes,Hostel,Yes,6.17,7,1,7.65
STU107958,22,Female,8,ECE,68,7.6,84,43,38,6.9,2.8,16488,Graduate,No,Day Scholar,Yes,8.95,1,4,7.47
STU107959,23,Male,1,DS,98,4.0,56,43,100,7.6,2.3,229604,Postgraduate,Yes,Day Scholar,Yes,8.24,6,0,8.73
STU107960,23,Male,2,ECE,95,6.6,97,28,43,7.6,2.7,223797,Graduate,No,Hostel,No,6.32,-1,2,8.26
STU107961,24,Female,7,CE,73,7.6,73,67,98,5.7,1.3,34516,Grad,No,Hostel,No,6.43,4,0,9.83
STU107962,19,Male,3,ME,94,5.2,41,93,23,5.6,5.1,260597,None,Yes,Day Scholar,No,6.52,5,1,6.66
STU107963,18,Female,4,CSE,93,9.3,78,69,20,4.6,1.8,56429,Graduate,No,Hostel,Yes,6.13,5,0,8.14
STU107964,20,Male,1,ME,66,7.9,88,95,54,8.9,5.1,71345,School,Yes,Day Scholar,Yes,8.22,0,2,9.24
STU107965,21,Male,1,CSE,68,8.6,72,59,68,4.3,5.1,125911,Postgraduate,Yes,Day Scholar,No,5.03,5,3,7.49
STU107966,23,Female,7,EEE,47,10.0,56,43,20,5.0,5.5,253372,None,No,Day Scholar,No,9.47,8,4,7.53
STU107967,19,Male,3,ECE,100,0.0,77,39,-10,8.9,8.8,252882,Graduate,Yes,Hostel,Yes,8.67,4,4,7.75
STU107968,21,male,4,EEE,87,9.1,54,72,67,7.5,2.0,68943,Postgraduate,No,Hostel,No,8.17,3,0,9.27
STU107969,20,Female,3,DS,63,7.9,78,91,88,6.9,0.9,198528,Postgraduate,No,Day Scholar,Yes,5.96,4,1,9.86
STU107970,18,Male,1,CE,83,5.8,95,96,76,6.9,0.6,158407,School,Yes,Hostel,Yes,5.9,2,3,9.78
STU107971,21,Male,4,IT,87,4.5,59,90,63,7.6,6.9,296253,None,Yes,Hostel,No,6.37,5,3,8.23
STU107972,22,Female,8,CSE,75,2.6,85,83,42,6.9,4.9,216832,None,Yes,Hostel,No,8.34,6,4,7.44
STU107973,22,Female,4,CE,98,1.4,99,42,90,6.1,8.0,48835,School,No,Day Scholar,Yes,5.69,2,3,8.75
STU107974,20,Female,9,EEE,80,7.8,36,47,71,6.3,5.5,283834,Postgraduate,Yes,Day Scholar,Yes,9.77,3,1,8.89
STU107975,21,Female,2,CSE,51,6.1,59,25,68,6.0,5.5,109470,Graduate,No,Day Scholar,Yes,6.51,0,0,7.23
STU107976,21,Female,6,CE,48,6.0,72,30,71,8.1,7.0,199858,Postgraduate,Yes,Day Scholar,No,5.14,2,3,6.43
STU107977,22,Male,7,ECE,91,2.4,44,28,54,8.1,2.1,60918,Postgraduate,No,Hostel,Yes,9.45,4,4,6.99
STU107978,24,Male,1,EEE,78,7.8,88,76,72,4.6,7.9,278939,None,Yes,Day Scholar,No,9.37,1,1,9.7
STU107979,18,Female,6,ME,57,1.7,54,59,92,4.3,4.6,258991,Graduate,No,Hostel,Yes,9.09,1,4,7.75
STU107980,23,Female,1,DS,55,9.4,45,82,95,6.0,8.1,100382,School,No,Hostel,Yes,9.11,7,1,9.52
STU107981,21,Female,7,IT,97,7.5,68,77,75,4.3,2.2,155098,Postgraduate,Yes,Day Scholar,Yes,7.75,3,4,8.47
STU107982,24,Female,5,ECE,52,6.6,66,39,81,6.8,1.4,182085,School,Yes,Day Scholar,No,8.03,1,3,7.15
STU107983,20,Male,4,CSE,67,6.9,54,52,65,6.0,1.1,217061,None,No,Hostel,Yes,6.64,6,0,7.67
STU107984,23,Female,4,CE,46,9.1,88,81,23,7.8,6.7,172687,None,No,Hostel,,9.3,2,3,8.03
STU107985,21,Female,2,CSE,86,8.5,94,64,65,4.7,2.5,24570,Postgraduate,Yes,Hostel,No,9.32,8,2,10
STU107986,18,Male,6,CSE,53,3.9,83,70,52,6.5,6.8,208154,School,No,Hostel,No,8.21,7,0,8.14
STU107987,21,Male,6,ECE,70,9.9,53,33,25,7.3,8.9,258087,None,No,Day Scholar,No,5.4,1,4,6.21
STU107988,24,Female,3,IT,75,1.7,55,55,64,6.6,7.6,247106,Postgraduate,Yes,Hostel,No,8.96,8,3,8.21
STU107989,20,Female,6,EEE,53,8.6,76,69,77,8.5,2.4,44201,None,No,Hostel,No,8.11,7,1,10
STU107990,25,Male,7,CE,73,2.5,59,68,82,4.8,7.0,40597,Graduate,Yes,Day Scholar,No,7.51,2,2,7.84
STU107991,24,Female,7,CE,87,8.3,69,69,32,8.9,7.4,129207,School,No,Day Scholar,Yes,9.04,3,0,8.27
STU107992,20,Male,5,CE,49,3.2,53,60,27,6.5,3.9,219289,School,No,Day Scholar,Yes,5.84,1,1,6.04
STU107993,22,Female,5,ECE,89,2.1,37,34,25,7.2,7.7,97484,Postgraduate,Yes,Hostel,No,5.29,0,4,4.92
STU107994,18,Female,2,IT,98,6.1,83,81,71,7.4,3.7,290099,Postgraduate,Yes,hostel,No,8.88,3,4,9.14
STU107995,24,Male,4,DS,69,9.3,87,31,97,6.1,0.5,155859,Postgraduate,No,Hostel,No,5.61,6,2,9.3
STU107996,23,Female,8,ME,79,1.4,69,56,94,4.4,5.3,99344,None,No,Day Scholar,Yes,6.01,3,0,7.53
STU107997,21,Male,6,IT,68,6.6,38,41,65,6.1,4.6,27438,None,Yes,Hostel,No,9.38,3,0,8.19
STU107998,22,Female,4,ECE,49,3.5,69,42,74,eight,2.6,269995,School,No,Day Scholar,Yes,7.63,3,1,7.09
STU107999,25,Male,1,CSE,75,2.4,51,25,56,7.6,8.4,171573,School,Yes,Hostel,No,8.74,7,3,7.25
STU108000,19,Female,7,IT,52,1.3,45,25,53,5.2,8.0,188603,School,Yes,Hostel,No,7.89,8,4,6.21
